============================================================
[2026/10/05 10:51:58,33] CAPTURE + SYNC START
[2026/10/05 10:51:58,34] CAPTURE + SYNC COMPLETE
============================================================
------------------------------------------------------------
Starting SEO_SERP_Monitor_aviator...
============================================================
[2026/10/05 10:59:51,70] CAPTURE + SYNC START
[2026/10/05 10:59:51,72] CAPTURE + SYNC COMPLETE
============================================================
------------------------------------------------------------
Starting SEO_SERP_Monitor_aviator...
============================================================
[2026/10/05 11:00:04,34] CAPTURE + SYNC START
[2026/10/05 11:00:04,55] CAPTURE + SYNC COMPLETE
============================================================
------------------------------------------------------------
Starting SEO_SERP_Monitor_aviator...
2026-10-05 10:59:53,210 [INFO] Capture attempt 1/4 | keyword=Aviator | scheduled=2026-10-05T10:59:53.210332+02:00
2026-10-05 10:59:53,210 [INFO] ============================================================
2026-10-05 10:59:53,210 [INFO] Run start: 2026-10-05T10:59:53.210332+02:00 | keyword=Aviator
2026-10-05 10:59:53,212 [INFO] Starting Playwright with dedicated SERP Chrome profile: C:\Users\WandileK\OneDrive - HollywoodBets\Desktop\serp_monitor_app\scripts\serp_chrome_profile_aviator
2026-10-05 10:59:53,212 [INFO] Headless mode: False
2026-10-05 10:59:55,000 [INFO] Persistent Chrome context ready.
2026-10-05 10:59:55,163 [INFO] GET https://www.google.com/search?q=Aviator&hl=en&gl=za&num=10&pws=0
2026-10-05 10:59:58,606 [INFO] SERP loaded.
2026-10-05 10:59:58,615 [INFO] Visible h3 result titles: 10
2026-10-05 11:00:01,027 [INFO] Rank 1 | betway.co.za | Betway
2026-10-05 11:00:02,846 [INFO] Rank 2 | takealot.com | The Aviator | Shop Today. Get it Tomorrow!
2026-10-05 11:00:05,420 [INFO] Rank 3 | facebook.com | Aviator: The Game That Took Everything | Zimbabwe's Hidden ...
SEO_SERP_Monitor_aviator completed successfully.
------------------------------------------------------------
Starting SEO_SERP_Monitor_lucky_numbers...
2026-10-05 10:59:53,210 [INFO] Capture attempt 1/4 | keyword=Aviator | scheduled=2026-10-05T10:59:53.210332+02:00
2026-10-05 10:59:53,210 [INFO] ============================================================
2026-10-05 10:59:53,210 [INFO] Run start: 2026-10-05T10:59:53.210332+02:00 | keyword=Aviator
2026-10-05 10:59:53,212 [INFO] Starting Playwright with dedicated SERP Chrome profile: C:\Users\WandileK\OneDrive - HollywoodBets\Desktop\serp_monitor_app\scripts\serp_chrome_profile_aviator
2026-10-05 10:59:53,212 [INFO] Headless mode: False
2026-10-05 10:59:55,000 [INFO] Persistent Chrome context ready.
2026-10-05 10:59:55,163 [INFO] GET https://www.google.com/search?q=Aviator&hl=en&gl=za&num=10&pws=0
2026-10-05 10:59:58,606 [INFO] SERP loaded.
2026-10-05 10:59:58,615 [INFO] Visible h3 result titles: 10
2026-10-05 11:00:01,027 [INFO] Rank 1 | betway.co.za | Betway
2026-10-05 11:00:02,846 [INFO] Rank 2 | takealot.com | The Aviator | Shop Today. Get it Tomorrow!
2026-10-05 11:00:05,420 [INFO] Rank 3 | facebook.com | Aviator: The Game That Took Everything | Zimbabwe's Hidden ...
SEO_SERP_Monitor_lucky_numbers completed successfully.
------------------------------------------------------------
Starting SEO_SERP_Monitor_online_slots...
2026-10-05 10:59:53,210 [INFO] Capture attempt 1/4 | keyword=Aviator | scheduled=2026-10-05T10:59:53.210332+02:00
2026-10-05 10:59:53,210 [INFO] ============================================================
2026-10-05 10:59:53,210 [INFO] Run start: 2026-10-05T10:59:53.210332+02:00 | keyword=Aviator
2026-10-05 10:59:53,212 [INFO] Starting Playwright with dedicated SERP Chrome profile: C:\Users\WandileK\OneDrive - HollywoodBets\Desktop\serp_monitor_app\scripts\serp_chrome_profile_aviator
2026-10-05 10:59:53,212 [INFO] Headless mode: False
2026-10-05 10:59:55,000 [INFO] Persistent Chrome context ready.
2026-10-05 10:59:55,163 [INFO] GET https://www.google.com/search?q=Aviator&hl=en&gl=za&num=10&pws=0
2026-10-05 10:59:58,606 [INFO] SERP loaded.
2026-10-05 10:59:58,615 [INFO] Visible h3 result titles: 10
2026-10-05 11:00:01,027 [INFO] Rank 1 | betway.co.za | Betway
2026-10-05 11:00:02,846 [INFO] Rank 2 | takealot.com | The Aviator | Shop Today. Get it Tomorrow!
2026-10-05 11:00:05,420 [INFO] Rank 3 | facebook.com | Aviator: The Game That Took Everything | Zimbabwe's Hidden ...
SEO_SERP_Monitor_online_slots completed successfully.
------------------------------------------------------------
Starting SEO_SERP_Monitor_soccer_betting...
2026-10-05 10:59:53,210 [INFO] Capture attempt 1/4 | keyword=Aviator | scheduled=2026-10-05T10:59:53.210332+02:00
2026-10-05 10:59:53,210 [INFO] ============================================================
2026-10-05 10:59:53,210 [INFO] Run start: 2026-10-05T10:59:53.210332+02:00 | keyword=Aviator
2026-10-05 10:59:53,212 [INFO] Starting Playwright with dedicated SERP Chrome profile: C:\Users\WandileK\OneDrive - HollywoodBets\Desktop\serp_monitor_app\scripts\serp_chrome_profile_aviator
2026-10-05 10:59:53,212 [INFO] Headless mode: False
2026-10-05 10:59:55,000 [INFO] Persistent Chrome context ready.
2026-10-05 10:59:55,163 [INFO] GET https://www.google.com/search?q=Aviator&hl=en&gl=za&num=10&pws=0
2026-10-05 10:59:58,606 [INFO] SERP loaded.
2026-10-05 10:59:58,615 [INFO] Visible h3 result titles: 10
2026-10-05 11:00:01,027 [INFO] Rank 1 | betway.co.za | Betway
2026-10-05 11:00:02,846 [INFO] Rank 2 | takealot.com | The Aviator | Shop Today. Get it Tomorrow!
2026-10-05 11:00:05,420 [INFO] Rank 3 | facebook.com | Aviator: The Game That Took Everything | Zimbabwe's Hidden ...
SEO_SERP_Monitor_soccer_betting completed successfully.
Starting Excel to PostgreSQL sync...
Traceback (most recent call last):
  File "C:\Users\WandileK\OneDrive - HollywoodBets\Desktop\serp_monitor_app\scripts\sync_excel.py", line 15, in <module>
    from app.models import Capture, Keyword, SerpResult  # noqa: E402
    ^^^^^^^^^^^^^^^^^^^^^^^^^^^^^^^^^^^^^^^^^^^^^^^^^^^
  File "C:\Users\WandileK\OneDrive - HollywoodBets\Desktop\serp_monitor_app\backend\app\models.py", line 5, in <module>
    from .db import Base
  File "C:\Users\WandileK\OneDrive - HollywoodBets\Desktop\serp_monitor_app\backend\app\db.py", line 11, in <module>
    settings = get_settings()
               ^^^^^^^^^^^^^^
  File "C:\Users\WandileK\OneDrive - HollywoodBets\Desktop\serp_monitor_app\backend\app\config.py", line 24, in get_settings
    return Settings()
           ^^^^^^^^^^
  File "C:\Users\WandileK\AppData\Local\Packages\PythonSoftwareFoundation.Python.3.12_qbz5n2kfra8p0\LocalCache\local-packages\Python312\site-packages\pydantic_settings\main.py", line 262, in __init__
    super().__init__(**__pydantic_self__.__class__._settings_build_values(sources, init_kwargs))
  File "C:\Users\WandileK\AppData\Local\Packages\PythonSoftwareFoundation.Python.3.12_qbz5n2kfra8p0\LocalCache\local-packages\Python312\site-packages\pydantic\main.py", line 263, in __init__
    validated_self = self.__pydantic_validator__.validate_python(data, self_instance=self)
                     ^^^^^^^^^^^^^^^^^^^^^^^^^^^^^^^^^^^^^^^^^^^^^^^^^^^^^^^^^^^^^^^^^^^^^
pydantic_core._pydantic_core.ValidationError: 1 validation error for Settings
database_url
  Field required [type=missing, input_value={}, input_type=dict]
    For further information visit https://errors.pydantic.dev/2.13/v/missing
ERROR: Excel to PostgreSQL sync failed.
============================================================
[2026/10/05 11:00:21,17] CAPTURE + SYNC FINISHED WITH ERRORS
============================================================
============================================================
[2026/10/05 11:01:58,81] CAPTURE + SYNC START
[2026/10/05 11:01:58,83] CAPTURE + SYNC COMPLETE
============================================================
------------------------------------------------------------
Starting SEO_SERP_Monitor_aviator...
============================================================
[2026/10/05 11:02:41,64] CAPTURE + SYNC START
[2026/10/05 11:02:41,67] CAPTURE + SYNC COMPLETE
============================================================
------------------------------------------------------------
Starting SEO_SERP_Monitor_aviator...
2026-10-05 11:02:00,730 [INFO] Capture attempt 1/4 | keyword=Aviator | scheduled=2026-10-05T11:02:00.730573+02:00
2026-10-05 11:02:00,731 [INFO] ============================================================
2026-10-05 11:02:00,731 [INFO] Run start: 2026-10-05T11:02:00.730573+02:00 | keyword=Aviator
2026-10-05 11:02:00,732 [INFO] Starting Playwright with dedicated SERP Chrome profile: C:\Users\WandileK\OneDrive - HollywoodBets\Desktop\serp_monitor_app\scripts\serp_chrome_profile_aviator
2026-10-05 11:02:00,732 [INFO] Headless mode: False
2026-10-05 11:02:02,502 [INFO] Persistent Chrome context ready.
2026-10-05 11:02:02,750 [INFO] GET https://www.google.com/search?q=Aviator&hl=en&gl=za&num=10&pws=0
2026-10-05 11:02:04,346 [INFO] SERP loaded.
2026-10-05 11:02:04,356 [INFO] Visible h3 result titles: 8
2026-10-05 11:02:07,558 [INFO] Rank 1 | facebook.com | Aviator: The Game That Took Everything | Zimbabwe's Hidden ...
2026-10-05 11:02:10,510 [INFO] Organic extracted: 1
2026-10-05 11:02:10,510 [WARNING] Only 1 organic results were extracted; minimum is 5.
2026-10-05 11:02:10,510 [ERROR] Run failed: Only 1 valid organic results were extracted; minimum required is 5.
2026-10-05 11:02:10,511 [ERROR] Traceback (most recent call last):
  File "C:\Users\WandileK\OneDrive - HollywoodBets\Desktop\serp_monitor_app\scripts\SEO_SERP_Monitor_Aviator.py", line 2128, in _run_once_attempt
    raise RuntimeError(
RuntimeError: Only 1 valid organic results were extracted; minimum required is 5.

Run failed: Only 1 valid organic results were extracted; minimum required is 5.
2026-10-05 11:02:11,258 [INFO] Browser closed.
2026-10-05 11:02:11,263 [WARNING] Could not write capture status: "There is no item named '[Content_Types].xml' in the archive"
2026-10-05 11:02:11,266 [WARNING] Aviator capture not accepted. Retrying in 15 minutes at approximately 2026-10-05 11:17:11.
SEO_SERP_Monitor_aviator completed successfully.
------------------------------------------------------------
Starting SEO_SERP_Monitor_lucky_numbers...
2026-10-05 11:02:00,730 [INFO] Capture attempt 1/4 | keyword=Aviator | scheduled=2026-10-05T11:02:00.730573+02:00
2026-10-05 11:02:00,731 [INFO] ============================================================
2026-10-05 11:02:00,731 [INFO] Run start: 2026-10-05T11:02:00.730573+02:00 | keyword=Aviator
2026-10-05 11:02:00,732 [INFO] Starting Playwright with dedicated SERP Chrome profile: C:\Users\WandileK\OneDrive - HollywoodBets\Desktop\serp_monitor_app\scripts\serp_chrome_profile_aviator
2026-10-05 11:02:00,732 [INFO] Headless mode: False
2026-10-05 11:02:02,502 [INFO] Persistent Chrome context ready.
2026-10-05 11:02:02,750 [INFO] GET https://www.google.com/search?q=Aviator&hl=en&gl=za&num=10&pws=0
2026-10-05 11:02:04,346 [INFO] SERP loaded.
2026-10-05 11:02:04,356 [INFO] Visible h3 result titles: 8
2026-10-05 11:02:07,558 [INFO] Rank 1 | facebook.com | Aviator: The Game That Took Everything | Zimbabwe's Hidden ...
2026-10-05 11:02:10,510 [INFO] Organic extracted: 1
2026-10-05 11:02:10,510 [WARNING] Only 1 organic results were extracted; minimum is 5.
2026-10-05 11:02:10,510 [ERROR] Run failed: Only 1 valid organic results were extracted; minimum required is 5.
2026-10-05 11:02:10,511 [ERROR] Traceback (most recent call last):
  File "C:\Users\WandileK\OneDrive - HollywoodBets\Desktop\serp_monitor_app\scripts\SEO_SERP_Monitor_Aviator.py", line 2128, in _run_once_attempt
    raise RuntimeError(
RuntimeError: Only 1 valid organic results were extracted; minimum required is 5.

Run failed: Only 1 valid organic results were extracted; minimum required is 5.
2026-10-05 11:02:11,258 [INFO] Browser closed.
2026-10-05 11:02:11,263 [WARNING] Could not write capture status: "There is no item named '[Content_Types].xml' in the archive"
2026-10-05 11:02:11,266 [WARNING] Aviator capture not accepted. Retrying in 15 minutes at approximately 2026-10-05 11:17:11.
SEO_SERP_Monitor_lucky_numbers completed successfully.
------------------------------------------------------------
Starting SEO_SERP_Monitor_online_slots...
2026-10-05 11:02:00,730 [INFO] Capture attempt 1/4 | keyword=Aviator | scheduled=2026-10-05T11:02:00.730573+02:00
2026-10-05 11:02:00,731 [INFO] ============================================================
2026-10-05 11:02:00,731 [INFO] Run start: 2026-10-05T11:02:00.730573+02:00 | keyword=Aviator
2026-10-05 11:02:00,732 [INFO] Starting Playwright with dedicated SERP Chrome profile: C:\Users\WandileK\OneDrive - HollywoodBets\Desktop\serp_monitor_app\scripts\serp_chrome_profile_aviator
2026-10-05 11:02:00,732 [INFO] Headless mode: False
2026-10-05 11:02:02,502 [INFO] Persistent Chrome context ready.
2026-10-05 11:02:02,750 [INFO] GET https://www.google.com/search?q=Aviator&hl=en&gl=za&num=10&pws=0
2026-10-05 11:02:04,346 [INFO] SERP loaded.
2026-10-05 11:02:04,356 [INFO] Visible h3 result titles: 8
2026-10-05 11:02:07,558 [INFO] Rank 1 | facebook.com | Aviator: The Game That Took Everything | Zimbabwe's Hidden ...
2026-10-05 11:02:10,510 [INFO] Organic extracted: 1
2026-10-05 11:02:10,510 [WARNING] Only 1 organic results were extracted; minimum is 5.
2026-10-05 11:02:10,510 [ERROR] Run failed: Only 1 valid organic results were extracted; minimum required is 5.
2026-10-05 11:02:10,511 [ERROR] Traceback (most recent call last):
  File "C:\Users\WandileK\OneDrive - HollywoodBets\Desktop\serp_monitor_app\scripts\SEO_SERP_Monitor_Aviator.py", line 2128, in _run_once_attempt
    raise RuntimeError(
RuntimeError: Only 1 valid organic results were extracted; minimum required is 5.

Run failed: Only 1 valid organic results were extracted; minimum required is 5.
2026-10-05 11:02:11,258 [INFO] Browser closed.
2026-10-05 11:02:11,263 [WARNING] Could not write capture status: "There is no item named '[Content_Types].xml' in the archive"
2026-10-05 11:02:11,266 [WARNING] Aviator capture not accepted. Retrying in 15 minutes at approximately 2026-10-05 11:17:11.
SEO_SERP_Monitor_online_slots completed successfully.
------------------------------------------------------------
Starting SEO_SERP_Monitor_soccer_betting...
2026-10-05 11:02:00,730 [INFO] Capture attempt 1/4 | keyword=Aviator | scheduled=2026-10-05T11:02:00.730573+02:00
2026-10-05 11:02:00,731 [INFO] ============================================================
2026-10-05 11:02:00,731 [INFO] Run start: 2026-10-05T11:02:00.730573+02:00 | keyword=Aviator
2026-10-05 11:02:00,732 [INFO] Starting Playwright with dedicated SERP Chrome profile: C:\Users\WandileK\OneDrive - HollywoodBets\Desktop\serp_monitor_app\scripts\serp_chrome_profile_aviator
2026-10-05 11:02:00,732 [INFO] Headless mode: False
2026-10-05 11:02:02,502 [INFO] Persistent Chrome context ready.
2026-10-05 11:02:02,750 [INFO] GET https://www.google.com/search?q=Aviator&hl=en&gl=za&num=10&pws=0
2026-10-05 11:02:04,346 [INFO] SERP loaded.
2026-10-05 11:02:04,356 [INFO] Visible h3 result titles: 8
2026-10-05 11:02:07,558 [INFO] Rank 1 | facebook.com | Aviator: The Game That Took Everything | Zimbabwe's Hidden ...
2026-10-05 11:02:10,510 [INFO] Organic extracted: 1
2026-10-05 11:02:10,510 [WARNING] Only 1 organic results were extracted; minimum is 5.
2026-10-05 11:02:10,510 [ERROR] Run failed: Only 1 valid organic results were extracted; minimum required is 5.
2026-10-05 11:02:10,511 [ERROR] Traceback (most recent call last):
  File "C:\Users\WandileK\OneDrive - HollywoodBets\Desktop\serp_monitor_app\scripts\SEO_SERP_Monitor_Aviator.py", line 2128, in _run_once_attempt
    raise RuntimeError(
RuntimeError: Only 1 valid organic results were extracted; minimum required is 5.

Run failed: Only 1 valid organic results were extracted; minimum required is 5.
2026-10-05 11:02:11,258 [INFO] Browser closed.
2026-10-05 11:02:11,263 [WARNING] Could not write capture status: "There is no item named '[Content_Types].xml' in the archive"
2026-10-05 11:02:11,266 [WARNING] Aviator capture not accepted. Retrying in 15 minutes at approximately 2026-10-05 11:17:11.
SEO_SERP_Monitor_soccer_betting completed successfully.
Starting Excel to PostgreSQL sync...
Traceback (most recent call last):
  File "C:\Users\WandileK\OneDrive - HollywoodBets\Desktop\serp_monitor_app\scripts\sync_excel.py", line 15, in <module>
    from app.models import Capture, Keyword, SerpResult  # noqa: E402
    ^^^^^^^^^^^^^^^^^^^^^^^^^^^^^^^^^^^^^^^^^^^^^^^^^^^
  File "C:\Users\WandileK\OneDrive - HollywoodBets\Desktop\serp_monitor_app\backend\app\models.py", line 5, in <module>
    from .db import Base
  File "C:\Users\WandileK\OneDrive - HollywoodBets\Desktop\serp_monitor_app\backend\app\db.py", line 11, in <module>
    settings = get_settings()
               ^^^^^^^^^^^^^^
  File "C:\Users\WandileK\OneDrive - HollywoodBets\Desktop\serp_monitor_app\backend\app\config.py", line 24, in get_settings
    return Settings()
           ^^^^^^^^^^
  File "C:\Users\WandileK\AppData\Local\Packages\PythonSoftwareFoundation.Python.3.12_qbz5n2kfra8p0\LocalCache\local-packages\Python312\site-packages\pydantic_settings\main.py", line 262, in __init__
    super().__init__(**__pydantic_self__.__class__._settings_build_values(sources, init_kwargs))
  File "C:\Users\WandileK\AppData\Local\Packages\PythonSoftwareFoundation.Python.3.12_qbz5n2kfra8p0\LocalCache\local-packages\Python312\site-packages\pydantic\main.py", line 263, in __init__
    validated_self = self.__pydantic_validator__.validate_python(data, self_instance=self)
                     ^^^^^^^^^^^^^^^^^^^^^^^^^^^^^^^^^^^^^^^^^^^^^^^^^^^^^^^^^^^^^^^^^^^^^
pydantic_core._pydantic_core.ValidationError: 1 validation error for Settings
database_url
  Field required [type=missing, input_value={}, input_type=dict]
    For further information visit https://errors.pydantic.dev/2.13/v/missing
ERROR: Excel to PostgreSQL sync failed.
============================================================
[2026/10/05 11:02:44,19] CAPTURE + SYNC FINISHED WITH ERRORS
============================================================
============================================================
[2026/10/05 11:13:38,81] CAPTURE + SYNC START
============================================================
ERROR: Neither python nor py was found on PATH.
============================================================
[2026/10/05 11:15:20,32] CAPTURE + SYNC START
============================================================
ERROR: Neither python nor py was found on PATH.
============================================================
[2026/10/05 11:17:03,02] CAPTURE + SYNC START
============================================================
------------------------------------------------------------
Starting SEO_SERP_Monitor_aviator...
2026-10-05 11:17:05,696 [INFO] Capture attempt 1/4 | keyword=Aviator | scheduled=2026-10-05T11:17:05.696083+02:00
2026-10-05 11:17:05,696 [INFO] ============================================================
2026-10-05 11:17:05,696 [INFO] Run start: 2026-10-05T11:17:05.696083+02:00 | keyword=Aviator
2026-10-05 11:17:05,698 [INFO] Starting Playwright with dedicated SERP Chrome profile: C:\Users\WandileK\OneDrive - HollywoodBets\Desktop\serp_monitor_app\scripts\serp_chrome_profile_aviator
2026-10-05 11:17:05,698 [INFO] Headless mode: False
2026-10-05 11:17:07,818 [INFO] Persistent Chrome context ready.
2026-10-05 11:17:07,950 [INFO] GET https://www.google.com/search?q=Aviator&hl=en&gl=za&num=10&pws=0
2026-10-05 11:17:10,412 [INFO] SERP loaded.
2026-10-05 11:17:10,441 [INFO] Visible h3 result titles: 10
2026-10-05 11:17:12,398 [INFO] Rank 1 | betway.co.za | Betway
2026-10-05 11:17:14,525 [INFO] Rank 2 | takealot.com | The Aviator | Shop Today. Get it Tomorrow!
2026-10-05 11:17:17,413 [INFO] Rank 3 | facebook.com | Aviator: The Game That Took Everything | Zimbabwe's Hidden ...
2026-10-05 11:17:22,848 [INFO] Rank 4 | youtube.com | AVIATOR
2026-10-05 11:17:25,895 [INFO] Rank 5 | truworths.co.za | Grey Square Aviator Sunglasses (3187845) | UZZI
2026-10-05 11:17:25,895 [INFO] Organic extracted: 5
2026-10-05 11:17:25,931 [INFO] Updated 5 SERP rows for 2026-10-05 at 11:00
2026-10-05 11:17:25,996 [INFO] Excel workbook saved: C:\Users\WandileK\OneDrive - HollywoodBets\Desktop\serp_monitor_app\scripts\aviator_rankings.xlsx
============================================================
HOLLYWOODBETS SEO SERP CHECK
============================================================
Keyword: Aviator
Date: 2026-10-05
Capture hour: 11:00
Organic results collected: 5
------------------------------------------------------------
1. Betway | betway.co.za
2. Takealot | takealot.com
3. Facebook | facebook.com
4. Youtube | youtube.com
5. Truworths | truworths.co.za
------------------------------------------------------------
Hollywoodbets rank: None
Results saved: C:\Users\WandileK\OneDrive - HollywoodBets\Desktop\serp_monitor_app\scripts\aviator_rankings.xlsx
============================================================
2026-10-05 11:17:26,783 [INFO] Browser closed.
2026-10-05 11:17:26,842 [WARNING] Could not write capture status: Excel does not support timezones in datetimes. The tzinfo in the datetime/time object must be set to None.
Exception ignored in atexit callback: <function _openpyxl_shutdown at 0x000001C2339F8FE0>
Traceback (most recent call last):
  File "C:\Users\WandileK\AppData\Local\Packages\PythonSoftwareFoundation.Python.3.12_qbz5n2kfra8p0\LocalCache\local-packages\Python312\site-packages\openpyxl\worksheet\_writer.py", line 32, in _openpyxl_shutdown
    os.remove(path)
PermissionError: [WinError 32] The process cannot access the file because it is being used by another process: 'C:\\Users\\WandileK\\AppData\\Local\\Temp\\openpyxl.6hewdn2f'
SEO_SERP_Monitor_aviator completed successfully.
------------------------------------------------------------
Starting SEO_SERP_Monitor_lucky_numbers...
============================================================
[2026/10/05 11:22:38,84] CAPTURE + SYNC START
============================================================
ERROR: Neither python nor py was found on PATH.
============================================================
[2026/10/05 11:25:28,44] CAPTURE + SYNC START
============================================================
ERROR: No Python launcher was found. Checked PATH and C:\Users\WandileK\AppData\Local\Microsoft\WindowsApps\PythonSoftwareFoundation.Python.3.12_qbz5n2kfra8p0\python.exe.
============================================================
[2026/10/05 11:32:34,08] CAPTURE + SYNC START
Excel to PostgreSQL sync completed successfully ().
------------------------------------------------------------
Starting SEO_SERP_Monitor_aviator...
2026-10-05 11:32:38,586 [INFO] Capture attempt 1/1 | keyword=Aviator | scheduled=2026-10-05T11:32:38.586140+02:00
2026-10-05 11:32:38,586 [INFO] ============================================================
2026-10-05 11:32:38,586 [INFO] Run start: 2026-10-05T11:32:38.586140+02:00 | keyword=Aviator
2026-10-05 11:32:38,587 [INFO] Starting Playwright with dedicated SERP Chrome profile: C:\Users\WandileK\OneDrive - HollywoodBets\Desktop\serp_monitor_app\scripts\serp_chrome_profile_aviator
2026-10-05 11:32:38,587 [INFO] Headless mode: False
2026-10-05 11:32:39,948 [INFO] Persistent Chrome context ready.
2026-10-05 11:32:40,066 [INFO] GET https://www.google.com/search?q=Aviator&hl=en&gl=za&num=10&pws=0
2026-10-05 11:32:42,218 [INFO] SERP loaded.
2026-10-05 11:32:42,226 [INFO] Visible h3 result titles: 8
2026-10-05 11:32:44,783 [INFO] Rank 1 | facebook.com | Aviator: The Game That Took Everything | Zimbabwe's Hidden ...
2026-10-05 11:32:46,626 [INFO] Organic extracted: 1
2026-10-05 11:32:46,626 [WARNING] Only 1 organic results were extracted; minimum is 5.
2026-10-05 11:32:46,626 [ERROR] Run failed: Only 1 valid organic results were extracted; minimum required is 5.
2026-10-05 11:32:46,627 [ERROR] Traceback (most recent call last):
  File "C:\Users\WandileK\OneDrive - HollywoodBets\Desktop\serp_monitor_app\scripts\SEO_SERP_Monitor_Aviator.py", line 2129, in _run_once_attempt
    raise RuntimeError(
RuntimeError: Only 1 valid organic results were extracted; minimum required is 5.

Run failed: Only 1 valid organic results were extracted; minimum required is 5.
2026-10-05 11:32:47,524 [INFO] Browser closed.
2026-10-05 11:32:47,529 [WARNING] Could not write capture status: "There is no item named '[Content_Types].xml' in the archive"
2026-10-05 11:32:47,530 [ERROR] All 1 attempts failed for Aviator.
WARNING: SEO_SERP_Monitor_aviator failed with exit code 1. Continuing with remaining keywords.
------------------------------------------------------------
Starting SEO_SERP_Monitor_lucky_numbers...
2026-10-05 11:32:49,625 [INFO] Capture attempt 1/1 | keyword=Lucky Numbers | scheduled=2026-10-05T11:32:49.625820+02:00
2026-10-05 11:32:49,626 [INFO] ============================================================
2026-10-05 11:32:49,626 [INFO] Run start: 2026-10-05T11:32:49.625820+02:00 | keyword=Lucky Numbers
2026-10-05 11:32:49,628 [INFO] Starting Playwright with dedicated SERP Chrome profile: C:\Users\WandileK\OneDrive - HollywoodBets\Desktop\serp_monitor_app\scripts\serp_chrome_profile_lucky_numbers
2026-10-05 11:32:49,629 [INFO] Headless mode: False
2026-10-05 11:32:50,896 [INFO] Persistent Chrome context ready.
2026-10-05 11:32:51,035 [INFO] GET https://www.google.com/search?q=Lucky+Numbers&hl=en&gl=za&num=10&pws=0
2026-10-05 11:32:53,450 [INFO] SERP loaded.
2026-10-05 11:32:53,460 [INFO] Visible h3 result titles: 9
2026-10-05 11:32:55,501 [INFO] Organic extracted: 0
2026-10-05 11:32:55,501 [WARNING] Only 0 organic results were extracted; minimum is 5.
2026-10-05 11:32:55,501 [ERROR] Run failed: Only 0 valid organic results were extracted; minimum required is 5.
2026-10-05 11:32:55,502 [ERROR] Traceback (most recent call last):
  File "C:\Users\WandileK\OneDrive - HollywoodBets\Desktop\serp_monitor_app\scripts\SEO_SERP_Monitor_Lucky_Numbers.py", line 2129, in _run_once_attempt
    raise RuntimeError(
RuntimeError: Only 0 valid organic results were extracted; minimum required is 5.

Run failed: Only 0 valid organic results were extracted; minimum required is 5.
2026-10-05 11:32:56,126 [INFO] Browser closed.
2026-10-05 11:32:56,134 [WARNING] Could not write capture status: "There is no item named '[Content_Types].xml' in the archive"
2026-10-05 11:32:56,135 [ERROR] All 1 attempts failed for Lucky Numbers.
WARNING: SEO_SERP_Monitor_lucky_numbers failed with exit code 1. Continuing with remaining keywords.
------------------------------------------------------------
Starting SEO_SERP_Monitor_online_slots...
2026-10-05 11:32:58,169 [INFO] Capture attempt 1/1 | keyword=Online Slots | scheduled=2026-10-05T11:32:58.169566+02:00
2026-10-05 11:32:58,170 [INFO] ============================================================
2026-10-05 11:32:58,170 [INFO] Run start: 2026-10-05T11:32:58.169566+02:00 | keyword=Online Slots
2026-10-05 11:32:58,171 [INFO] Starting Playwright with dedicated SERP Chrome profile: C:\Users\WandileK\OneDrive - HollywoodBets\Desktop\serp_monitor_app\scripts\serp_chrome_profile_online_slots
2026-10-05 11:32:58,172 [INFO] Headless mode: False
2026-10-05 11:32:59,294 [INFO] Persistent Chrome context ready.
2026-10-05 11:32:59,403 [INFO] GET https://www.google.com/search?q=Online+Slots&hl=en&gl=za&num=10&pws=0
2026-10-05 11:33:03,376 [INFO] SERP loaded.
2026-10-05 11:33:03,382 [INFO] Visible h3 result titles: 10
2026-10-05 11:33:05,991 [INFO] Rank 1 | gbets.co.za | Play Online Slots For Real Money In South Africa
2026-10-05 11:33:10,729 [INFO] Rank 2 | slotsrealmoney.co.za | Find the Best Online Slots Casino Bonuses @ Slots Real Money
2026-10-05 11:33:13,866 [INFO] Rank 3 | slots-online.co.za | Take a look at the various types of Online Slots
2026-10-05 11:33:15,986 [INFO] Rank 4 | betsafe.com | Top Online Slots Games Canada | Dare to Spin with Betsafe
2026-10-05 11:33:20,049 [INFO] Rank 5 | heraldscotland.com | Best Slots to Play Online for Real Money
2026-10-05 11:33:20,049 [INFO] Organic extracted: 5
2026-10-05 11:33:20,076 [INFO] Updated 5 SERP rows for 2026-10-05 at 11:00
2026-10-05 11:33:20,129 [INFO] Excel workbook saved: C:\Users\WandileK\OneDrive - HollywoodBets\Desktop\serp_monitor_app\scripts\online_slots_rankings.xlsx
============================================================
HOLLYWOODBETS SEO SERP CHECK
============================================================
Keyword: Online Slots
Date: 2026-10-05
Capture hour: 11:00
Organic results collected: 5
------------------------------------------------------------
1. Gbets | gbets.co.za
2. Slotsrealmoney | slotsrealmoney.co.za
3. Slots online | slots-online.co.za
4. Betsafe | betsafe.com
5. Heraldscotland | heraldscotland.com
------------------------------------------------------------
Hollywoodbets rank: None
Results saved: C:\Users\WandileK\OneDrive - HollywoodBets\Desktop\serp_monitor_app\scripts\online_slots_rankings.xlsx
============================================================
2026-10-05 11:33:21,641 [INFO] Browser closed.
SEO_SERP_Monitor_online_slots completed successfully.
------------------------------------------------------------
Starting SEO_SERP_Monitor_soccer_betting...
2026-10-05 11:33:24,134 [INFO] Capture attempt 1/1 | keyword=Soccer Betting | scheduled=2026-10-05T11:33:24.134277+02:00
2026-10-05 11:33:24,134 [INFO] ============================================================
2026-10-05 11:33:24,135 [INFO] Run start: 2026-10-05T11:33:24.134277+02:00 | keyword=Soccer Betting
2026-10-05 11:33:24,137 [INFO] Starting Playwright with dedicated SERP Chrome profile: C:\Users\WandileK\OneDrive - HollywoodBets\Desktop\serp_monitor_app\scripts\serp_chrome_profile_soccer_betting
2026-10-05 11:33:24,137 [INFO] Headless mode: False
2026-10-05 11:33:25,289 [INFO] Persistent Chrome context ready.
2026-10-05 11:33:25,404 [INFO] GET https://www.google.com/search?q=Soccer+Betting&hl=en&gl=za&num=10&pws=0
2026-10-05 11:33:29,894 [INFO] SERP loaded.
2026-10-05 11:33:29,902 [INFO] Visible h3 result titles: 9
2026-10-05 11:33:31,951 [INFO] Organic extracted: 0
2026-10-05 11:33:31,951 [WARNING] Only 0 organic results were extracted; minimum is 5.
2026-10-05 11:33:31,951 [ERROR] Run failed: Only 0 valid organic results were extracted; minimum required is 5.
2026-10-05 11:33:31,952 [ERROR] Traceback (most recent call last):
  File "C:\Users\WandileK\OneDrive - HollywoodBets\Desktop\serp_monitor_app\scripts\SEO_SERP_Monitor_Soccer_Betting.py", line 2129, in _run_once_attempt
    raise RuntimeError(
RuntimeError: Only 0 valid organic results were extracted; minimum required is 5.

Run failed: Only 0 valid organic results were extracted; minimum required is 5.
2026-10-05 11:33:32,260 [INFO] Browser closed.
2026-10-05 11:33:32,276 [ERROR] All 1 attempts failed for Soccer Betting.
WARNING: SEO_SERP_Monitor_soccer_betting failed with exit code 1. Continuing with remaining keywords.
Starting Excel to PostgreSQL sync (first pass)...
aviator_rankings.xlsx: SYNC FAILED: "There is no item named '[Content_Types].xml' in the archive"
ERROR: Excel to PostgreSQL sync failed (first pass).
------------------------------------------------------------
One or more scrapers failed. Waiting 15 minutes, then retrying only failed scrapers.
============================================================
[2026/10/05 11:44:52,82] CAPTURE + SYNC START
Excel to PostgreSQL sync completed successfully ().
------------------------------------------------------------
Starting SEO_SERP_Monitor_aviator...
2026-10-05 11:45:01,249 [INFO] Capture attempt 1/1 | keyword=Aviator | scheduled=2026-10-05T11:45:01.249086+02:00
2026-10-05 11:45:01,254 [INFO] ============================================================
2026-10-05 11:45:01,255 [INFO] Run start: 2026-10-05T11:45:01.249086+02:00 | keyword=Aviator
2026-10-05 11:45:01,259 [INFO] Starting Playwright with dedicated SERP Chrome profile: C:\Users\WandileK\OneDrive - HollywoodBets\Desktop\serp_monitor_app\scripts\serp_chrome_profile_aviator
2026-10-05 11:45:01,259 [INFO] Headless mode: False
2026-10-05 11:45:04,076 [INFO] Persistent Chrome context ready.
2026-10-05 11:45:04,292 [INFO] GET https://www.google.com/search?q=Aviator&hl=en&gl=za&num=10&pws=0
2026-10-05 11:45:06,850 [INFO] SERP loaded.
2026-10-05 11:45:06,861 [INFO] Visible h3 result titles: 8
2026-10-05 11:45:10,910 [INFO] Organic extracted: 0
2026-10-05 11:45:10,911 [WARNING] Only 0 organic results were extracted; minimum is 5.
2026-10-05 11:45:10,912 [ERROR] Run failed: Only 0 valid organic results were extracted; minimum required is 5.
2026-10-05 11:45:10,914 [ERROR] Traceback (most recent call last):
  File "C:\Users\WandileK\OneDrive - HollywoodBets\Desktop\serp_monitor_app\scripts\SEO_SERP_Monitor_Aviator.py", line 2138, in _run_once_attempt
    raise RuntimeError(
RuntimeError: Only 0 valid organic results were extracted; minimum required is 5.

Run failed: Only 0 valid organic results were extracted; minimum required is 5.
2026-10-05 11:45:11,724 [INFO] Browser closed.
2026-10-05 11:45:11,733 [WARNING] Existing Excel could not be opened for capture status: "There is no item named '[Content_Types].xml' in the archive"
2026-10-05 11:45:11,735 [WARNING] Could not write capture status: [WinError 32] The process cannot access the file because it is being used by another process: 'C:\\Users\\WandileK\\OneDrive - HollywoodBets\\Desktop\\serp_monitor_app\\scripts\\aviator_rankings.xlsx' -> 'C:\\Users\\WandileK\\OneDrive - HollywoodBets\\Desktop\\serp_monitor_app\\scripts\\aviator_rankings.xlsx.corrupt_20261005_114511'
2026-10-05 11:45:11,736 [ERROR] All 1 attempts failed for Aviator.
WARNING: SEO_SERP_Monitor_aviator failed with exit code 1. Continuing with remaining keywords.
------------------------------------------------------------
Starting SEO_SERP_Monitor_lucky_numbers...
2026-10-05 11:45:15,815 [INFO] Capture attempt 1/1 | keyword=Lucky Numbers | scheduled=2026-10-05T11:45:15.815997+02:00
2026-10-05 11:45:15,817 [INFO] ============================================================
2026-10-05 11:45:15,817 [INFO] Run start: 2026-10-05T11:45:15.815997+02:00 | keyword=Lucky Numbers
2026-10-05 11:45:15,827 [INFO] Starting Playwright with dedicated SERP Chrome profile: C:\Users\WandileK\OneDrive - HollywoodBets\Desktop\serp_monitor_app\scripts\serp_chrome_profile_lucky_numbers
2026-10-05 11:45:15,827 [INFO] Headless mode: False
2026-10-05 11:45:19,239 [INFO] Persistent Chrome context ready.
2026-10-05 11:45:19,529 [INFO] GET https://www.google.com/search?q=Lucky+Numbers&hl=en&gl=za&num=10&pws=0
2026-10-05 11:45:21,944 [INFO] SERP loaded.
2026-10-05 11:45:21,958 [INFO] Visible h3 result titles: 9
2026-10-05 11:45:24,842 [INFO] Organic extracted: 0
2026-10-05 11:45:24,842 [WARNING] Only 0 organic results were extracted; minimum is 5.
2026-10-05 11:45:24,843 [ERROR] Run failed: Only 0 valid organic results were extracted; minimum required is 5.
2026-10-05 11:45:24,844 [ERROR] Traceback (most recent call last):
  File "C:\Users\WandileK\OneDrive - HollywoodBets\Desktop\serp_monitor_app\scripts\SEO_SERP_Monitor_Lucky_Numbers.py", line 2138, in _run_once_attempt
    raise RuntimeError(
RuntimeError: Only 0 valid organic results were extracted; minimum required is 5.

Run failed: Only 0 valid organic results were extracted; minimum required is 5.
2026-10-05 11:45:26,853 [INFO] Browser closed.
2026-10-05 11:45:26,861 [WARNING] Existing Excel could not be opened for capture status: "There is no item named '[Content_Types].xml' in the archive"
2026-10-05 11:45:26,862 [WARNING] Could not write capture status: [WinError 32] The process cannot access the file because it is being used by another process: 'C:\\Users\\WandileK\\OneDrive - HollywoodBets\\Desktop\\serp_monitor_app\\scripts\\lucky_numbers_rankings.xlsx' -> 'C:\\Users\\WandileK\\OneDrive - HollywoodBets\\Desktop\\serp_monitor_app\\scripts\\lucky_numbers_rankings.xlsx.corrupt_20261005_114526'
2026-10-05 11:45:26,862 [ERROR] All 1 attempts failed for Lucky Numbers.
WARNING: SEO_SERP_Monitor_lucky_numbers failed with exit code 1. Continuing with remaining keywords.
------------------------------------------------------------
Starting SEO_SERP_Monitor_online_slots...
2026-10-05 11:45:31,101 [INFO] Capture attempt 1/1 | keyword=Online Slots | scheduled=2026-10-05T11:45:31.101437+02:00
2026-10-05 11:45:31,102 [INFO] ============================================================
2026-10-05 11:45:31,102 [INFO] Run start: 2026-10-05T11:45:31.101437+02:00 | keyword=Online Slots
2026-10-05 11:45:31,102 [INFO] Starting Playwright with dedicated SERP Chrome profile: C:\Users\WandileK\OneDrive - HollywoodBets\Desktop\serp_monitor_app\scripts\serp_chrome_profile_online_slots
2026-10-05 11:45:31,102 [INFO] Headless mode: False
2026-10-05 11:45:33,077 [INFO] Persistent Chrome context ready.
2026-10-05 11:45:33,390 [INFO] GET https://www.google.com/search?q=Online+Slots&hl=en&gl=za&num=10&pws=0
2026-10-05 11:45:35,362 [INFO] SERP loaded.
2026-10-05 11:45:35,371 [INFO] Visible h3 result titles: 10
2026-10-05 11:45:36,765 [INFO] Rank 1 | gbets.co.za | Play Online Slots For Real Money In South Africa
2026-10-05 11:45:37,687 [INFO] Rank 2 | slotsrealmoney.co.za | Find the Best Online Slots Casino Bonuses @ Slots Real Money
2026-10-05 11:45:39,248 [INFO] Rank 3 | slots-online.co.za | Take a look at the various types of Online Slots
2026-10-05 11:45:41,131 [INFO] Rank 4 | betsafe.com | Top Online Slots Games Canada | Dare to Spin with Betsafe
2026-10-05 11:45:44,850 [INFO] Rank 5 | heraldscotland.com | Best Slots to Play Online for Real Money
2026-10-05 11:45:44,850 [INFO] Organic extracted: 5
2026-10-05 11:45:44,920 [INFO] Updated 5 SERP rows for 2026-10-05 at 11:00
2026-10-05 11:45:45,018 [INFO] Excel workbook saved: C:\Users\WandileK\OneDrive - HollywoodBets\Desktop\serp_monitor_app\scripts\online_slots_rankings.xlsx
============================================================
HOLLYWOODBETS SEO SERP CHECK
============================================================
Keyword: Online Slots
Date: 2026-10-05
Capture hour: 11:00
Organic results collected: 5
------------------------------------------------------------
1. Gbets | gbets.co.za
2. Slotsrealmoney | slotsrealmoney.co.za
3. Slots online | slots-online.co.za
4. Betsafe | betsafe.com
5. Heraldscotland | heraldscotland.com
------------------------------------------------------------
Hollywoodbets rank: None
Results saved: C:\Users\WandileK\OneDrive - HollywoodBets\Desktop\serp_monitor_app\scripts\online_slots_rankings.xlsx
============================================================
2026-10-05 11:45:48,105 [INFO] Browser closed.
SEO_SERP_Monitor_online_slots completed successfully.
------------------------------------------------------------
Starting SEO_SERP_Monitor_soccer_betting...
2026-10-05 11:45:52,668 [INFO] Capture attempt 1/1 | keyword=Soccer Betting | scheduled=2026-10-05T11:45:52.668740+02:00
2026-10-05 11:45:52,669 [INFO] ============================================================
2026-10-05 11:45:52,669 [INFO] Run start: 2026-10-05T11:45:52.668740+02:00 | keyword=Soccer Betting
2026-10-05 11:45:52,673 [INFO] Starting Playwright with dedicated SERP Chrome profile: C:\Users\WandileK\OneDrive - HollywoodBets\Desktop\serp_monitor_app\scripts\serp_chrome_profile_soccer_betting
2026-10-05 11:45:52,674 [INFO] Headless mode: False
2026-10-05 11:45:56,062 [INFO] Persistent Chrome context ready.
2026-10-05 11:45:56,527 [INFO] GET https://www.google.com/search?q=Soccer+Betting&hl=en&gl=za&num=10&pws=0
2026-10-05 11:45:59,400 [INFO] SERP loaded.
2026-10-05 11:45:59,414 [INFO] Visible h3 result titles: 9
2026-10-05 11:46:02,643 [INFO] Organic extracted: 0
2026-10-05 11:46:02,644 [WARNING] Only 0 organic results were extracted; minimum is 5.
2026-10-05 11:46:02,644 [ERROR] Run failed: Only 0 valid organic results were extracted; minimum required is 5.
2026-10-05 11:46:02,645 [ERROR] Traceback (most recent call last):
  File "C:\Users\WandileK\OneDrive - HollywoodBets\Desktop\serp_monitor_app\scripts\SEO_SERP_Monitor_Soccer_Betting.py", line 2138, in _run_once_attempt
    raise RuntimeError(
RuntimeError: Only 0 valid organic results were extracted; minimum required is 5.

Run failed: Only 0 valid organic results were extracted; minimum required is 5.
2026-10-05 11:46:03,224 [INFO] Browser closed.
2026-10-05 11:46:03,283 [ERROR] All 1 attempts failed for Soccer Betting.
WARNING: SEO_SERP_Monitor_soccer_betting failed with exit code 1. Continuing with remaining keywords.
Starting Excel to PostgreSQL sync (first pass)...
aviator_rankings.xlsx: SYNC SKIPPED: "There is no item named '[Content_Types].xml' in the archive"
lucky_numbers_rankings.xlsx: SYNC SKIPPED: "There is no item named '[Content_Types].xml' in the archive"
soccer_betting_rankings.xlsx: SYNC SKIPPED: soccer_betting_rankings.xlsx: missing SERP Rankings worksheet.
online_slots_rankings.xlsx: captures created=1, existing captures refreshed=0.
Imported all real Excel data: captures created=1, existing captures refreshed=0.
Excel to PostgreSQL sync completed successfully (first pass).
------------------------------------------------------------
One or more scrapers failed. Waiting 15 minutes, then retrying only failed scrapers.
============================================================
[2026/10/05 11:57:45,73] CAPTURE + SYNC START
Excel to PostgreSQL sync completed successfully ().
------------------------------------------------------------
Starting SEO_SERP_Monitor_aviator...
2026-10-05 11:57:58,608 [INFO] Capture attempt 1/1 | keyword=Aviator | scheduled=2026-10-05T11:57:58.608260+02:00
2026-10-05 11:57:58,610 [INFO] ============================================================
2026-10-05 11:57:58,611 [INFO] Run start: 2026-10-05T11:57:58.608260+02:00 | keyword=Aviator
2026-10-05 11:57:58,622 [INFO] Starting Playwright with dedicated SERP Chrome profile: C:\Users\WandileK\OneDrive - HollywoodBets\Desktop\serp_monitor_app\scripts\serp_chrome_profile_aviator
2026-10-05 11:57:58,624 [INFO] Headless mode: False
2026-10-05 11:58:04,045 [INFO] Persistent Chrome context ready.
2026-10-05 11:58:05,320 [INFO] GET https://www.google.com/search?q=Aviator&hl=en&gl=za&num=10&pws=0
2026-10-05 11:58:07,396 [INFO] SERP loaded.
2026-10-05 11:58:07,409 [INFO] Visible h3 result titles: 8
2026-10-05 11:58:12,012 [INFO] Rank 1 | facebook.com | Aviator: The Game That Took Everything | Zimbabwe's Hidden ...
2026-10-05 11:58:15,377 [INFO] Organic extracted: 1
2026-10-05 11:58:15,377 [WARNING] Only 1 organic results were extracted; minimum is 5.
2026-10-05 11:58:15,377 [ERROR] Run failed: Only 1 valid organic results were extracted; minimum required is 5.
2026-10-05 11:58:15,379 [ERROR] Traceback (most recent call last):
  File "C:\Users\WandileK\OneDrive - HollywoodBets\Desktop\serp_monitor_app\scripts\SEO_SERP_Monitor_Aviator.py", line 2138, in _run_once_attempt
    raise RuntimeError(
RuntimeError: Only 1 valid organic results were extracted; minimum required is 5.

Run failed: Only 1 valid organic results were extracted; minimum required is 5.
2026-10-05 11:58:21,823 [INFO] Browser closed.
2026-10-05 11:58:21,832 [WARNING] Existing Excel could not be opened for capture status: "There is no item named '[Content_Types].xml' in the archive"
2026-10-05 11:58:21,832 [WARNING] Could not write capture status: [WinError 32] The process cannot access the file because it is being used by another process: 'C:\\Users\\WandileK\\OneDrive - HollywoodBets\\Desktop\\serp_monitor_app\\scripts\\aviator_rankings.xlsx' -> 'C:\\Users\\WandileK\\OneDrive - HollywoodBets\\Desktop\\serp_monitor_app\\scripts\\aviator_rankings.xlsx.corrupt_20261005_115821'
2026-10-05 11:58:21,833 [ERROR] All 1 attempts failed for Aviator.
WARNING: SEO_SERP_Monitor_aviator failed with exit code 1. Continuing with remaining keywords.
------------------------------------------------------------
Starting SEO_SERP_Monitor_lucky_numbers...
2026-10-05 11:58:27,112 [INFO] Capture attempt 1/1 | keyword=Lucky Numbers | scheduled=2026-10-05T11:58:27.112838+02:00
2026-10-05 11:58:27,113 [INFO] ============================================================
2026-10-05 11:58:27,115 [INFO] Run start: 2026-10-05T11:58:27.112838+02:00 | keyword=Lucky Numbers
2026-10-05 11:58:27,122 [INFO] Starting Playwright with dedicated SERP Chrome profile: C:\Users\WandileK\OneDrive - HollywoodBets\Desktop\serp_monitor_app\scripts\serp_chrome_profile_lucky_numbers
2026-10-05 11:58:27,123 [INFO] Headless mode: False
2026-10-05 11:58:30,782 [INFO] Persistent Chrome context ready.
2026-10-05 11:58:31,487 [INFO] GET https://www.google.com/search?q=Lucky+Numbers&hl=en&gl=za&num=10&pws=0
2026-10-05 11:58:34,524 [INFO] SERP loaded.
2026-10-05 11:58:34,540 [INFO] Visible h3 result titles: 9
2026-10-05 11:58:37,467 [INFO] Organic extracted: 0
2026-10-05 11:58:37,468 [WARNING] Only 0 organic results were extracted; minimum is 5.
2026-10-05 11:58:37,469 [ERROR] Run failed: Only 0 valid organic results were extracted; minimum required is 5.
2026-10-05 11:58:37,471 [ERROR] Traceback (most recent call last):
  File "C:\Users\WandileK\OneDrive - HollywoodBets\Desktop\serp_monitor_app\scripts\SEO_SERP_Monitor_Lucky_Numbers.py", line 2138, in _run_once_attempt
    raise RuntimeError(
RuntimeError: Only 0 valid organic results were extracted; minimum required is 5.

Run failed: Only 0 valid organic results were extracted; minimum required is 5.
2026-10-05 11:58:38,167 [INFO] Browser closed.
2026-10-05 11:58:38,176 [WARNING] Existing Excel could not be opened for capture status: "There is no item named '[Content_Types].xml' in the archive"
2026-10-05 11:58:38,177 [WARNING] Could not write capture status: [WinError 32] The process cannot access the file because it is being used by another process: 'C:\\Users\\WandileK\\OneDrive - HollywoodBets\\Desktop\\serp_monitor_app\\scripts\\lucky_numbers_rankings.xlsx' -> 'C:\\Users\\WandileK\\OneDrive - HollywoodBets\\Desktop\\serp_monitor_app\\scripts\\lucky_numbers_rankings.xlsx.corrupt_20261005_115838'
2026-10-05 11:58:38,178 [ERROR] All 1 attempts failed for Lucky Numbers.
WARNING: SEO_SERP_Monitor_lucky_numbers failed with exit code 1. Continuing with remaining keywords.
------------------------------------------------------------
Starting SEO_SERP_Monitor_online_slots...
2026-10-05 11:58:41,401 [INFO] Capture attempt 1/1 | keyword=Online Slots | scheduled=2026-10-05T11:58:41.401573+02:00
2026-10-05 11:58:41,402 [INFO] ============================================================
2026-10-05 11:58:41,402 [INFO] Run start: 2026-10-05T11:58:41.401573+02:00 | keyword=Online Slots
2026-10-05 11:58:41,405 [INFO] Starting Playwright with dedicated SERP Chrome profile: C:\Users\WandileK\OneDrive - HollywoodBets\Desktop\serp_monitor_app\scripts\serp_chrome_profile_online_slots
2026-10-05 11:58:41,406 [INFO] Headless mode: False
2026-10-05 11:58:44,619 [INFO] Persistent Chrome context ready.
2026-10-05 11:58:44,847 [INFO] GET https://www.google.com/search?q=Online+Slots&hl=en&gl=za&num=10&pws=0
2026-10-05 11:58:48,310 [INFO] SERP loaded.
2026-10-05 11:58:48,321 [INFO] Visible h3 result titles: 9
2026-10-05 11:58:51,446 [INFO] Rank 1 | betway.co.za | Online Slots Games | Betway | Register & Get Free Spins
2026-10-05 11:58:56,639 [INFO] Rank 2 | blog.hollywoodbets.net | Top-rated Online Slots: Uncovering the Winning Criteria
2026-10-05 11:59:03,786 [INFO] Rank 3 | casino.co.za | 2026's Top Roulette Slots Games Online
2026-10-05 11:59:06,086 [INFO] Rank 4 | iol.co.za | 5 new online slots to play in South Africa in September 2025
2026-10-05 11:59:10,698 [INFO] Rank 5 | unibet.co.uk | Online Slots | Play UK Slot Games with Unibet
2026-10-05 11:59:10,698 [INFO] Organic extracted: 5
2026-10-05 11:59:10,735 [INFO] Updated 5 SERP rows for 2026-10-05 at 11:00
2026-10-05 11:59:10,792 [INFO] Excel workbook saved: C:\Users\WandileK\OneDrive - HollywoodBets\Desktop\serp_monitor_app\scripts\online_slots_rankings.xlsx
============================================================
HOLLYWOODBETS SEO SERP CHECK
============================================================
Keyword: Online Slots
Date: 2026-10-05
Capture hour: 11:00
Organic results collected: 5
------------------------------------------------------------
1. Betway | betway.co.za
2. Hollywoodbets | blog.hollywoodbets.net
3. Casino | casino.co.za
4. Iol | iol.co.za
5. Unibet | unibet.co.uk
------------------------------------------------------------
Hollywoodbets rank: 2
Results saved: C:\Users\WandileK\OneDrive - HollywoodBets\Desktop\serp_monitor_app\scripts\online_slots_rankings.xlsx
============================================================
2026-10-05 11:59:11,542 [INFO] Browser closed.
SEO_SERP_Monitor_online_slots completed successfully.
------------------------------------------------------------
Starting SEO_SERP_Monitor_soccer_betting...
2026-10-05 11:59:14,013 [INFO] Capture attempt 1/1 | keyword=Soccer Betting | scheduled=2026-10-05T11:59:14.013302+02:00
2026-10-05 11:59:14,013 [INFO] ============================================================
2026-10-05 11:59:14,014 [INFO] Run start: 2026-10-05T11:59:14.013302+02:00 | keyword=Soccer Betting
2026-10-05 11:59:14,015 [INFO] Starting Playwright with dedicated SERP Chrome profile: C:\Users\WandileK\OneDrive - HollywoodBets\Desktop\serp_monitor_app\scripts\serp_chrome_profile_soccer_betting
2026-10-05 11:59:14,016 [INFO] Headless mode: False
2026-10-05 11:59:16,176 [INFO] Persistent Chrome context ready.
2026-10-05 11:59:16,385 [INFO] GET https://www.google.com/search?q=Soccer+Betting&hl=en&gl=za&num=10&pws=0
2026-10-05 11:59:18,448 [INFO] SERP loaded.
2026-10-05 11:59:18,460 [INFO] Visible h3 result titles: 9
2026-10-05 11:59:21,217 [INFO] Organic extracted: 0
2026-10-05 11:59:21,218 [WARNING] Only 0 organic results were extracted; minimum is 5.
2026-10-05 11:59:21,218 [ERROR] Run failed: Only 0 valid organic results were extracted; minimum required is 5.
2026-10-05 11:59:21,219 [ERROR] Traceback (most recent call last):
  File "C:\Users\WandileK\OneDrive - HollywoodBets\Desktop\serp_monitor_app\scripts\SEO_SERP_Monitor_Soccer_Betting.py", line 2138, in _run_once_attempt
    raise RuntimeError(
RuntimeError: Only 0 valid organic results were extracted; minimum required is 5.

Run failed: Only 0 valid organic results were extracted; minimum required is 5.
2026-10-05 11:59:22,980 [INFO] Browser closed.
2026-10-05 11:59:23,024 [ERROR] All 1 attempts failed for Soccer Betting.
WARNING: SEO_SERP_Monitor_soccer_betting failed with exit code 1. Continuing with remaining keywords.
Starting Excel to PostgreSQL sync (first pass)...
aviator_rankings.xlsx: SYNC SKIPPED: "There is no item named '[Content_Types].xml' in the archive"
lucky_numbers_rankings.xlsx: SYNC SKIPPED: "There is no item named '[Content_Types].xml' in the archive"
soccer_betting_rankings.xlsx: SYNC SKIPPED: soccer_betting_rankings.xlsx: missing SERP Rankings worksheet.
online_slots_rankings.xlsx: captures created=0, existing captures refreshed=1.
Imported all real Excel data: captures created=0, existing captures refreshed=1.
Excel to PostgreSQL sync completed successfully (first pass).
------------------------------------------------------------
One or more scrapers failed. Waiting 15 minutes, then retrying only failed scrapers.
============================================================
[2026/10/05 12:11:38,21] CAPTURE + SYNC START
Excel to PostgreSQL sync completed successfully ().
------------------------------------------------------------
Starting SEO_SERP_Monitor_aviator...
2026-10-05 12:11:52,884 [INFO] ============================================================
2026-10-05 12:11:52,889 [INFO] Run start: 2026-10-05T12:11:52.884530+02:00 | keyword=Aviator
2026-10-05 12:11:52,894 [INFO] Starting Playwright with dedicated SERP Chrome profile: C:\Users\WandileK\OneDrive - HollywoodBets\Desktop\serp_monitor_app\scripts\serp_chrome_profile_aviator
2026-10-05 12:11:52,894 [INFO] Headless mode: True
2026-10-05 12:11:55,589 [INFO] Persistent Chrome context ready.
2026-10-05 12:11:55,797 [INFO] GET https://www.google.com/search?q=Aviator&hl=en&gl=za&num=10&pws=0
2026-10-05 12:11:58,598 [INFO] SERP loaded.
2026-10-05 12:11:58,610 [INFO] Visible h3 result titles: 9
2026-10-05 12:12:00,538 [INFO] Rank 1 | betway.co.za | Play Online Casino Games - Register ...
2026-10-05 12:12:07,528 [INFO] Organic extracted: 1
2026-10-05 12:12:07,531 [WARNING] Only 1 organic results were extracted; expected 10.
2026-10-05 12:12:07,542 [ERROR] Existing Excel could not be safely opened: "There is no item named '[Content_Types].xml' in the archive"
2026-10-05 12:12:07,545 [ERROR] Run failed: Could not open C:\Users\WandileK\OneDrive - HollywoodBets\Desktop\serp_monitor_app\scripts\aviator_rankings.xlsx. If it is open in Excel, close it and try again.
2026-10-05 12:12:07,560 [ERROR] Traceback (most recent call last):
  File "C:\Users\WandileK\OneDrive - HollywoodBets\Desktop\serp_monitor_app\scripts\SEO_SERP_Monitor_Aviator.py", line 911, in open_or_create_workbook
    wb = load_workbook(EXCEL_FILE)
         ^^^^^^^^^^^^^^^^^^^^^^^^^
  File "C:\Users\WandileK\AppData\Local\Packages\PythonSoftwareFoundation.Python.3.12_qbz5n2kfra8p0\LocalCache\local-packages\Python312\site-packages\openpyxl\reader\excel.py", line 348, in load_workbook
    reader.read()
  File "C:\Users\WandileK\AppData\Local\Packages\PythonSoftwareFoundation.Python.3.12_qbz5n2kfra8p0\LocalCache\local-packages\Python312\site-packages\openpyxl\reader\excel.py", line 289, in read
    self.read_manifest()
  File "C:\Users\WandileK\AppData\Local\Packages\PythonSoftwareFoundation.Python.3.12_qbz5n2kfra8p0\LocalCache\local-packages\Python312\site-packages\openpyxl\reader\excel.py", line 134, in read_manifest
    src = self.archive.read(ARC_CONTENT_TYPES)
          ^^^^^^^^^^^^^^^^^^^^^^^^^^^^^^^^^^^^
  File "C:\Program Files\WindowsApps\PythonSoftwareFoundation.Python.3.12_3.12.2800.0_x64__qbz5n2kfra8p0\Lib\zipfile\__init__.py", line 1571, in read
    with self.open(name, "r", pwd) as fp:
         ^^^^^^^^^^^^^^^^^^^^^^^^^
  File "C:\Program Files\WindowsApps\PythonSoftwareFoundation.Python.3.12_3.12.2800.0_x64__qbz5n2kfra8p0\Lib\zipfile\__init__.py", line 1608, in open
    zinfo = self.getinfo(name)
            ^^^^^^^^^^^^^^^^^^
  File "C:\Program Files\WindowsApps\PythonSoftwareFoundation.Python.3.12_3.12.2800.0_x64__qbz5n2kfra8p0\Lib\zipfile\__init__.py", line 1536, in getinfo
    raise KeyError(
KeyError: "There is no item named '[Content_Types].xml' in the archive"

The above exception was the direct cause of the following exception:

Traceback (most recent call last):
  File "C:\Users\WandileK\OneDrive - HollywoodBets\Desktop\serp_monitor_app\scripts\SEO_SERP_Monitor_Aviator.py", line 1054, in run_once
    wb, ws, state_ws = open_or_create_workbook()
                       ^^^^^^^^^^^^^^^^^^^^^^^^^
  File "C:\Users\WandileK\OneDrive - HollywoodBets\Desktop\serp_monitor_app\scripts\SEO_SERP_Monitor_Aviator.py", line 941, in open_or_create_workbook
    raise RuntimeError(
RuntimeError: Could not open C:\Users\WandileK\OneDrive - HollywoodBets\Desktop\serp_monitor_app\scripts\aviator_rankings.xlsx. If it is open in Excel, close it and try again.

Run failed: Could not open C:\Users\WandileK\OneDrive - HollywoodBets\Desktop\serp_monitor_app\scripts\aviator_rankings.xlsx. If it is open in Excel, close it and try again.
2026-10-05 12:12:08,621 [INFO] Browser closed.
WARNING: SEO_SERP_Monitor_aviator failed with exit code 1. Continuing with remaining keywords.
------------------------------------------------------------
Starting SEO_SERP_Monitor_lucky_numbers...
2026-10-05 12:12:13,968 [INFO] ============================================================
2026-10-05 12:12:13,969 [INFO] Run start: 2026-10-05T12:12:13.968318+02:00 | keyword=Lucky Numbers
2026-10-05 12:12:13,979 [INFO] Starting Playwright with dedicated SERP Chrome profile: C:\Users\WandileK\OneDrive - HollywoodBets\Desktop\serp_monitor_app\scripts\serp_chrome_profile_lucky_numbers
2026-10-05 12:12:13,979 [INFO] Headless mode: True
2026-10-05 12:12:17,269 [INFO] Persistent Chrome context ready.
2026-10-05 12:12:17,624 [INFO] GET https://www.google.com/search?q=Lucky+Numbers&hl=en&gl=za&num=10&pws=0
2026-10-05 12:12:20,761 [INFO] SERP loaded.
2026-10-05 12:12:20,773 [INFO] Visible h3 result titles: 9
2026-10-05 12:12:24,944 [INFO] Organic extracted: 0
2026-10-05 12:12:24,945 [WARNING] Only 0 organic results were extracted; expected 10.
2026-10-05 12:12:24,945 [ERROR] Run failed: No organic results were extracted from Google.
2026-10-05 12:12:24,948 [ERROR] Traceback (most recent call last):
  File "C:\Users\WandileK\OneDrive - HollywoodBets\Desktop\serp_monitor_app\scripts\SEO_SERP_Monitor_Lucky_Numbers.py", line 1052, in run_once
    raise RuntimeError("No organic results were extracted from Google.")
RuntimeError: No organic results were extracted from Google.

Run failed: No organic results were extracted from Google.
2026-10-05 12:12:25,918 [INFO] Browser closed.
WARNING: SEO_SERP_Monitor_lucky_numbers failed with exit code 1. Continuing with remaining keywords.
------------------------------------------------------------
Starting SEO_SERP_Monitor_online_slots...
2026-10-05 12:12:29,937 [INFO] ============================================================
2026-10-05 12:12:29,937 [INFO] Run start: 2026-10-05T12:12:29.937977+02:00 | keyword=Online Slots
2026-10-05 12:12:29,946 [INFO] Starting Playwright with dedicated SERP Chrome profile: C:\Users\WandileK\OneDrive - HollywoodBets\Desktop\serp_monitor_app\scripts\serp_chrome_profile_online_slots
2026-10-05 12:12:29,947 [INFO] Headless mode: True
2026-10-05 12:12:33,444 [INFO] Persistent Chrome context ready.
2026-10-05 12:12:34,447 [INFO] GET https://www.google.com/search?q=Online+Slots&hl=en&gl=za&num=10&pws=0
2026-10-05 12:12:36,759 [INFO] SERP loaded.
2026-10-05 12:12:36,779 [INFO] Visible h3 result titles: 9
2026-10-05 12:12:40,124 [INFO] Rank 1 | betway.co.za | Online Slots Games | Betway | Register & Get Free Spins
2026-10-05 12:12:45,730 [INFO] Organic extracted: 1
2026-10-05 12:12:45,732 [WARNING] Only 1 organic results were extracted; expected 10.
2026-10-05 12:12:46,002 [INFO] Updated 1 SERP rows for 2026-10-05 at 12:00
2026-10-05 12:12:46,898 [INFO] Excel workbook saved: C:\Users\WandileK\OneDrive - HollywoodBets\Desktop\serp_monitor_app\scripts\online_slots_rankings.xlsx
============================================================
HOLLYWOODBETS SEO SERP CHECK
============================================================
Keyword: Online Slots
Date: 2026-10-05
Capture hour: 12:00
Organic results collected: 1
------------------------------------------------------------
1. Betway | betway.co.za
------------------------------------------------------------
Hollywoodbets rank: None
Results saved: C:\Users\WandileK\OneDrive - HollywoodBets\Desktop\serp_monitor_app\scripts\online_slots_rankings.xlsx
============================================================
2026-10-05 12:12:49,729 [INFO] Browser closed.
SEO_SERP_Monitor_online_slots completed successfully.
------------------------------------------------------------
Starting SEO_SERP_Monitor_soccer_betting...
2026-10-05 12:12:54,676 [INFO] ============================================================
2026-10-05 12:12:54,678 [INFO] Run start: 2026-10-05T12:12:54.676990+02:00 | keyword=Soccer Betting
2026-10-05 12:12:54,683 [INFO] Starting Playwright with dedicated SERP Chrome profile: C:\Users\WandileK\OneDrive - HollywoodBets\Desktop\serp_monitor_app\scripts\serp_chrome_profile_soccer_betting
2026-10-05 12:12:54,684 [INFO] Headless mode: True
2026-10-05 12:12:57,433 [INFO] Persistent Chrome context ready.
2026-10-05 12:12:57,701 [INFO] GET https://www.google.com/search?q=Soccer+Betting&hl=en&gl=za&num=10&pws=0
2026-10-05 12:13:00,288 [INFO] SERP loaded.
2026-10-05 12:13:00,312 [INFO] Visible h3 result titles: 9
2026-10-05 12:13:06,915 [INFO] Organic extracted: 0
2026-10-05 12:13:06,934 [WARNING] Only 0 organic results were extracted; expected 10.
2026-10-05 12:13:06,939 [ERROR] Run failed: No organic results were extracted from Google.
2026-10-05 12:13:06,955 [ERROR] Traceback (most recent call last):
  File "C:\Users\WandileK\OneDrive - HollywoodBets\Desktop\serp_monitor_app\scripts\SEO_SERP_Monitor_Soccer_Betting.py", line 1052, in run_once
    raise RuntimeError("No organic results were extracted from Google.")
RuntimeError: No organic results were extracted from Google.

Run failed: No organic results were extracted from Google.
2026-10-05 12:13:10,794 [INFO] Browser closed.
WARNING: SEO_SERP_Monitor_soccer_betting failed with exit code 1. Continuing with remaining keywords.
Starting Excel to PostgreSQL sync (first pass)...
aviator_rankings.xlsx: SYNC SKIPPED: "There is no item named '[Content_Types].xml' in the archive"
lucky_numbers_rankings.xlsx: SYNC SKIPPED: "There is no item named '[Content_Types].xml' in the archive"
soccer_betting_rankings.xlsx: SYNC SKIPPED: soccer_betting_rankings.xlsx: missing SERP Rankings worksheet.
online_slots_rankings.xlsx: captures created=1, existing captures refreshed=1.
Imported all real Excel data: captures created=1, existing captures refreshed=1.
Excel to PostgreSQL sync completed successfully (first pass).
------------------------------------------------------------
One or more scrapers failed. Waiting 15 minutes, then retrying only failed scrapers.
============================================================
[2026/10/05 12:21:40,33] CAPTURE + SYNC START
Excel to PostgreSQL sync completed successfully ().
------------------------------------------------------------
Starting SEO_SERP_Monitor_aviator...
2026-10-05 12:21:52,816 [INFO] ============================================================
2026-10-05 12:21:52,817 [INFO] Run start: 2026-10-05T12:21:52.816175+02:00 | keyword=Aviator
2026-10-05 12:21:52,820 [INFO] Starting Playwright with dedicated SERP Chrome profile: C:\Users\WandileK\OneDrive - HollywoodBets\Desktop\serp_monitor_app\scripts\serp_chrome_profile
2026-10-05 12:21:52,821 [INFO] Headless mode: True
2026-10-05 12:21:55,283 [INFO] Persistent Chrome context ready.
2026-10-05 12:21:55,431 [INFO] GET https://www.google.com/search?q=Aviator&hl=en&gl=za&num=10&pws=0
2026-10-05 12:22:13,498 [WARNING] Google blocked this run: bot-detection page
Google blocked this run: bot-detection page
2026-10-05 12:22:15,681 [INFO] Browser closed.
WARNING: SEO_SERP_Monitor_aviator failed with exit code 1. Continuing with remaining keywords.
------------------------------------------------------------
Starting SEO_SERP_Monitor_lucky_numbers...
2026-10-05 12:22:22,522 [INFO] ============================================================
2026-10-05 12:22:22,523 [INFO] Run start: 2026-10-05T12:22:22.521347+02:00 | keyword=Lucky Numbers
2026-10-05 12:22:22,536 [INFO] Starting Playwright with dedicated SERP Chrome profile: C:\Users\WandileK\OneDrive - HollywoodBets\Desktop\serp_monitor_app\scripts\serp_chrome_profile
2026-10-05 12:22:22,538 [INFO] Headless mode: True
2026-10-05 12:22:26,707 [INFO] Persistent Chrome context ready.
2026-10-05 12:22:27,129 [INFO] GET https://www.google.com/search?q=Lucky+Numbers&hl=en&gl=za&num=10&pws=0
2026-10-05 12:22:49,118 [WARNING] Google blocked this run: bot-detection page
Google blocked this run: bot-detection page
2026-10-05 12:22:52,787 [INFO] Browser closed.
WARNING: SEO_SERP_Monitor_lucky_numbers failed with exit code 1. Continuing with remaining keywords.
------------------------------------------------------------
Starting SEO_SERP_Monitor_online_slots...
2026-10-05 12:22:57,912 [INFO] ============================================================
2026-10-05 12:22:57,914 [INFO] Run start: 2026-10-05T12:22:57.912622+02:00 | keyword=Online Slots
2026-10-05 12:22:57,919 [INFO] Starting Playwright with dedicated SERP Chrome profile: C:\Users\WandileK\OneDrive - HollywoodBets\Desktop\serp_monitor_app\scripts\serp_chrome_profile
2026-10-05 12:22:57,921 [INFO] Headless mode: True
2026-10-05 12:23:05,135 [INFO] Persistent Chrome context ready.
2026-10-05 12:23:05,620 [INFO] GET https://www.google.com/search?q=Online+Slots&hl=en&gl=za&num=10&pws=0
2026-10-05 12:23:25,682 [WARNING] Google blocked this run: bot-detection page
Google blocked this run: bot-detection page
2026-10-05 12:23:32,212 [INFO] Browser closed.
WARNING: SEO_SERP_Monitor_online_slots failed with exit code 1. Continuing with remaining keywords.
------------------------------------------------------------
Starting SEO_SERP_Monitor_soccer_betting...
2026-10-05 12:23:39,160 [INFO] ============================================================
2026-10-05 12:23:39,162 [INFO] Run start: 2026-10-05T12:23:39.158902+02:00 | keyword=Soccer Betting
2026-10-05 12:23:39,165 [INFO] Starting Playwright with dedicated SERP Chrome profile: C:\Users\WandileK\OneDrive - HollywoodBets\Desktop\serp_monitor_app\scripts\serp_chrome_profile
2026-10-05 12:23:39,167 [INFO] Headless mode: True
2026-10-05 12:23:42,948 [INFO] Persistent Chrome context ready.
2026-10-05 12:23:43,285 [INFO] GET https://www.google.com/search?q=Soccer+Betting&hl=en&gl=za&num=10&pws=0
Traceback (most recent call last):
  File "C:\Users\WandileK\OneDrive - HollywoodBets\Desktop\serp_monitor_app\scripts\SEO_SERP_Monitor_Soccer_Betting.py", line 1041, in run_once
    page = search_google(KEYWORD)
           ^^^^^^^^^^^^^^^^^^^^^^
  File "C:\Users\WandileK\OneDrive - HollywoodBets\Desktop\serp_monitor_app\scripts\SEO_SERP_Monitor_Soccer_Betting.py", line 204, in search_google
    page.wait_for_selector("#search h3, #rso h3", timeout=15_000)
  File "C:\Users\WandileK\AppData\Local\Packages\PythonSoftwareFoundation.Python.3.12_qbz5n2kfra8p0\LocalCache\local-packages\Python312\site-packages\playwright\sync_api\_generated.py", line 9061, in wait_for_selector
    self._sync(
  File "C:\Users\WandileK\AppData\Local\Packages\PythonSoftwareFoundation.Python.3.12_qbz5n2kfra8p0\LocalCache\local-packages\Python312\site-packages\playwright\_impl\_sync_base.py", line 113, in _sync
    self._dispatcher_fiber.switch()
  File "C:\Users\WandileK\AppData\Local\Packages\PythonSoftwareFoundation.Python.3.12_qbz5n2kfra8p0\LocalCache\local-packages\Python312\site-packages\playwright\sync_api\_context_manager.py", line 55, in greenlet_main
    self._loop.run_until_complete(self._connection.run_as_sync())
  File "C:\Program Files\WindowsApps\PythonSoftwareFoundation.Python.3.12_3.12.2800.0_x64__qbz5n2kfra8p0\Lib\asyncio\base_events.py", line 678, in run_until_complete
    self.run_forever()
  File "C:\Program Files\WindowsApps\PythonSoftwareFoundation.Python.3.12_3.12.2800.0_x64__qbz5n2kfra8p0\Lib\asyncio\windows_events.py", line 322, in run_forever
    super().run_forever()
  File "C:\Program Files\WindowsApps\PythonSoftwareFoundation.Python.3.12_3.12.2800.0_x64__qbz5n2kfra8p0\Lib\asyncio\base_events.py", line 645, in run_forever
    self._run_once()
  File "C:\Program Files\WindowsApps\PythonSoftwareFoundation.Python.3.12_3.12.2800.0_x64__qbz5n2kfra8p0\Lib\asyncio\base_events.py", line 1961, in _run_once
    event_list = self._selector.select(timeout)
                 ^^^^^^^^^^^^^^^^^^^^^^^^^^^^^^
  File "C:\Program Files\WindowsApps\PythonSoftwareFoundation.Python.3.12_3.12.2800.0_x64__qbz5n2kfra8p0\Lib\asyncio\windows_events.py", line 445, in select
    self._poll(timeout)
  File "C:\Program Files\WindowsApps\PythonSoftwareFoundation.Python.3.12_3.12.2800.0_x64__qbz5n2kfra8p0\Lib\asyncio\windows_events.py", line 774, in _poll
    status = _overlapped.GetQueuedCompletionStatus(self._iocp, ms)
             ^^^^^^^^^^^^^^^^^^^^^^^^^^^^^^^^^^^^^^^^^^^^^^^^^^^^^
KeyboardInterrupt

object address  : 0000022F45E77F40
object refcount : 3
object type     : 00007FF84F98E950
object type name: KeyboardInterrupt
object repr     : KeyboardInterrupt()
lost sys.stderr
Task was destroyed but it is pending!
task: <Task pending name='Task-9' coro=<BrowserContext.close() running at C:\Users\WandileK\AppData\Local\Packages\PythonSoftwareFoundation.Python.3.12_qbz5n2kfra8p0\LocalCache\local-packages\Python312\site-packages\playwright\_impl\_browser_context.py:582> cb=[SyncBase._sync.<locals>.<lambda>() at C:\Users\WandileK\AppData\Local\Packages\PythonSoftwareFoundation.Python.3.12_qbz5n2kfra8p0\LocalCache\local-packages\Python312\site-packages\playwright\_impl\_sync_base.py:111]>
C:\Program Files\WindowsApps\PythonSoftwareFoundation.Python.3.12_3.12.2800.0_x64__qbz5n2kfra8p0\Lib\asyncio\base_events.py:716: RuntimeWarning: coroutine 'BrowserContext.close' was never awaited
Task was destroyed but it is pending!
task: <Task pending name='Task-8' coro=<Page.wait_for_selector() done, defined at C:\Users\WandileK\AppData\Local\Packages\PythonSoftwareFoundation.Python.3.12_qbz5n2kfra8p0\LocalCache\local-packages\Python312\site-packages\playwright\_impl\_page.py:422> wait_for=<Future pending cb=[Task.task_wakeup()]> cb=[SyncBase._sync.<locals>.<lambda>() at C:\Users\WandileK\AppData\Local\Packages\PythonSoftwareFoundation.Python.3.12_qbz5n2kfra8p0\LocalCache\local-packages\Python312\site-packages\playwright\_impl\_sync_base.py:111, ProtocolCallback.__init__.<locals>.cb() at C:\Users\WandileK\AppData\Local\Packages\PythonSoftwareFoundation.Python.3.12_qbz5n2kfra8p0\LocalCache\local-packages\Python312\site-packages\playwright\_impl\_connection.py:264]>
Exception ignored in: <function BaseSubprocessTransport.__del__ at 0x0000022F459885E0>
Traceback (most recent call last):
  File "C:\Program Files\WindowsApps\PythonSoftwareFoundation.Python.3.12_3.12.2800.0_x64__qbz5n2kfra8p0\Lib\asyncio\base_subprocess.py", line 125, in __del__
  File "C:\Program Files\WindowsApps\PythonSoftwareFoundation.Python.3.12_3.12.2800.0_x64__qbz5n2kfra8p0\Lib\asyncio\base_subprocess.py", line 70, in __repr__
  File "C:\Program Files\WindowsApps\PythonSoftwareFoundation.Python.3.12_3.12.2800.0_x64__qbz5n2kfra8p0\Lib\asyncio\proactor_events.py", line 80, in __repr__
  File "C:\Program Files\WindowsApps\PythonSoftwareFoundation.Python.3.12_3.12.2800.0_x64__qbz5n2kfra8p0\Lib\asyncio\windows_utils.py", line 102, in fileno
ValueError: I/O operation on closed pipe
Exception ignored in: <function _ProactorBasePipeTransport.__del__ at 0x0000022F45989DA0>
Traceback (most recent call last):
  File "C:\Program Files\WindowsApps\PythonSoftwareFoundation.Python.3.12_3.12.2800.0_x64__qbz5n2kfra8p0\Lib\asyncio\proactor_events.py", line 116, in __del__
  File "C:\Program Files\WindowsApps\PythonSoftwareFoundation.Python.3.12_3.12.2800.0_x64__qbz5n2kfra8p0\Lib\asyncio\proactor_events.py", line 80, in __repr__
  File "C:\Program Files\WindowsApps\PythonSoftwareFoundation.Python.3.12_3.12.2800.0_x64__qbz5n2kfra8p0\Lib\asyncio\windows_utils.py", line 102, in fileno
ValueError: I/O operation on closed pipe
Exception ignored in: <function _ProactorBasePipeTransport.__del__ at 0x0000022F45989DA0>
Traceback (most recent call last):
  File "C:\Program Files\WindowsApps\PythonSoftwareFoundation.Python.3.12_3.12.2800.0_x64__qbz5n2kfra8p0\Lib\asyncio\proactor_events.py", line 116, in __del__
  File "C:\Program Files\WindowsApps\PythonSoftwareFoundation.Python.3.12_3.12.2800.0_x64__qbz5n2kfra8p0\Lib\asyncio\proactor_events.py", line 80, in __repr__
  File "C:\Program Files\WindowsApps\PythonSoftwareFoundation.Python.3.12_3.12.2800.0_x64__qbz5n2kfra8p0\Lib\asyncio\windows_utils.py", line 102, in fileno
ValueError: I/O operation on closed pipe
^C============================================================
[2026/10/05 12:26:06,20] CAPTURE + SYNC START
Excel to PostgreSQL sync completed successfully ().
------------------------------------------------------------
Starting SEO_SERP_Monitor_aviator...
2026-10-05 12:26:25,227 [INFO] ============================================================
2026-10-05 12:26:25,227 [INFO] Run start: 2026-10-05T12:26:25.227328+02:00 | keyword=Aviator
2026-10-05 12:26:25,231 [INFO] Starting Playwright with dedicated SERP Chrome profile: C:\Users\WandileK\OneDrive - HollywoodBets\Desktop\serp_monitor_app\scripts\serp_chrome_profile
2026-10-05 12:26:25,232 [INFO] Headless mode: False
2026-10-05 12:26:28,798 [INFO] Persistent Chrome context ready.
2026-10-05 12:26:29,072 [INFO] GET https://www.google.com/search?q=Aviator&hl=en&gl=za&num=10&pws=0
2026-10-05 12:26:32,691 [INFO] SERP loaded.
2026-10-05 12:26:32,706 [INFO] Visible h3 result titles: 9
2026-10-05 12:26:35,067 [INFO] Rank 1 | betway.co.za | Betway
2026-10-05 12:26:39,990 [INFO] Organic extracted: 1
2026-10-05 12:26:39,990 [WARNING] Only 1 organic results were extracted; expected 10.
2026-10-05 12:26:40,146 [INFO] Updated 1 SERP rows for 2026-10-05 at 12:00
2026-10-05 12:26:40,394 [INFO] Excel workbook saved: C:\Users\WandileK\OneDrive - HollywoodBets\Desktop\serp_monitor_app\scripts\aviator_rankings.xlsx
============================================================
HOLLYWOODBETS SEO SERP CHECK
============================================================
Keyword: Aviator
Date: 2026-10-05
Capture hour: 12:00
Organic results collected: 1
------------------------------------------------------------
1. Betway | betway.co.za
------------------------------------------------------------
Hollywoodbets rank: None
Results saved: C:\Users\WandileK\OneDrive - HollywoodBets\Desktop\serp_monitor_app\scripts\aviator_rankings.xlsx
============================================================
2026-10-05 12:26:44,736 [INFO] Browser closed.
SEO_SERP_Monitor_aviator completed successfully.
------------------------------------------------------------
Starting SEO_SERP_Monitor_lucky_numbers...
2026-10-05 12:26:51,149 [INFO] ============================================================
2026-10-05 12:26:51,149 [INFO] Run start: 2026-10-05T12:26:51.149064+02:00 | keyword=Lucky Numbers
2026-10-05 12:26:51,156 [INFO] Starting Playwright with dedicated SERP Chrome profile: C:\Users\WandileK\OneDrive - HollywoodBets\Desktop\serp_monitor_app\scripts\serp_chrome_profile
2026-10-05 12:26:51,156 [INFO] Headless mode: False
2026-10-05 12:26:55,639 [INFO] Persistent Chrome context ready.
2026-10-05 12:26:55,964 [INFO] GET https://www.google.com/search?q=Lucky+Numbers&hl=en&gl=za&num=10&pws=0
2026-10-05 12:26:57,911 [INFO] SERP loaded.
2026-10-05 12:26:57,922 [INFO] Visible h3 result titles: 9
2026-10-05 12:27:00,610 [INFO] Rank 1 | takealot.com | Raven's Lucky Numbers Book of Places: USA Edition
2026-10-05 12:27:04,713 [INFO] Organic extracted: 1
2026-10-05 12:27:04,713 [WARNING] Only 1 organic results were extracted; expected 10.
2026-10-05 12:27:04,744 [INFO] Updated 1 SERP rows for 2026-10-05 at 12:00
2026-10-05 12:27:04,844 [INFO] Excel workbook saved: C:\Users\WandileK\OneDrive - HollywoodBets\Desktop\serp_monitor_app\scripts\lucky_numbers_rankings.xlsx
============================================================
HOLLYWOODBETS SEO SERP CHECK
============================================================
Keyword: Lucky Numbers
Date: 2026-10-05
Capture hour: 12:00
Organic results collected: 1
------------------------------------------------------------
1. Takealot | takealot.com
------------------------------------------------------------
Hollywoodbets rank: None
Results saved: C:\Users\WandileK\OneDrive - HollywoodBets\Desktop\serp_monitor_app\scripts\lucky_numbers_rankings.xlsx
============================================================
2026-10-05 12:27:10,134 [INFO] Browser closed.
SEO_SERP_Monitor_lucky_numbers completed successfully.
------------------------------------------------------------
Starting SEO_SERP_Monitor_online_slots...
2026-10-05 12:27:17,672 [INFO] ============================================================
2026-10-05 12:27:17,674 [INFO] Run start: 2026-10-05T12:27:17.672384+02:00 | keyword=Online Slots
2026-10-05 12:27:17,679 [INFO] Starting Playwright with dedicated SERP Chrome profile: C:\Users\WandileK\OneDrive - HollywoodBets\Desktop\serp_monitor_app\scripts\serp_chrome_profile
2026-10-05 12:27:17,681 [INFO] Headless mode: False
2026-10-05 12:27:20,993 [INFO] Persistent Chrome context ready.
2026-10-05 12:27:21,304 [INFO] GET https://www.google.com/search?q=Online+Slots&hl=en&gl=za&num=10&pws=0
2026-10-05 12:27:25,372 [INFO] SERP loaded.
2026-10-05 12:27:25,382 [INFO] Visible h3 result titles: 9
2026-10-05 12:27:26,940 [INFO] Rank 1 | betway.co.za | Online Slots Games | Betway | Register & Get Free Spins
2026-10-05 12:27:33,766 [INFO] Rank 2 | casino.co.za | 2026's Top Roulette Slots Games Online
2026-10-05 12:27:35,608 [INFO] Rank 3 | thepost.co.za | Top five new online slot machines coming soon to the South ...
2026-10-05 12:27:37,747 [INFO] Rank 4 | playcasino.co.za | Best Online Slots South Africa: Free Play & Real Money Slots
2026-10-05 12:27:42,427 [INFO] Rank 5 | unibet.co.uk | Online Slots | Play UK Slot Games with Unibet
2026-10-05 12:27:44,641 [INFO] Rank 6 | iol.co.za | 5 new online slots to play in South Africa in September 2025
2026-10-05 12:27:51,277 [INFO] Rank 7 | youtube.com | ONLINE SLOTS Tips, How To, and what could cost you
2026-10-05 12:27:54,142 [INFO] Rank 8 | bettingguide.co.za | How to Play Online Slots in South Africa
2026-10-05 12:27:58,092 [INFO] Rank 9 | casinolife.co.za | Play in the Best Online Slots for Real Money in South Africa
2026-10-05 12:27:58,092 [INFO] Organic extracted: 9
2026-10-05 12:27:58,093 [WARNING] Only 9 organic results were extracted; expected 10.
2026-10-05 12:27:58,118 [INFO] Updated 9 SERP rows for 2026-10-05 at 12:00
2026-10-05 12:27:58,214 [INFO] Excel workbook saved: C:\Users\WandileK\OneDrive - HollywoodBets\Desktop\serp_monitor_app\scripts\online_slots_rankings.xlsx
============================================================
HOLLYWOODBETS SEO SERP CHECK
============================================================
Keyword: Online Slots
Date: 2026-10-05
Capture hour: 12:00
Organic results collected: 9
------------------------------------------------------------
1. Betway | betway.co.za
2. Casino | casino.co.za
3. Thepost | thepost.co.za
4. Playcasino | playcasino.co.za
5. Unibet | unibet.co.uk
6. Iol | iol.co.za
7. Youtube | youtube.com
8. Bettingguide | bettingguide.co.za
9. Casinolife | casinolife.co.za
------------------------------------------------------------
Hollywoodbets rank: None
Results saved: C:\Users\WandileK\OneDrive - HollywoodBets\Desktop\serp_monitor_app\scripts\online_slots_rankings.xlsx
============================================================
2026-10-05 12:27:59,017 [INFO] Browser closed.
SEO_SERP_Monitor_online_slots completed successfully.
------------------------------------------------------------
Starting SEO_SERP_Monitor_soccer_betting...
2026-10-05 12:28:01,557 [INFO] ============================================================
2026-10-05 12:28:01,558 [INFO] Run start: 2026-10-05T12:28:01.557110+02:00 | keyword=Soccer Betting
2026-10-05 12:28:01,560 [INFO] Starting Playwright with dedicated SERP Chrome profile: C:\Users\WandileK\OneDrive - HollywoodBets\Desktop\serp_monitor_app\scripts\serp_chrome_profile
2026-10-05 12:28:01,560 [INFO] Headless mode: False
2026-10-05 12:28:03,092 [INFO] Persistent Chrome context ready.
2026-10-05 12:28:03,309 [INFO] GET https://www.google.com/search?q=Soccer+Betting&hl=en&gl=za&num=10&pws=0
2026-10-05 12:28:05,488 [INFO] SERP loaded.
2026-10-05 12:28:05,500 [INFO] Visible h3 result titles: 9
2026-10-05 12:28:07,358 [INFO] Rank 1 | betway.co.za | Soccer Betting & Soccer Odds - Betway MW
2026-10-05 12:28:11,240 [INFO] Organic extracted: 1
2026-10-05 12:28:11,240 [WARNING] Only 1 organic results were extracted; expected 10.
2026-10-05 12:28:11,276 [INFO] Updated 1 SERP rows for 2026-10-05 at 12:00
2026-10-05 12:28:11,409 [INFO] Excel workbook saved: C:\Users\WandileK\OneDrive - HollywoodBets\Desktop\serp_monitor_app\scripts\soccer_betting_rankings.xlsx
============================================================
HOLLYWOODBETS SEO SERP CHECK
============================================================
Keyword: Soccer Betting
Date: 2026-10-05
Capture hour: 12:00
Organic results collected: 1
------------------------------------------------------------
1. Betway | betway.co.za
------------------------------------------------------------
Hollywoodbets rank: None
Results saved: C:\Users\WandileK\OneDrive - HollywoodBets\Desktop\serp_monitor_app\scripts\soccer_betting_rankings.xlsx
============================================================
2026-10-05 12:28:23,608 [INFO] Browser closed.
SEO_SERP_Monitor_soccer_betting completed successfully.
Starting Excel to PostgreSQL sync (first pass)...
aviator_rankings.xlsx: captures created=1, existing captures refreshed=0.
lucky_numbers_rankings.xlsx: captures created=1, existing captures refreshed=0.
online_slots_rankings.xlsx: captures created=0, existing captures refreshed=1.
soccer_betting_rankings.xlsx: captures created=1, existing captures refreshed=0.
Imported all real Excel data: captures created=3, existing captures refreshed=1.
Excel to PostgreSQL sync completed successfully (first pass).
============================================================
[2026/10/05 12:28:31,43] CAPTURE + SYNC COMPLETE
============================================================
============================================================
[2026/10/05 12:31:18,72] CAPTURE + SYNC START
Excel to PostgreSQL sync completed successfully ().
------------------------------------------------------------
Starting SEO_SERP_Monitor_aviator...
2026-10-05 12:31:29,757 [INFO] ============================================================
2026-10-05 12:31:29,758 [INFO] Run start: 2026-10-05T12:31:29.757697+02:00 | keyword=Aviator
2026-10-05 12:31:29,762 [INFO] Starting Playwright with dedicated SERP Chrome profile: C:\Users\WandileK\OneDrive - HollywoodBets\Desktop\serp_monitor_app\scripts\serp_chrome_profile
2026-10-05 12:31:29,762 [INFO] Headless mode: False
2026-10-05 12:31:33,096 [INFO] Persistent Chrome context ready.
2026-10-05 12:31:33,309 [INFO] GET https://www.google.com/search?q=Aviator&hl=en&gl=za&num=10&pws=0
2026-10-05 12:31:35,180 [INFO] SERP loaded.
2026-10-05 12:31:35,192 [INFO] Visible h3 result titles: 10
2026-10-05 12:31:41,971 [INFO] Rank 1 | hollywoodbets.net | Play Aviator | Aviator Game | Hollywoodbets SA
2026-10-05 12:31:44,790 [INFO] Rank 2 | betway.co.za | Play Online Casino Games - Register ...
2026-10-05 12:31:47,175 [INFO] Rank 3 | betway.co.za | Play Aviator and reach for the sky | Betway Sports betting
2026-10-05 12:31:51,089 [INFO] Rank 4 | 10bet.co.za | Play Aviator Game Online | Crash Game by Spribe
2026-10-05 12:31:54,763 [INFO] Rank 5 | livescore.com | How to Play Aviator on Betway 2026: Get 10 Free Flights
--- Logging error ---
Traceback (most recent call last):
  File "C:\Program Files\WindowsApps\PythonSoftwareFoundation.Python.3.12_3.12.2800.0_x64__qbz5n2kfra8p0\Lib\logging\__init__.py", line 1163, in emit
    stream.write(msg + self.terminator)
  File "C:\Program Files\WindowsApps\PythonSoftwareFoundation.Python.3.12_3.12.2800.0_x64__qbz5n2kfra8p0\Lib\encodings\cp1252.py", line 19, in encode
    return codecs.charmap_encode(input,self.errors,encoding_table)[0]
           ^^^^^^^^^^^^^^^^^^^^^^^^^^^^^^^^^^^^^^^^^^^^^^^^^^^^^^^
UnicodeEncodeError: 'charmap' codec can't encode characters in position 102-103: character maps to <undefined>
Call stack:
  File "C:\Users\WandileK\OneDrive - HollywoodBets\Desktop\serp_monitor_app\scripts\SEO_SERP_Monitor_Aviator.py", line 1152, in <module>
    result = run_once()
  File "C:\Users\WandileK\OneDrive - HollywoodBets\Desktop\serp_monitor_app\scripts\SEO_SERP_Monitor_Aviator.py", line 1042, in run_once
    results = extract_organic_results(page)
  File "C:\Users\WandileK\OneDrive - HollywoodBets\Desktop\serp_monitor_app\scripts\SEO_SERP_Monitor_Aviator.py", line 490, in extract_organic_results
    logger.info("Rank %d | %s | %s", rank, domain, title)
Message: 'Rank %d | %s | %s'
Arguments: (6, 'ajkksaedu.in', 'Aviator Game | Official Aviator app [Verified] \u2b50\ufe0f Download ...')
2026-10-05 12:31:58,215 [INFO] Rank 7 | betway.co.za | Play Aviator | Register and Get 10 Free Flights
2026-10-05 12:32:01,140 [INFO] Rank 8 | en.wikipedia.org | Aircraft pilot
2026-10-05 12:32:03,231 [INFO] Rank 9 | spribe.co | Aviator
2026-10-05 12:32:03,232 [INFO] Organic extracted: 9
2026-10-05 12:32:03,232 [WARNING] Only 9 organic results were extracted; expected 10.
2026-10-05 12:32:03,286 [INFO] Updated 9 SERP rows for 2026-10-05 at 12:00
2026-10-05 12:32:03,349 [INFO] Excel workbook saved: C:\Users\WandileK\OneDrive - HollywoodBets\Desktop\serp_monitor_app\scripts\aviator_rankings.xlsx
============================================================
HOLLYWOODBETS SEO SERP CHECK
============================================================
Keyword: Aviator
Date: 2026-10-05
Capture hour: 12:00
Organic results collected: 9
------------------------------------------------------------
1. Hollywoodbets | hollywoodbets.net
2. Betway | betway.co.za
3. Betway | betway.co.za
4. 10bet | 10bet.co.za
5. LiveScore | livescore.com
6. Ajkksaedu | ajkksaedu.in
7. Betway | betway.co.za
8. En | en.wikipedia.org
9. SPRIBE | spribe.co
------------------------------------------------------------
Hollywoodbets rank: 1
Results saved: C:\Users\WandileK\OneDrive - HollywoodBets\Desktop\serp_monitor_app\scripts\aviator_rankings.xlsx
============================================================
2026-10-05 12:32:04,003 [INFO] Browser closed.
SEO_SERP_Monitor_aviator completed successfully.
------------------------------------------------------------
Starting SEO_SERP_Monitor_lucky_numbers...
2026-10-05 12:32:07,074 [INFO] ============================================================
2026-10-05 12:32:07,075 [INFO] Run start: 2026-10-05T12:32:07.074400+02:00 | keyword=Lucky Numbers
2026-10-05 12:32:07,078 [INFO] Starting Playwright with dedicated SERP Chrome profile: C:\Users\WandileK\OneDrive - HollywoodBets\Desktop\serp_monitor_app\scripts\serp_chrome_profile
2026-10-05 12:32:07,078 [INFO] Headless mode: False
2026-10-05 12:32:11,329 [INFO] Persistent Chrome context ready.
2026-10-05 12:32:12,221 [INFO] GET https://www.google.com/search?q=Lucky+Numbers&hl=en&gl=za&num=10&pws=0
2026-10-05 12:32:15,194 [INFO] SERP loaded.
2026-10-05 12:32:15,215 [INFO] Visible h3 result titles: 9
2026-10-05 12:32:19,188 [INFO] Rank 1 | hollywoodbets.net | Lucky Numbers for today
2026-10-05 12:32:24,001 [INFO] Organic extracted: 1
2026-10-05 12:32:24,001 [WARNING] Only 1 organic results were extracted; expected 10.
2026-10-05 12:32:24,075 [INFO] Updated 1 SERP rows for 2026-10-05 at 12:00
2026-10-05 12:32:24,167 [INFO] Excel workbook saved: C:\Users\WandileK\OneDrive - HollywoodBets\Desktop\serp_monitor_app\scripts\lucky_numbers_rankings.xlsx
============================================================
HOLLYWOODBETS SEO SERP CHECK
============================================================
Keyword: Lucky Numbers
Date: 2026-10-05
Capture hour: 12:00
Organic results collected: 1
------------------------------------------------------------
1. Hollywoodbets | hollywoodbets.net
------------------------------------------------------------
Hollywoodbets rank: 1
Results saved: C:\Users\WandileK\OneDrive - HollywoodBets\Desktop\serp_monitor_app\scripts\lucky_numbers_rankings.xlsx
============================================================
2026-10-05 12:32:25,758 [INFO] Browser closed.
SEO_SERP_Monitor_lucky_numbers completed successfully.
------------------------------------------------------------
Starting SEO_SERP_Monitor_online_slots...
2026-10-05 12:32:33,081 [INFO] ============================================================
2026-10-05 12:32:33,081 [INFO] Run start: 2026-10-05T12:32:33.081638+02:00 | keyword=Online Slots
2026-10-05 12:32:33,086 [INFO] Starting Playwright with dedicated SERP Chrome profile: C:\Users\WandileK\OneDrive - HollywoodBets\Desktop\serp_monitor_app\scripts\serp_chrome_profile
2026-10-05 12:32:33,086 [INFO] Headless mode: False
2026-10-05 12:32:38,648 [INFO] Persistent Chrome context ready.
2026-10-05 12:32:38,983 [INFO] GET https://www.google.com/search?q=Online+Slots&hl=en&gl=za&num=10&pws=0
2026-10-05 12:32:41,375 [INFO] SERP loaded.
2026-10-05 12:32:41,467 [INFO] Visible h3 result titles: 10
2026-10-05 12:32:44,788 [INFO] Rank 1 | betway.co.za | Online Slots Games | Betway | Register & Get Free Spins
2026-10-05 12:32:47,568 [INFO] Rank 2 | hollywoodbets.net | Online Slot Games
2026-10-05 12:32:56,279 [INFO] Rank 3 | worldsportsbetting.co.za | Online Slot Games | Play Real Money ...
2026-10-05 12:33:04,810 [INFO] Rank 4 | betolimp.co.za | Play Online Slots for Real Money in South Africa
2026-10-05 12:33:07,093 [INFO] Rank 5 | foxybingo.com | Play Online Slots UK | Foxy Games
2026-10-05 12:33:10,135 [INFO] Rank 6 | supersportbet.com | Online Casino Games | Slots, Crash & Live Dealer
2026-10-05 12:33:14,682 [INFO] Rank 7 | fortunesultimateslots.com | Caesars Slots – Free Slots & Online Social Casino
2026-10-05 12:33:18,069 [INFO] Rank 8 | betway.com | Play Slot Games Online
2026-10-05 12:33:25,181 [INFO] Rank 9 | playojo.com | Online Slots - Play slot games in UK at PlayOJO
2026-10-05 12:33:25,181 [INFO] Organic extracted: 9
2026-10-05 12:33:25,181 [WARNING] Only 9 organic results were extracted; expected 10.
2026-10-05 12:33:25,338 [INFO] Updated 9 SERP rows for 2026-10-05 at 12:00
2026-10-05 12:33:25,622 [INFO] Excel workbook saved: C:\Users\WandileK\OneDrive - HollywoodBets\Desktop\serp_monitor_app\scripts\online_slots_rankings.xlsx
============================================================
HOLLYWOODBETS SEO SERP CHECK
============================================================
Keyword: Online Slots
Date: 2026-10-05
Capture hour: 12:00
Organic results collected: 9
------------------------------------------------------------
1. Betway | betway.co.za
2. Hollywoodbets | hollywoodbets.net
3. Worldsportsbetting | worldsportsbetting.co.za
4. Betolimp | betolimp.co.za
5. Foxybingo | foxybingo.com
6. Supersportbet | supersportbet.com
7. Fortunesultimateslots | fortunesultimateslots.com
8. Betway | betway.com
9. Playojo | playojo.com
------------------------------------------------------------
Hollywoodbets rank: 2
Results saved: C:\Users\WandileK\OneDrive - HollywoodBets\Desktop\serp_monitor_app\scripts\online_slots_rankings.xlsx
============================================================
2026-10-05 12:35:29,753 [INFO] Browser closed.
SEO_SERP_Monitor_online_slots completed successfully.
------------------------------------------------------------
Starting SEO_SERP_Monitor_soccer_betting...
2026-10-05 12:35:32,424 [INFO] ============================================================
2026-10-05 12:35:32,425 [INFO] Run start: 2026-10-05T12:35:32.424773+02:00 | keyword=Soccer Betting
2026-10-05 12:35:32,429 [INFO] Starting Playwright with dedicated SERP Chrome profile: C:\Users\WandileK\OneDrive - HollywoodBets\Desktop\serp_monitor_app\scripts\serp_chrome_profile
2026-10-05 12:35:32,429 [INFO] Headless mode: False
2026-10-05 12:35:34,535 [INFO] Persistent Chrome context ready.
2026-10-05 12:35:34,769 [INFO] GET https://www.google.com/search?q=Soccer+Betting&hl=en&gl=za&num=10&pws=0
2026-10-05 12:35:39,152 [INFO] SERP loaded.
2026-10-05 12:35:39,173 [INFO] Visible h3 result titles: 9
2026-10-05 12:35:43,410 [INFO] Rank 1 | worldsportsbetting.co.za | Soccer Betting | Premier League, PSL & More
2026-10-05 12:35:48,174 [INFO] Organic extracted: 1
2026-10-05 12:35:48,174 [WARNING] Only 1 organic results were extracted; expected 10.
2026-10-05 12:35:48,276 [INFO] Updated 1 SERP rows for 2026-10-05 at 12:00
2026-10-05 12:35:48,529 [INFO] Excel workbook saved: C:\Users\WandileK\OneDrive - HollywoodBets\Desktop\serp_monitor_app\scripts\soccer_betting_rankings.xlsx
============================================================
HOLLYWOODBETS SEO SERP CHECK
============================================================
Keyword: Soccer Betting
Date: 2026-10-05
Capture hour: 12:00
Organic results collected: 1
------------------------------------------------------------
1. Worldsportsbetting | worldsportsbetting.co.za
------------------------------------------------------------
Hollywoodbets rank: None
Results saved: C:\Users\WandileK\OneDrive - HollywoodBets\Desktop\serp_monitor_app\scripts\soccer_betting_rankings.xlsx
============================================================
2026-10-05 12:35:51,813 [INFO] Browser closed.
SEO_SERP_Monitor_soccer_betting completed successfully.
Starting Excel to PostgreSQL sync (first pass)...
aviator_rankings.xlsx: captures created=0, existing captures refreshed=1.
lucky_numbers_rankings.xlsx: captures created=0, existing captures refreshed=1.
online_slots_rankings.xlsx: captures created=0, existing captures refreshed=1.
soccer_betting_rankings.xlsx: captures created=0, existing captures refreshed=1.
Imported all real Excel data: captures created=0, existing captures refreshed=4.
Excel to PostgreSQL sync completed successfully (first pass).
============================================================
[2026/10/05 12:35:59,69] CAPTURE + SYNC COMPLETE
============================================================
============================================================
[2026/10/05 13:35:14,42] CAPTURE + SYNC START
Excel to PostgreSQL sync completed successfully ().
------------------------------------------------------------
Starting SEO_SERP_Monitor_aviator...
2026-10-05 13:35:19,376 [INFO] ============================================================
2026-10-05 13:35:19,377 [INFO] Run start: 2026-10-05T13:35:19.376864+02:00 | keyword=Aviator
2026-10-05 13:35:19,379 [INFO] Starting Playwright with dedicated SERP Chrome profile: C:\Users\WandileK\OneDrive - HollywoodBets\Desktop\serp_monitor_app\scripts\serp_chrome_profile
2026-10-05 13:35:19,380 [INFO] Headless mode: False
2026-10-05 13:35:21,165 [INFO] Persistent Chrome context ready.
2026-10-05 13:35:21,365 [INFO] GET https://www.google.com/search?q=Aviator&hl=en&gl=za&num=10&pws=0
2026-10-05 13:35:22,743 [INFO] SERP loaded.
2026-10-05 13:35:22,750 [INFO] Visible h3 result titles: 9
2026-10-05 13:35:23,848 [INFO] Rank 1 | hollywoodbets.net | Play Aviator | Aviator Game | Hollywoodbets SA
2026-10-05 13:35:25,653 [INFO] Organic extracted: 1
2026-10-05 13:35:25,653 [WARNING] Only 1 organic results were extracted; expected 10.
2026-10-05 13:35:25,691 [INFO] Updated 1 SERP rows for 2026-10-05 at 13:00
2026-10-05 13:35:25,761 [INFO] Excel workbook saved: C:\Users\WandileK\OneDrive - HollywoodBets\Desktop\serp_monitor_app\scripts\aviator_rankings.xlsx
============================================================
HOLLYWOODBETS SEO SERP CHECK
============================================================
Keyword: Aviator
Date: 2026-10-05
Capture hour: 13:00
Organic results collected: 1
------------------------------------------------------------
1. Hollywoodbets | hollywoodbets.net
------------------------------------------------------------
Hollywoodbets rank: 1
Results saved: C:\Users\WandileK\OneDrive - HollywoodBets\Desktop\serp_monitor_app\scripts\aviator_rankings.xlsx
============================================================
2026-10-05 13:35:27,474 [INFO] Browser closed.
SEO_SERP_Monitor_aviator completed successfully.
------------------------------------------------------------
Starting SEO_SERP_Monitor_lucky_numbers...
2026-10-05 13:35:29,798 [INFO] ============================================================
2026-10-05 13:35:29,798 [INFO] Run start: 2026-10-05T13:35:29.797816+02:00 | keyword=Lucky Numbers
2026-10-05 13:35:29,800 [INFO] Starting Playwright with dedicated SERP Chrome profile: C:\Users\WandileK\OneDrive - HollywoodBets\Desktop\serp_monitor_app\scripts\serp_chrome_profile
2026-10-05 13:35:29,800 [INFO] Headless mode: False
2026-10-05 13:35:31,207 [INFO] Persistent Chrome context ready.
2026-10-05 13:35:31,329 [INFO] GET https://www.google.com/search?q=Lucky+Numbers&hl=en&gl=za&num=10&pws=0
2026-10-05 13:35:33,198 [INFO] SERP loaded.
2026-10-05 13:35:33,205 [INFO] Visible h3 result titles: 10
2026-10-05 13:35:34,337 [INFO] Rank 1 | hollywoodbets.net | Lucky Numbers for today
2026-10-05 13:35:36,907 [INFO] Rank 2 | worldsportsbetting.co.za | Play Powerball Online | Lucky Numbers & Jackpots
2026-10-05 13:35:39,523 [INFO] Rank 3 | luckynumber.today | Today Lucky Number
2026-10-05 13:35:41,816 [INFO] Rank 4 | sportybet.co.za | Lucky numbers
2026-10-05 13:35:43,994 [INFO] Rank 5 | supersportbet.com | Dream Guide: How to Bet on Lucky Numbers and Lotteries
2026-10-05 13:35:46,773 [INFO] Rank 6 | en.wikipedia.org | Lucky number
2026-10-05 13:35:48,825 [INFO] Rank 7 | interbet.co.za | Play Lucky Numbers Online at Interbet
2026-10-05 13:35:48,825 [INFO] Organic extracted: 7
2026-10-05 13:35:48,825 [WARNING] Only 7 organic results were extracted; expected 10.
2026-10-05 13:35:48,859 [INFO] Updated 7 SERP rows for 2026-10-05 at 13:00
2026-10-05 13:35:48,909 [INFO] Excel workbook saved: C:\Users\WandileK\OneDrive - HollywoodBets\Desktop\serp_monitor_app\scripts\lucky_numbers_rankings.xlsx
============================================================
HOLLYWOODBETS SEO SERP CHECK
============================================================
Keyword: Lucky Numbers
Date: 2026-10-05
Capture hour: 13:00
Organic results collected: 7
------------------------------------------------------------
1. Hollywoodbets | hollywoodbets.net
2. Worldsportsbetting | worldsportsbetting.co.za
3. Luckynumber | luckynumber.today
4. Sportybet | sportybet.co.za
5. Supersportbet | supersportbet.com
6. En | en.wikipedia.org
7. Interbet | interbet.co.za
------------------------------------------------------------
Hollywoodbets rank: 1
Results saved: C:\Users\WandileK\OneDrive - HollywoodBets\Desktop\serp_monitor_app\scripts\lucky_numbers_rankings.xlsx
============================================================
2026-10-05 13:35:49,290 [INFO] Browser closed.
SEO_SERP_Monitor_lucky_numbers completed successfully.
------------------------------------------------------------
Starting SEO_SERP_Monitor_online_slots...
2026-10-05 13:35:50,992 [INFO] ============================================================
2026-10-05 13:35:50,995 [INFO] Run start: 2026-10-05T13:35:50.992984+02:00 | keyword=Online Slots
2026-10-05 13:35:50,998 [INFO] Starting Playwright with dedicated SERP Chrome profile: C:\Users\WandileK\OneDrive - HollywoodBets\Desktop\serp_monitor_app\scripts\serp_chrome_profile
2026-10-05 13:35:50,998 [INFO] Headless mode: False
2026-10-05 13:35:52,306 [INFO] Persistent Chrome context ready.
2026-10-05 13:35:52,444 [INFO] GET https://www.google.com/search?q=Online+Slots&hl=en&gl=za&num=10&pws=0
2026-10-05 13:35:53,840 [INFO] SERP loaded.
2026-10-05 13:35:53,851 [INFO] Visible h3 result titles: 9
2026-10-05 13:35:55,106 [INFO] Rank 1 | betway.co.za | Online Slots Games | Betway | Register & Get Free Spins
2026-10-05 13:35:56,550 [INFO] Organic extracted: 1
2026-10-05 13:35:56,551 [WARNING] Only 1 organic results were extracted; expected 10.
2026-10-05 13:35:56,589 [INFO] Updated 1 SERP rows for 2026-10-05 at 13:00
2026-10-05 13:35:56,635 [INFO] Excel workbook saved: C:\Users\WandileK\OneDrive - HollywoodBets\Desktop\serp_monitor_app\scripts\online_slots_rankings.xlsx
============================================================
HOLLYWOODBETS SEO SERP CHECK
============================================================
Keyword: Online Slots
Date: 2026-10-05
Capture hour: 13:00
Organic results collected: 1
------------------------------------------------------------
1. Betway | betway.co.za
------------------------------------------------------------
Hollywoodbets rank: None
Results saved: C:\Users\WandileK\OneDrive - HollywoodBets\Desktop\serp_monitor_app\scripts\online_slots_rankings.xlsx
============================================================
2026-10-05 13:35:57,270 [INFO] Browser closed.
SEO_SERP_Monitor_online_slots completed successfully.
------------------------------------------------------------
Starting SEO_SERP_Monitor_soccer_betting...
2026-10-05 13:36:00,260 [INFO] ============================================================
2026-10-05 13:36:00,260 [INFO] Run start: 2026-10-05T13:36:00.260323+02:00 | keyword=Soccer Betting
2026-10-05 13:36:00,296 [INFO] Starting Playwright with dedicated SERP Chrome profile: C:\Users\WandileK\OneDrive - HollywoodBets\Desktop\serp_monitor_app\scripts\serp_chrome_profile
2026-10-05 13:36:00,296 [INFO] Headless mode: False
2026-10-05 13:36:02,437 [INFO] Persistent Chrome context ready.
2026-10-05 13:36:02,668 [INFO] GET https://www.google.com/search?q=Soccer+Betting&hl=en&gl=za&num=10&pws=0
2026-10-05 13:36:03,997 [INFO] SERP loaded.
2026-10-05 13:36:04,019 [INFO] Visible h3 result titles: 9
2026-10-05 13:36:06,871 [INFO] Rank 1 | worldsportsbetting.co.za | Soccer Betting | Premier League, PSL & More
2026-10-05 13:36:10,233 [INFO] Organic extracted: 1
2026-10-05 13:36:10,233 [WARNING] Only 1 organic results were extracted; expected 10.
2026-10-05 13:36:10,277 [INFO] Updated 1 SERP rows for 2026-10-05 at 13:00
2026-10-05 13:36:10,334 [INFO] Excel workbook saved: C:\Users\WandileK\OneDrive - HollywoodBets\Desktop\serp_monitor_app\scripts\soccer_betting_rankings.xlsx
============================================================
HOLLYWOODBETS SEO SERP CHECK
============================================================
Keyword: Soccer Betting
Date: 2026-10-05
Capture hour: 13:00
Organic results collected: 1
------------------------------------------------------------
1. Worldsportsbetting | worldsportsbetting.co.za
------------------------------------------------------------
Hollywoodbets rank: None
Results saved: C:\Users\WandileK\OneDrive - HollywoodBets\Desktop\serp_monitor_app\scripts\soccer_betting_rankings.xlsx
============================================================
2026-10-05 13:36:12,591 [INFO] Browser closed.
SEO_SERP_Monitor_soccer_betting completed successfully.
Starting Excel to PostgreSQL sync (first pass)...
aviator_rankings.xlsx: captures created=1, existing captures refreshed=1.
lucky_numbers_rankings.xlsx: captures created=1, existing captures refreshed=1.
online_slots_rankings.xlsx: captures created=1, existing captures refreshed=1.
soccer_betting_rankings.xlsx: captures created=1, existing captures refreshed=1.
Imported all real Excel data: captures created=4, existing captures refreshed=4.
Excel to PostgreSQL sync completed successfully (first pass).
============================================================
[2026/10/05 13:36:16,79] CAPTURE + SYNC COMPLETE
============================================================
============================================================
[2026/10/05 14:06:00,56] CAPTURE + SYNC START
Excel to PostgreSQL sync completed successfully ().
------------------------------------------------------------
Starting SEO_SERP_Monitor_aviator...
2026-10-05 14:06:10,832 [INFO] ============================================================
2026-10-05 14:06:10,834 [INFO] Run start: 2026-10-05T14:06:10.832905+02:00 | keyword=Aviator
2026-10-05 14:06:10,838 [INFO] Starting Playwright with dedicated SERP Chrome profile: C:\Users\WandileK\OneDrive - HollywoodBets\Desktop\serp_monitor_app\scripts\serp_chrome_profile
2026-10-05 14:06:10,838 [INFO] Headless mode: False
2026-10-05 14:06:13,181 [INFO] Persistent Chrome context ready.
2026-10-05 14:06:13,449 [INFO] GET https://www.google.com/search?q=Aviator&hl=en&gl=za&num=10&pws=0
2026-10-05 14:06:15,177 [INFO] SERP loaded.
2026-10-05 14:06:15,234 [INFO] Visible h3 result titles: 9
2026-10-05 14:06:16,961 [INFO] Rank 1 | hollywoodbets.net | Play Aviator | Aviator Game | Hollywoodbets SA
2026-10-05 14:06:20,908 [INFO] Organic extracted: 1
2026-10-05 14:06:20,908 [WARNING] Only 1 organic results were extracted; expected 10.
2026-10-05 14:06:20,971 [INFO] Updated 1 SERP rows for 2026-10-05 at 14:00
2026-10-05 14:06:21,066 [INFO] Excel workbook saved: C:\Users\WandileK\OneDrive - HollywoodBets\Desktop\serp_monitor_app\scripts\aviator_rankings.xlsx
============================================================
HOLLYWOODBETS SEO SERP CHECK
============================================================
Keyword: Aviator
Date: 2026-10-05
Capture hour: 14:00
Organic results collected: 1
------------------------------------------------------------
1. Hollywoodbets | hollywoodbets.net
------------------------------------------------------------
Hollywoodbets rank: 1
Results saved: C:\Users\WandileK\OneDrive - HollywoodBets\Desktop\serp_monitor_app\scripts\aviator_rankings.xlsx
============================================================
2026-10-05 14:06:21,972 [INFO] Browser closed.
SEO_SERP_Monitor_aviator completed successfully.
------------------------------------------------------------
Starting SEO_SERP_Monitor_lucky_numbers...
2026-10-05 14:06:24,729 [INFO] ============================================================
2026-10-05 14:06:24,730 [INFO] Run start: 2026-10-05T14:06:24.729495+02:00 | keyword=Lucky Numbers
2026-10-05 14:06:24,733 [INFO] Starting Playwright with dedicated SERP Chrome profile: C:\Users\WandileK\OneDrive - HollywoodBets\Desktop\serp_monitor_app\scripts\serp_chrome_profile
2026-10-05 14:06:24,734 [INFO] Headless mode: False
2026-10-05 14:06:27,035 [INFO] Persistent Chrome context ready.
2026-10-05 14:06:27,221 [INFO] GET https://www.google.com/search?q=Lucky+Numbers&hl=en&gl=za&num=10&pws=0
2026-10-05 14:06:29,441 [INFO] SERP loaded.
2026-10-05 14:06:29,443 [INFO] Visible h3 result titles: 9
2026-10-05 14:06:31,803 [INFO] Rank 1 | hollywoodbets.net | Lucky Numbers for today
2026-10-05 14:06:35,836 [INFO] Organic extracted: 1
2026-10-05 14:06:35,837 [WARNING] Only 1 organic results were extracted; expected 10.
2026-10-05 14:06:35,894 [INFO] Updated 1 SERP rows for 2026-10-05 at 14:00
2026-10-05 14:06:35,977 [INFO] Excel workbook saved: C:\Users\WandileK\OneDrive - HollywoodBets\Desktop\serp_monitor_app\scripts\lucky_numbers_rankings.xlsx
============================================================
HOLLYWOODBETS SEO SERP CHECK
============================================================
Keyword: Lucky Numbers
Date: 2026-10-05
Capture hour: 14:00
Organic results collected: 1
------------------------------------------------------------
1. Hollywoodbets | hollywoodbets.net
------------------------------------------------------------
Hollywoodbets rank: 1
Results saved: C:\Users\WandileK\OneDrive - HollywoodBets\Desktop\serp_monitor_app\scripts\lucky_numbers_rankings.xlsx
============================================================
2026-10-05 14:06:36,898 [INFO] Browser closed.
SEO_SERP_Monitor_lucky_numbers completed successfully.
------------------------------------------------------------
Starting SEO_SERP_Monitor_online_slots...
2026-10-05 14:06:39,721 [INFO] ============================================================
2026-10-05 14:06:39,723 [INFO] Run start: 2026-10-05T14:06:39.721715+02:00 | keyword=Online Slots
2026-10-05 14:06:39,727 [INFO] Starting Playwright with dedicated SERP Chrome profile: C:\Users\WandileK\OneDrive - HollywoodBets\Desktop\serp_monitor_app\scripts\serp_chrome_profile
2026-10-05 14:06:39,727 [INFO] Headless mode: False
2026-10-05 14:06:41,876 [INFO] Persistent Chrome context ready.
2026-10-05 14:06:42,257 [INFO] GET https://www.google.com/search?q=Online+Slots&hl=en&gl=za&num=10&pws=0
2026-10-05 14:06:43,854 [INFO] SERP loaded.
2026-10-05 14:06:43,882 [INFO] Visible h3 result titles: 9
2026-10-05 14:06:46,176 [INFO] Rank 1 | betway.co.za | Online Slots Games | Betway | Register & Get Free Spins
2026-10-05 14:06:50,175 [INFO] Organic extracted: 1
2026-10-05 14:06:50,176 [WARNING] Only 1 organic results were extracted; expected 10.
2026-10-05 14:06:50,242 [INFO] Updated 1 SERP rows for 2026-10-05 at 14:00
2026-10-05 14:06:50,337 [INFO] Excel workbook saved: C:\Users\WandileK\OneDrive - HollywoodBets\Desktop\serp_monitor_app\scripts\online_slots_rankings.xlsx
============================================================
HOLLYWOODBETS SEO SERP CHECK
============================================================
Keyword: Online Slots
Date: 2026-10-05
Capture hour: 14:00
Organic results collected: 1
------------------------------------------------------------
1. Betway | betway.co.za
------------------------------------------------------------
Hollywoodbets rank: None
Results saved: C:\Users\WandileK\OneDrive - HollywoodBets\Desktop\serp_monitor_app\scripts\online_slots_rankings.xlsx
============================================================
2026-10-05 14:06:52,145 [INFO] Browser closed.
SEO_SERP_Monitor_online_slots completed successfully.
------------------------------------------------------------
Starting SEO_SERP_Monitor_soccer_betting...
2026-10-05 14:06:55,615 [INFO] ============================================================
2026-10-05 14:06:55,620 [INFO] Run start: 2026-10-05T14:06:55.615302+02:00 | keyword=Soccer Betting
2026-10-05 14:06:55,624 [INFO] Starting Playwright with dedicated SERP Chrome profile: C:\Users\WandileK\OneDrive - HollywoodBets\Desktop\serp_monitor_app\scripts\serp_chrome_profile
2026-10-05 14:06:55,624 [INFO] Headless mode: False
2026-10-05 14:06:57,821 [INFO] Persistent Chrome context ready.
2026-10-05 14:06:58,145 [INFO] GET https://www.google.com/search?q=Soccer+Betting&hl=en&gl=za&num=10&pws=0
2026-10-05 14:07:00,121 [INFO] SERP loaded.
2026-10-05 14:07:00,154 [INFO] Visible h3 result titles: 9
2026-10-05 14:07:02,731 [INFO] Rank 1 | worldsportsbetting.co.za | Soccer Betting | Premier League, PSL & More
2026-10-05 14:07:06,697 [INFO] Organic extracted: 1
2026-10-05 14:07:06,697 [WARNING] Only 1 organic results were extracted; expected 10.
2026-10-05 14:07:06,762 [INFO] Updated 1 SERP rows for 2026-10-05 at 14:00
2026-10-05 14:07:06,852 [INFO] Excel workbook saved: C:\Users\WandileK\OneDrive - HollywoodBets\Desktop\serp_monitor_app\scripts\soccer_betting_rankings.xlsx
============================================================
HOLLYWOODBETS SEO SERP CHECK
============================================================
Keyword: Soccer Betting
Date: 2026-10-05
Capture hour: 14:00
Organic results collected: 1
------------------------------------------------------------
1. Worldsportsbetting | worldsportsbetting.co.za
------------------------------------------------------------
Hollywoodbets rank: None
Results saved: C:\Users\WandileK\OneDrive - HollywoodBets\Desktop\serp_monitor_app\scripts\soccer_betting_rankings.xlsx
============================================================
2026-10-05 14:07:07,850 [INFO] Browser closed.
SEO_SERP_Monitor_soccer_betting completed successfully.
Starting Excel to PostgreSQL sync (first pass)...
aviator_rankings.xlsx: captures created=1, existing captures refreshed=2.
lucky_numbers_rankings.xlsx: captures created=1, existing captures refreshed=2.
online_slots_rankings.xlsx: captures created=1, existing captures refreshed=2.
soccer_betting_rankings.xlsx: captures created=1, existing captures refreshed=2.
Imported all real Excel data: captures created=4, existing captures refreshed=8.
Excel to PostgreSQL sync completed successfully (first pass).
============================================================
[2026/10/05 14:07:14,48] CAPTURE + SYNC COMPLETE
============================================================
============================================================
[2026/10/05 14:15:44,38] CAPTURE + SYNC START
Excel to PostgreSQL sync completed successfully ().
------------------------------------------------------------
Starting SEO_SERP_Monitor_aviator...
2026-10-05 14:15:51,851 [INFO] ============================================================
2026-10-05 14:15:51,852 [INFO] Run start: 2026-10-05T14:15:51.851443+02:00 | keyword=Aviator
2026-10-05 14:15:51,854 [INFO] Starting Playwright with dedicated SERP Chrome profile: C:\Users\WandileK\OneDrive - HollywoodBets\Desktop\serp_monitor_app\scripts\serp_chrome_profile
2026-10-05 14:15:51,856 [INFO] Headless mode: False
2026-10-05 14:15:54,147 [INFO] Persistent Chrome context ready.
2026-10-05 14:15:54,383 [INFO] GET https://www.google.com/search?q=Aviator&hl=en&gl=za&num=10&pws=0
2026-10-05 14:15:56,019 [INFO] SERP loaded.
2026-10-05 14:15:56,037 [INFO] Visible h3 result titles: 10
2026-10-05 14:15:57,646 [INFO] Rank 1 | hollywoodbets.net | Play Aviator | Aviator Game | Hollywoodbets SA
2026-10-05 14:15:59,910 [INFO] Rank 2 | betway.co.za | Play Online Casino Games - Register ...
2026-10-05 14:16:02,105 [INFO] Rank 3 | betway.co.za | Play Aviator and reach for the sky | Betway Sports betting
2026-10-05 14:16:03,953 [INFO] Rank 4 | 10bet.co.za | Play Aviator Game Online | Crash Game by Spribe
2026-10-05 14:16:05,291 [INFO] Rank 5 | livescore.com | How to Play Aviator on Betway 2026: Get 10 Free Flights
2026-10-05 14:16:06,497 [INFO] Rank 6 | betway.co.za | Play Aviator | Register and Get 10 Free Flights
--- Logging error ---
Traceback (most recent call last):
  File "C:\Program Files\WindowsApps\PythonSoftwareFoundation.Python.3.12_3.12.2800.0_x64__qbz5n2kfra8p0\Lib\logging\__init__.py", line 1163, in emit
    stream.write(msg + self.terminator)
  File "C:\Program Files\WindowsApps\PythonSoftwareFoundation.Python.3.12_3.12.2800.0_x64__qbz5n2kfra8p0\Lib\encodings\cp1252.py", line 19, in encode
    return codecs.charmap_encode(input,self.errors,encoding_table)[0]
           ^^^^^^^^^^^^^^^^^^^^^^^^^^^^^^^^^^^^^^^^^^^^^^^^^^^^^^^
UnicodeEncodeError: 'charmap' codec can't encode characters in position 102-103: character maps to <undefined>
Call stack:
  File "C:\Users\WandileK\OneDrive - HollywoodBets\Desktop\serp_monitor_app\scripts\SEO_SERP_Monitor_Aviator.py", line 1152, in <module>
    result = run_once()
  File "C:\Users\WandileK\OneDrive - HollywoodBets\Desktop\serp_monitor_app\scripts\SEO_SERP_Monitor_Aviator.py", line 1042, in run_once
    results = extract_organic_results(page)
  File "C:\Users\WandileK\OneDrive - HollywoodBets\Desktop\serp_monitor_app\scripts\SEO_SERP_Monitor_Aviator.py", line 490, in extract_organic_results
    logger.info("Rank %d | %s | %s", rank, domain, title)
Message: 'Rank %d | %s | %s'
Arguments: (7, 'ajkksaedu.in', 'Aviator Game | Official Aviator app [Verified] \u2b50\ufe0f Download ...')
2026-10-05 14:16:08,886 [INFO] Rank 8 | spribe.co | Aviator
2026-10-05 14:16:10,700 [INFO] Rank 9 | gbets.co.za | Play Aviator Slot by SPRIBE - Crash Games
2026-10-05 14:16:10,701 [INFO] Organic extracted: 9
2026-10-05 14:16:10,703 [WARNING] Only 9 organic results were extracted; expected 10.
2026-10-05 14:16:10,744 [INFO] Updated 9 SERP rows for 2026-10-05 at 14:00
2026-10-05 14:16:10,798 [INFO] Excel workbook saved: C:\Users\WandileK\OneDrive - HollywoodBets\Desktop\serp_monitor_app\scripts\aviator_rankings.xlsx
============================================================
HOLLYWOODBETS SEO SERP CHECK
============================================================
Keyword: Aviator
Date: 2026-10-05
Capture hour: 14:00
Organic results collected: 9
------------------------------------------------------------
1. Hollywoodbets | hollywoodbets.net
2. Betway | betway.co.za
3. Betway | betway.co.za
4. 10bet | 10bet.co.za
5. LiveScore | livescore.com
6. Betway | betway.co.za
7. Ajkksaedu | ajkksaedu.in
8. SPRIBE | spribe.co
9. Gbets | gbets.co.za
------------------------------------------------------------
Hollywoodbets rank: 1
Results saved: C:\Users\WandileK\OneDrive - HollywoodBets\Desktop\serp_monitor_app\scripts\aviator_rankings.xlsx
============================================================
2026-10-05 14:16:11,278 [INFO] Browser closed.
SEO_SERP_Monitor_aviator completed successfully.
------------------------------------------------------------
Starting SEO_SERP_Monitor_lucky_numbers...
2026-10-05 14:16:13,114 [INFO] ============================================================
2026-10-05 14:16:13,115 [INFO] Run start: 2026-10-05T14:16:13.114443+02:00 | keyword=Lucky Numbers
2026-10-05 14:16:13,118 [INFO] Starting Playwright with dedicated SERP Chrome profile: C:\Users\WandileK\OneDrive - HollywoodBets\Desktop\serp_monitor_app\scripts\serp_chrome_profile
2026-10-05 14:16:13,119 [INFO] Headless mode: False
2026-10-05 14:16:14,652 [INFO] Persistent Chrome context ready.
2026-10-05 14:16:14,833 [INFO] GET https://www.google.com/search?q=Lucky+Numbers&hl=en&gl=za&num=10&pws=0
2026-10-05 14:16:17,637 [INFO] SERP loaded.
2026-10-05 14:16:17,650 [INFO] Visible h3 result titles: 10
2026-10-05 14:16:19,250 [INFO] Rank 1 | hollywoodbets.net | Lucky Numbers for today
2026-10-05 14:16:23,799 [INFO] Rank 2 | worldsportsbetting.co.za | Play Powerball Online | Lucky Numbers & Jackpots
2026-10-05 14:16:25,464 [INFO] Rank 3 | luckynumber.today | Today Lucky Number
2026-10-05 14:16:27,481 [INFO] Rank 4 | sportybet.co.za | Lucky numbers
2026-10-05 14:16:29,591 [INFO] Rank 5 | supersportbet.com | Dream Guide: How to Bet on Lucky Numbers and Lotteries
2026-10-05 14:16:32,093 [INFO] Rank 6 | en.wikipedia.org | Lucky number
2026-10-05 14:16:34,405 [INFO] Rank 7 | interbet.co.za | Play Lucky Numbers Online at Interbet
2026-10-05 14:16:34,406 [INFO] Organic extracted: 7
2026-10-05 14:16:34,408 [WARNING] Only 7 organic results were extracted; expected 10.
2026-10-05 14:16:34,446 [INFO] Updated 7 SERP rows for 2026-10-05 at 14:00
2026-10-05 14:16:34,487 [INFO] Excel workbook saved: C:\Users\WandileK\OneDrive - HollywoodBets\Desktop\serp_monitor_app\scripts\lucky_numbers_rankings.xlsx
============================================================
HOLLYWOODBETS SEO SERP CHECK
============================================================
Keyword: Lucky Numbers
Date: 2026-10-05
Capture hour: 14:00
Organic results collected: 7
------------------------------------------------------------
1. Hollywoodbets | hollywoodbets.net
2. Worldsportsbetting | worldsportsbetting.co.za
3. Luckynumber | luckynumber.today
4. Sportybet | sportybet.co.za
5. Supersportbet | supersportbet.com
6. En | en.wikipedia.org
7. Interbet | interbet.co.za
------------------------------------------------------------
Hollywoodbets rank: 1
Results saved: C:\Users\WandileK\OneDrive - HollywoodBets\Desktop\serp_monitor_app\scripts\lucky_numbers_rankings.xlsx
============================================================
2026-10-05 14:16:35,204 [INFO] Browser closed.
SEO_SERP_Monitor_lucky_numbers completed successfully.
------------------------------------------------------------
Starting SEO_SERP_Monitor_online_slots...
2026-10-05 14:16:37,189 [INFO] ============================================================
2026-10-05 14:16:37,189 [INFO] Run start: 2026-10-05T14:16:37.189324+02:00 | keyword=Online Slots
2026-10-05 14:16:37,189 [INFO] Starting Playwright with dedicated SERP Chrome profile: C:\Users\WandileK\OneDrive - HollywoodBets\Desktop\serp_monitor_app\scripts\serp_chrome_profile
2026-10-05 14:16:37,189 [INFO] Headless mode: False
2026-10-05 14:16:38,800 [INFO] Persistent Chrome context ready.
2026-10-05 14:16:39,056 [INFO] GET https://www.google.com/search?q=Online+Slots&hl=en&gl=za&num=10&pws=0
2026-10-05 14:16:40,672 [INFO] SERP loaded.
2026-10-05 14:16:40,695 [INFO] Visible h3 result titles: 10
2026-10-05 14:16:41,842 [INFO] Rank 1 | betway.co.za | Online Slots Games | Betway | Register & Get Free Spins
2026-10-05 14:16:42,693 [INFO] Rank 2 | hollywoodbets.net | Online Slot Games
2026-10-05 14:16:44,432 [INFO] Rank 3 | worldsportsbetting.co.za | Online Slot Games | Play Real Money ...
2026-10-05 14:16:45,353 [INFO] Rank 4 | smoothspins.co.uk | Play Online Slots
2026-10-05 14:17:03,877 [INFO] Rank 5 | betolimp.co.za | Play Online Slots for Real Money in South Africa
2026-10-05 14:17:04,539 [INFO] Rank 6 | foxybingo.com | Play Online Slots UK | Foxy Games
2026-10-05 14:17:06,056 [INFO] Rank 7 | fortunesultimateslots.com | Caesars Slots – Free Slots & Online Social Casino
2026-10-05 14:17:08,119 [INFO] Rank 8 | betway.com | Play Slot Games Online
2026-10-05 14:17:12,769 [INFO] Rank 9 | playojo.com | Online Slots - Play slot games in UK at PlayOJO
2026-10-05 14:17:12,770 [INFO] Organic extracted: 9
2026-10-05 14:17:12,771 [WARNING] Only 9 organic results were extracted; expected 10.
2026-10-05 14:17:12,836 [INFO] Updated 9 SERP rows for 2026-10-05 at 14:00
2026-10-05 14:17:12,940 [INFO] Excel workbook saved: C:\Users\WandileK\OneDrive - HollywoodBets\Desktop\serp_monitor_app\scripts\online_slots_rankings.xlsx
============================================================
HOLLYWOODBETS SEO SERP CHECK
============================================================
Keyword: Online Slots
Date: 2026-10-05
Capture hour: 14:00
Organic results collected: 9
------------------------------------------------------------
1. Betway | betway.co.za
2. Hollywoodbets | hollywoodbets.net
3. Worldsportsbetting | worldsportsbetting.co.za
4. Smoothspins | smoothspins.co.uk
5. Betolimp | betolimp.co.za
6. Foxybingo | foxybingo.com
7. Fortunesultimateslots | fortunesultimateslots.com
8. Betway | betway.com
9. Playojo | playojo.com
------------------------------------------------------------
Hollywoodbets rank: 2
Results saved: C:\Users\WandileK\OneDrive - HollywoodBets\Desktop\serp_monitor_app\scripts\online_slots_rankings.xlsx
============================================================
2026-10-05 14:17:16,513 [INFO] Browser closed.
SEO_SERP_Monitor_online_slots completed successfully.
------------------------------------------------------------
Starting SEO_SERP_Monitor_soccer_betting...
2026-10-05 14:17:19,879 [INFO] ============================================================
2026-10-05 14:17:19,879 [INFO] Run start: 2026-10-05T14:17:19.879895+02:00 | keyword=Soccer Betting
2026-10-05 14:17:19,883 [INFO] Starting Playwright with dedicated SERP Chrome profile: C:\Users\WandileK\OneDrive - HollywoodBets\Desktop\serp_monitor_app\scripts\serp_chrome_profile
2026-10-05 14:17:19,883 [INFO] Headless mode: False
2026-10-05 14:17:21,882 [INFO] Persistent Chrome context ready.
2026-10-05 14:17:22,286 [INFO] GET https://www.google.com/search?q=Soccer+Betting&hl=en&gl=za&num=10&pws=0
2026-10-05 14:17:23,936 [INFO] SERP loaded.
2026-10-05 14:17:23,946 [INFO] Visible h3 result titles: 9
2026-10-05 14:17:26,182 [INFO] Rank 1 | worldsportsbetting.co.za | Soccer Betting | Premier League, PSL & More
2026-10-05 14:17:29,006 [INFO] Organic extracted: 1
2026-10-05 14:17:29,006 [WARNING] Only 1 organic results were extracted; expected 10.
2026-10-05 14:17:29,082 [INFO] Updated 1 SERP rows for 2026-10-05 at 14:00
2026-10-05 14:17:29,159 [INFO] Excel workbook saved: C:\Users\WandileK\OneDrive - HollywoodBets\Desktop\serp_monitor_app\scripts\soccer_betting_rankings.xlsx
============================================================
HOLLYWOODBETS SEO SERP CHECK
============================================================
Keyword: Soccer Betting
Date: 2026-10-05
Capture hour: 14:00
Organic results collected: 1
------------------------------------------------------------
1. Worldsportsbetting | worldsportsbetting.co.za
------------------------------------------------------------
Hollywoodbets rank: None
Results saved: C:\Users\WandileK\OneDrive - HollywoodBets\Desktop\serp_monitor_app\scripts\soccer_betting_rankings.xlsx
============================================================
2026-10-05 14:17:29,859 [INFO] Browser closed.
SEO_SERP_Monitor_soccer_betting completed successfully.
Starting Excel to PostgreSQL sync (first pass)...
aviator_rankings.xlsx: captures created=0, existing captures refreshed=3.
lucky_numbers_rankings.xlsx: captures created=0, existing captures refreshed=3.
online_slots_rankings.xlsx: captures created=0, existing captures refreshed=3.
soccer_betting_rankings.xlsx: captures created=0, existing captures refreshed=3.
Imported all real Excel data: captures created=0, existing captures refreshed=12.
Excel to PostgreSQL sync completed successfully (first pass).
============================================================
[2026/10/05 14:17:34,66] CAPTURE + SYNC COMPLETE
============================================================
============================================================
[2026/10/05 15:35:38,82] CAPTURE + SYNC START
Excel to PostgreSQL sync completed successfully ().
------------------------------------------------------------
Starting SEO_SERP_Monitor_aviator...
2026-10-05 15:35:43,979 [INFO] ============================================================
2026-10-05 15:35:43,981 [INFO] Run start: 2026-10-05T15:35:43.979127+02:00 | keyword=Aviator
2026-10-05 15:35:43,983 [INFO] Starting Playwright with dedicated SERP Chrome profile: C:\Users\WandileK\OneDrive - HollywoodBets\Desktop\serp_monitor_app\scripts\serp_chrome_profile
2026-10-05 15:35:43,983 [INFO] Headless mode: False
2026-10-05 15:35:50,997 [ERROR] Run failed: BrowserType.launch_persistent_context: Target page, context or browser has been closed
Browser logs:

<launching> C:\Program Files\Google\Chrome\Application\chrome.exe --disable-field-trial-config --disable-background-networking --disable-background-timer-throttling --disable-backgrounding-occluded-windows --disable-back-forward-cache --disable-breakpad --disable-client-side-phishing-detection --disable-component-extensions-with-background-pages --disable-component-update --no-default-browser-check --disable-default-apps --disable-dev-shm-usage --disable-edgeupdater --disable-extensions --disable-features=AvoidUnnecessaryBeforeUnloadCheckSync,DestroyProfileOnBrowserClose,DialMediaRouteProvider,GlobalMediaControls,HttpsUpgrades,LensOverlay,MediaRouter,PaintHolding,ThirdPartyStoragePartitioning,BlockOriginHeaderModificationOnRedirect,Translate,AutoDeElevate,OptimizationHints,msForceBrowserSignIn,msEdgeUpdateLaunchServicesPreferredVersion --enable-features=CDPScreenshotNewSurface --allow-pre-commit-input --disable-hang-monitor --disable-ipc-flooding-protection --disable-popup-blocking --disable-prompt-on-repost --disable-renderer-backgrounding --disable-updater-scheduler --force-color-profile=srgb --metrics-recording-only --no-first-run --password-store=basic --use-mock-keychain --no-service-autorun --export-tagged-pdf --disable-search-engine-choice-screen --unsafely-disable-devtools-self-xss-warnings --edge-skip-compat-layer-relaunch --disable-infobars --disable-search-engine-choice-screen --disable-sync --enable-unsafe-swiftshader --no-sandbox --disable-blink-features=AutomationControlled --no-first-run --no-default-browser-check --user-data-dir=C:\Users\WandileK\OneDrive - HollywoodBets\Desktop\serp_monitor_app\scripts\serp_chrome_profile --remote-debugging-pipe about:blank
<launched> pid=20968
Call log:
  - <launching> C:\Program Files\Google\Chrome\Application\chrome.exe --disable-field-trial-config --disable-background-networking --disable-background-timer-throttling --disable-backgrounding-occluded-windows --disable-back-forward-cache --disable-breakpad --disable-client-side-phishing-detection --disable-component-extensions-with-background-pages --disable-component-update --no-default-browser-check --disable-default-apps --disable-dev-shm-usage --disable-edgeupdater --disable-extensions --disable-features=AvoidUnnecessaryBeforeUnloadCheckSync,DestroyProfileOnBrowserClose,DialMediaRouteProvider,GlobalMediaControls,HttpsUpgrades,LensOverlay,MediaRouter,PaintHolding,ThirdPartyStoragePartitioning,BlockOriginHeaderModificationOnRedirect,Translate,AutoDeElevate,OptimizationHints,msForceBrowserSignIn,msEdgeUpdateLaunchServicesPreferredVersion --enable-features=CDPScreenshotNewSurface --allow-pre-commit-input --disable-hang-monitor --disable-ipc-flooding-protection --disable-popup-blocking --disable-prompt-on-repost --disable-renderer-backgrounding --disable-updater-scheduler --force-color-profile=srgb --metrics-recording-only --no-first-run --password-store=basic --use-mock-keychain --no-service-autorun --export-tagged-pdf --disable-search-engine-choice-screen --unsafely-disable-devtools-self-xss-warnings --edge-skip-compat-layer-relaunch --disable-infobars --disable-search-engine-choice-screen --disable-sync --enable-unsafe-swiftshader --no-sandbox --disable-blink-features=AutomationControlled --no-first-run --no-default-browser-check --user-data-dir=C:\Users\WandileK\OneDrive - HollywoodBets\Desktop\serp_monitor_app\scripts\serp_chrome_profile --remote-debugging-pipe about:blank
  - <launched> pid=20968
  - [pid=20968] <gracefully close start>
  - [pid=20968] <kill>
  - [pid=20968] <will force kill>
  - [pid=20968] taskkill stderr: ERROR: The process "20968" not found.
  - [pid=20968] <process did exit: exitCode=0, signal=null>
  - [pid=20968] starting temporary directories cleanup
  - [pid=20968] finished temporary directories cleanup
  - [pid=20968] <gracefully close end>

2026-10-05 15:35:51,004 [ERROR] Traceback (most recent call last):
  File "C:\Users\WandileK\OneDrive - HollywoodBets\Desktop\serp_monitor_app\scripts\SEO_SERP_Monitor_Aviator.py", line 1091, in run_once
    page = search_google(KEYWORD)
           ^^^^^^^^^^^^^^^^^^^^^^
  File "C:\Users\WandileK\OneDrive - HollywoodBets\Desktop\serp_monitor_app\scripts\SEO_SERP_Monitor_Aviator.py", line 170, in search_google
    context = BROWSER.start()
              ^^^^^^^^^^^^^^^
  File "C:\Users\WandileK\OneDrive - HollywoodBets\Desktop\serp_monitor_app\scripts\SEO_SERP_Monitor_Aviator.py", line 125, in start
    self._context = self._pw.chromium.launch_persistent_context(
                    ^^^^^^^^^^^^^^^^^^^^^^^^^^^^^^^^^^^^^^^^^^^^
  File "C:\Users\WandileK\AppData\Local\Packages\PythonSoftwareFoundation.Python.3.12_qbz5n2kfra8p0\LocalCache\local-packages\Python312\site-packages\playwright\sync_api\_generated.py", line 17120, in launch_persistent_context
    self._sync(
  File "C:\Users\WandileK\AppData\Local\Packages\PythonSoftwareFoundation.Python.3.12_qbz5n2kfra8p0\LocalCache\local-packages\Python312\site-packages\playwright\_impl\_sync_base.py", line 115, in _sync
    return task.result()
           ^^^^^^^^^^^^^
  File "C:\Users\WandileK\AppData\Local\Packages\PythonSoftwareFoundation.Python.3.12_qbz5n2kfra8p0\LocalCache\local-packages\Python312\site-packages\playwright\_impl\_browser_type.py", line 169, in launch_persistent_context
    result = await self._channel.send_return_as_dict(
             ^^^^^^^^^^^^^^^^^^^^^^^^^^^^^^^^^^^^^^^^
  File "C:\Users\WandileK\AppData\Local\Packages\PythonSoftwareFoundation.Python.3.12_qbz5n2kfra8p0\LocalCache\local-packages\Python312\site-packages\playwright\_impl\_connection.py", line 103, in send_return_as_dict
    return await self._connection.wrap_api_call(
           ^^^^^^^^^^^^^^^^^^^^^^^^^^^^^^^^^^^^^
  File "C:\Users\WandileK\AppData\Local\Packages\PythonSoftwareFoundation.Python.3.12_qbz5n2kfra8p0\LocalCache\local-packages\Python312\site-packages\playwright\_impl\_connection.py", line 632, in wrap_api_call
    raise rewrite_error(error, f"{parsed_st['apiName']}: {error}") from None
playwright._impl._errors.TargetClosedError: BrowserType.launch_persistent_context: Target page, context or browser has been closed
Browser logs:

<launching> C:\Program Files\Google\Chrome\Application\chrome.exe --disable-field-trial-config --disable-background-networking --disable-background-timer-throttling --disable-backgrounding-occluded-windows --disable-back-forward-cache --disable-breakpad --disable-client-side-phishing-detection --disable-component-extensions-with-background-pages --disable-component-update --no-default-browser-check --disable-default-apps --disable-dev-shm-usage --disable-edgeupdater --disable-extensions --disable-features=AvoidUnnecessaryBeforeUnloadCheckSync,DestroyProfileOnBrowserClose,DialMediaRouteProvider,GlobalMediaControls,HttpsUpgrades,LensOverlay,MediaRouter,PaintHolding,ThirdPartyStoragePartitioning,BlockOriginHeaderModificationOnRedirect,Translate,AutoDeElevate,OptimizationHints,msForceBrowserSignIn,msEdgeUpdateLaunchServicesPreferredVersion --enable-features=CDPScreenshotNewSurface --allow-pre-commit-input --disable-hang-monitor --disable-ipc-flooding-protection --disable-popup-blocking --disable-prompt-on-repost --disable-renderer-backgrounding --disable-updater-scheduler --force-color-profile=srgb --metrics-recording-only --no-first-run --password-store=basic --use-mock-keychain --no-service-autorun --export-tagged-pdf --disable-search-engine-choice-screen --unsafely-disable-devtools-self-xss-warnings --edge-skip-compat-layer-relaunch --disable-infobars --disable-search-engine-choice-screen --disable-sync --enable-unsafe-swiftshader --no-sandbox --disable-blink-features=AutomationControlled --no-first-run --no-default-browser-check --user-data-dir=C:\Users\WandileK\OneDrive - HollywoodBets\Desktop\serp_monitor_app\scripts\serp_chrome_profile --remote-debugging-pipe about:blank
<launched> pid=20968
Call log:
  - <launching> C:\Program Files\Google\Chrome\Application\chrome.exe --disable-field-trial-config --disable-background-networking --disable-background-timer-throttling --disable-backgrounding-occluded-windows --disable-back-forward-cache --disable-breakpad --disable-client-side-phishing-detection --disable-component-extensions-with-background-pages --disable-component-update --no-default-browser-check --disable-default-apps --disable-dev-shm-usage --disable-edgeupdater --disable-extensions --disable-features=AvoidUnnecessaryBeforeUnloadCheckSync,DestroyProfileOnBrowserClose,DialMediaRouteProvider,GlobalMediaControls,HttpsUpgrades,LensOverlay,MediaRouter,PaintHolding,ThirdPartyStoragePartitioning,BlockOriginHeaderModificationOnRedirect,Translate,AutoDeElevate,OptimizationHints,msForceBrowserSignIn,msEdgeUpdateLaunchServicesPreferredVersion --enable-features=CDPScreenshotNewSurface --allow-pre-commit-input --disable-hang-monitor --disable-ipc-flooding-protection --disable-popup-blocking --disable-prompt-on-repost --disable-renderer-backgrounding --disable-updater-scheduler --force-color-profile=srgb --metrics-recording-only --no-first-run --password-store=basic --use-mock-keychain --no-service-autorun --export-tagged-pdf --disable-search-engine-choice-screen --unsafely-disable-devtools-self-xss-warnings --edge-skip-compat-layer-relaunch --disable-infobars --disable-search-engine-choice-screen --disable-sync --enable-unsafe-swiftshader --no-sandbox --disable-blink-features=AutomationControlled --no-first-run --no-default-browser-check --user-data-dir=C:\Users\WandileK\OneDrive - HollywoodBets\Desktop\serp_monitor_app\scripts\serp_chrome_profile --remote-debugging-pipe about:blank
  - <launched> pid=20968
  - [pid=20968] <gracefully close start>
  - [pid=20968] <kill>
  - [pid=20968] <will force kill>
  - [pid=20968] taskkill stderr: ERROR: The process "20968" not found.
  - [pid=20968] <process did exit: exitCode=0, signal=null>
  - [pid=20968] starting temporary directories cleanup
  - [pid=20968] finished temporary directories cleanup
  - [pid=20968] <gracefully close end>


Run failed: BrowserType.launch_persistent_context: Target page, context or browser has been closed
Browser logs:

<launching> C:\Program Files\Google\Chrome\Application\chrome.exe --disable-field-trial-config --disable-background-networking --disable-background-timer-throttling --disable-backgrounding-occluded-windows --disable-back-forward-cache --disable-breakpad --disable-client-side-phishing-detection --disable-component-extensions-with-background-pages --disable-component-update --no-default-browser-check --disable-default-apps --disable-dev-shm-usage --disable-edgeupdater --disable-extensions --disable-features=AvoidUnnecessaryBeforeUnloadCheckSync,DestroyProfileOnBrowserClose,DialMediaRouteProvider,GlobalMediaControls,HttpsUpgrades,LensOverlay,MediaRouter,PaintHolding,ThirdPartyStoragePartitioning,BlockOriginHeaderModificationOnRedirect,Translate,AutoDeElevate,OptimizationHints,msForceBrowserSignIn,msEdgeUpdateLaunchServicesPreferredVersion --enable-features=CDPScreenshotNewSurface --allow-pre-commit-input --disable-hang-monitor --disable-ipc-flooding-protection --disable-popup-blocking --disable-prompt-on-repost --disable-renderer-backgrounding --disable-updater-scheduler --force-color-profile=srgb --metrics-recording-only --no-first-run --password-store=basic --use-mock-keychain --no-service-autorun --export-tagged-pdf --disable-search-engine-choice-screen --unsafely-disable-devtools-self-xss-warnings --edge-skip-compat-layer-relaunch --disable-infobars --disable-search-engine-choice-screen --disable-sync --enable-unsafe-swiftshader --no-sandbox --disable-blink-features=AutomationControlled --no-first-run --no-default-browser-check --user-data-dir=C:\Users\WandileK\OneDrive - HollywoodBets\Desktop\serp_monitor_app\scripts\serp_chrome_profile --remote-debugging-pipe about:blank
<launched> pid=20968
Call log:
  - <launching> C:\Program Files\Google\Chrome\Application\chrome.exe --disable-field-trial-config --disable-background-networking --disable-background-timer-throttling --disable-backgrounding-occluded-windows --disable-back-forward-cache --disable-breakpad --disable-client-side-phishing-detection --disable-component-extensions-with-background-pages --disable-component-update --no-default-browser-check --disable-default-apps --disable-dev-shm-usage --disable-edgeupdater --disable-extensions --disable-features=AvoidUnnecessaryBeforeUnloadCheckSync,DestroyProfileOnBrowserClose,DialMediaRouteProvider,GlobalMediaControls,HttpsUpgrades,LensOverlay,MediaRouter,PaintHolding,ThirdPartyStoragePartitioning,BlockOriginHeaderModificationOnRedirect,Translate,AutoDeElevate,OptimizationHints,msForceBrowserSignIn,msEdgeUpdateLaunchServicesPreferredVersion --enable-features=CDPScreenshotNewSurface --allow-pre-commit-input --disable-hang-monitor --disable-ipc-flooding-protection --disable-popup-blocking --disable-prompt-on-repost --disable-renderer-backgrounding --disable-updater-scheduler --force-color-profile=srgb --metrics-recording-only --no-first-run --password-store=basic --use-mock-keychain --no-service-autorun --export-tagged-pdf --disable-search-engine-choice-screen --unsafely-disable-devtools-self-xss-warnings --edge-skip-compat-layer-relaunch --disable-infobars --disable-search-engine-choice-screen --disable-sync --enable-unsafe-swiftshader --no-sandbox --disable-blink-features=AutomationControlled --no-first-run --no-default-browser-check --user-data-dir=C:\Users\WandileK\OneDrive - HollywoodBets\Desktop\serp_monitor_app\scripts\serp_chrome_profile --remote-debugging-pipe about:blank
  - <launched> pid=20968
  - [pid=20968] <gracefully close start>
  - [pid=20968] <kill>
  - [pid=20968] <will force kill>
  - [pid=20968] taskkill stderr: ERROR: The process "20968" not found.
  - [pid=20968] <process did exit: exitCode=0, signal=null>
  - [pid=20968] starting temporary directories cleanup
  - [pid=20968] finished temporary directories cleanup
  - [pid=20968] <gracefully close end>

2026-10-05 15:35:51,005 [INFO] Browser closed.
WARNING: SEO_SERP_Monitor_aviator failed with exit code 1. Continuing with remaining keywords.
------------------------------------------------------------
Starting SEO_SERP_Monitor_lucky_numbers...
2026-10-05 15:35:55,755 [INFO] ============================================================
2026-10-05 15:35:55,758 [INFO] Run start: 2026-10-05T15:35:55.755861+02:00 | keyword=Lucky Numbers
2026-10-05 15:35:55,762 [INFO] Starting Playwright with dedicated SERP Chrome profile: C:\Users\WandileK\OneDrive - HollywoodBets\Desktop\serp_monitor_app\scripts\serp_chrome_profile
2026-10-05 15:35:55,764 [INFO] Headless mode: False
2026-10-05 15:35:58,326 [INFO] Persistent Chrome context ready.
2026-10-05 15:35:58,547 [INFO] GET https://www.google.com/search?q=Lucky+Numbers&hl=en&gl=za&num=20&pws=0
2026-10-05 15:36:03,607 [INFO] SERP loaded.
2026-10-05 15:36:03,618 [INFO] SERP candidates found (H3): 11
2026-10-05 15:36:03,776 [INFO] Rank 1 | play.google.com | My Lucky Numbers – Apps on Google Play
2026-10-05 15:36:05,580 [INFO] Rank 2 | tiktok.com | AI Mode replied:
2026-10-05 15:36:07,314 [INFO] Rank 3 | hollywoodbets.net | Lucky Numbers for today
2026-10-05 15:36:11,360 [INFO] Rank 4 | worldsportsbetting.co.za | Play Powerball Online | Lucky Numbers & Jackpots
2026-10-05 15:36:13,653 [INFO] Rank 5 | luckynumber.today | Today Lucky Number
2026-10-05 15:36:16,449 [INFO] Rank 6 | sportybet.co.za | Lucky numbers
2026-10-05 15:36:18,594 [INFO] Rank 7 | supersportbet.com | Dream Guide: How to Bet on Lucky Numbers and Lotteries
2026-10-05 15:36:21,704 [INFO] Rank 8 | en.wikipedia.org | Lucky number
2026-10-05 15:36:28,337 [INFO] Rank 9 | interbet.co.za | Play Lucky Numbers Online at Interbet
2026-10-05 15:36:30,150 [INFO] Rank 10 | za.pinterest.com | Lucky numbers for lottery
2026-10-05 15:36:30,151 [INFO] SERP extraction complete: 10/10 organic results
2026-10-05 15:36:30,253 [INFO] Updated 10 SERP rows for 2026-10-05 at 15:00
2026-10-05 15:36:30,307 [INFO] Excel workbook saved: C:\Users\WandileK\OneDrive - HollywoodBets\Desktop\serp_monitor_app\scripts\lucky_numbers_rankings.xlsx
============================================================
HOLLYWOODBETS SEO SERP CHECK
============================================================
Keyword: Lucky Numbers
Date: 2026-10-05
Capture hour: 15:00
Organic results collected: 10
------------------------------------------------------------
1. Google Play | play.google.com
2. Tiktok | tiktok.com
3. Hollywoodbets | hollywoodbets.net
4. Worldsportsbetting | worldsportsbetting.co.za
5. Luckynumber | luckynumber.today
6. Sportybet | sportybet.co.za
7. Supersportbet | supersportbet.com
8. En | en.wikipedia.org
9. Interbet | interbet.co.za
10. Za | za.pinterest.com
------------------------------------------------------------
Hollywoodbets rank: 3
Results saved: C:\Users\WandileK\OneDrive - HollywoodBets\Desktop\serp_monitor_app\scripts\lucky_numbers_rankings.xlsx
============================================================
2026-10-05 15:36:36,068 [INFO] Browser closed.
SEO_SERP_Monitor_lucky_numbers completed successfully.
------------------------------------------------------------
Starting SEO_SERP_Monitor_online_slots...
2026-10-05 15:36:38,086 [INFO] ============================================================
2026-10-05 15:36:38,088 [INFO] Run start: 2026-10-05T15:36:38.086369+02:00 | keyword=Online Slots
2026-10-05 15:36:38,091 [INFO] Starting Playwright with dedicated SERP Chrome profile: C:\Users\WandileK\OneDrive - HollywoodBets\Desktop\serp_monitor_app\scripts\serp_chrome_profile
2026-10-05 15:36:38,092 [INFO] Headless mode: False
2026-10-05 15:36:39,780 [INFO] Persistent Chrome context ready.
2026-10-05 15:36:40,006 [INFO] GET https://www.google.com/search?q=Online+Slots&hl=en&gl=za&num=20&pws=0
2026-10-05 15:36:48,777 [INFO] SERP loaded.
2026-10-05 15:36:48,789 [INFO] SERP candidates found (H3): 10
2026-10-05 15:36:50,801 [INFO] Rank 1 | betway.co.za | AI Mode reply for Online Slots
2026-10-05 15:36:56,022 [INFO] Rank 2 | worldsportsbetting.co.za | Online Slot Games | Play Real Money ...
2026-10-05 15:36:57,870 [INFO] Rank 3 | hollywoodbets.net | Online Slot Games
2026-10-05 15:36:57,985 [INFO] Rank 4 | play.google.com | Slots online – Apps on Google Play
2026-10-05 15:37:06,918 [INFO] Rank 5 | betolimp.co.za | Play Online Slots for Real Money in South Africa
2026-10-05 15:37:08,089 [INFO] Rank 6 | smoothspins.co.uk | Play Online Slots
2026-10-05 15:37:11,190 [INFO] Rank 7 | apps.apple.com | Cashman Casino Slots Games - App Store
2026-10-05 15:37:13,139 [INFO] Rank 8 | foxybingo.com | Play Online Slots UK | Foxy Games
2026-10-05 15:37:16,017 [INFO] Rank 9 | fortunesultimateslots.com | Caesars Slots – Free Slots & Online Social Casino
2026-10-05 15:37:16,018 [INFO] SERP extraction complete: 9/10 organic results
2026-10-05 15:37:16,100 [INFO] Updated 9 SERP rows for 2026-10-05 at 15:00
2026-10-05 15:37:16,211 [INFO] Excel workbook saved: C:\Users\WandileK\OneDrive - HollywoodBets\Desktop\serp_monitor_app\scripts\online_slots_rankings.xlsx
============================================================
HOLLYWOODBETS SEO SERP CHECK
============================================================
Keyword: Online Slots
Date: 2026-10-05
Capture hour: 15:00
Organic results collected: 9
------------------------------------------------------------
1. Betway | betway.co.za
2. Worldsportsbetting | worldsportsbetting.co.za
3. Hollywoodbets | hollywoodbets.net
4. Google Play | play.google.com
5. Betolimp | betolimp.co.za
6. Smoothspins | smoothspins.co.uk
7. Apps | apps.apple.com
8. Foxybingo | foxybingo.com
9. Fortunesultimateslots | fortunesultimateslots.com
------------------------------------------------------------
Hollywoodbets rank: 3
Results saved: C:\Users\WandileK\OneDrive - HollywoodBets\Desktop\serp_monitor_app\scripts\online_slots_rankings.xlsx
============================================================
2026-10-05 15:37:58,984 [INFO] Browser closed.
SEO_SERP_Monitor_online_slots completed successfully.
------------------------------------------------------------
Starting SEO_SERP_Monitor_soccer_betting...
2026-10-05 15:38:02,002 [INFO] ============================================================
2026-10-05 15:38:02,003 [INFO] Run start: 2026-10-05T15:38:02.002878+02:00 | keyword=Soccer Betting
2026-10-05 15:38:02,006 [INFO] Starting Playwright with dedicated SERP Chrome profile: C:\Users\WandileK\OneDrive - HollywoodBets\Desktop\serp_monitor_app\scripts\serp_chrome_profile
2026-10-05 15:38:02,007 [INFO] Headless mode: False
2026-10-05 15:38:03,766 [INFO] Persistent Chrome context ready.
2026-10-05 15:38:03,936 [INFO] GET https://www.google.com/search?q=Soccer+Betting&hl=en&gl=za&num=20&pws=0
2026-10-05 15:38:09,493 [INFO] SERP loaded.
2026-10-05 15:38:09,503 [INFO] SERP candidates found (H3): 10
2026-10-05 15:38:11,689 [INFO] Rank 1 | hollywoodbets.net | AI Mode reply for Soccer Betting
2026-10-05 15:38:14,672 [INFO] Rank 2 | worldsportsbetting.co.za | Soccer Betting | Premier League, PSL & More
2026-10-05 15:38:20,528 [INFO] Rank 3 | sportingbet.co.za | Soccer Betting & Football Betting South Africa
2026-10-05 15:38:22,796 [INFO] Rank 4 | bet.co.za | Sports - Soccer - Competitions
2026-10-05 15:38:26,081 [INFO] Rank 5 | 10bet.co.za | Bet on Soccer and Check 10bet Odds!
2026-10-05 15:38:30,023 [INFO] Rank 6 | sportpesa.co.za | Soccer betting odds | SportPesa South Africa
2026-10-05 15:38:31,654 [INFO] Rank 7 | playtsogo.co.za | Bet on Soccer Matches | Best Football Betting Odds
2026-10-05 15:38:34,913 [INFO] Rank 8 | betolimp.co.za | Soccer Betting South Africa
2026-10-05 15:38:37,025 [INFO] Rank 9 | livescore.com | Best Soccer Betting Sites South Africa | Top ZA Bookies
2026-10-05 15:38:37,027 [INFO] SERP extraction complete: 9/10 organic results
2026-10-05 15:38:37,072 [INFO] Updated 9 SERP rows for 2026-10-05 at 15:00
2026-10-05 15:38:37,123 [INFO] Excel workbook saved: C:\Users\WandileK\OneDrive - HollywoodBets\Desktop\serp_monitor_app\scripts\soccer_betting_rankings.xlsx
============================================================
HOLLYWOODBETS SEO SERP CHECK
============================================================
Keyword: Soccer Betting
Date: 2026-10-05
Capture hour: 15:00
Organic results collected: 9
------------------------------------------------------------
1. Hollywoodbets | hollywoodbets.net
2. Worldsportsbetting | worldsportsbetting.co.za
3. Sportingbet | sportingbet.co.za
4. Bet | bet.co.za
5. 10bet | 10bet.co.za
6. Sportpesa | sportpesa.co.za
7. Playtsogo | playtsogo.co.za
8. Betolimp | betolimp.co.za
9. LiveScore | livescore.com
------------------------------------------------------------
Hollywoodbets rank: 1
Results saved: C:\Users\WandileK\OneDrive - HollywoodBets\Desktop\serp_monitor_app\scripts\soccer_betting_rankings.xlsx
============================================================
2026-10-05 15:38:55,743 [INFO] Browser closed.
SEO_SERP_Monitor_soccer_betting completed successfully.
Starting Excel to PostgreSQL sync (first pass)...
aviator_rankings.xlsx: captures created=0, existing captures refreshed=3.
lucky_numbers_rankings.xlsx: captures created=1, existing captures refreshed=0.
online_slots_rankings.xlsx: captures created=1, existing captures refreshed=3.
soccer_betting_rankings.xlsx: captures created=1, existing captures refreshed=3.
Imported all real Excel data: captures created=3, existing captures refreshed=9.
Excel to PostgreSQL sync completed successfully (first pass).
------------------------------------------------------------
One or more scrapers failed. Waiting 15 minutes, then retrying only failed scrapers.
============================================================
[2026/10/05 15:48:29,17] CAPTURE + SYNC START
============================================================
------------------------------------------------------------
Starting SEO_SERP_Monitor_aviator...
2026-10-05 15:48:30,656 [INFO] ============================================================
2026-10-05 15:48:30,656 [INFO] Run start: 2026-10-05T15:48:30.656854+02:00 | keyword=Aviator
2026-10-05 15:48:30,658 [INFO] Starting Playwright with dedicated SERP Chrome profile: C:\Users\WandileK\OneDrive - HollywoodBets\Desktop\serp_monitor_app\scripts\serp_chrome_profile_aviator
2026-10-05 15:48:30,661 [INFO] Headless mode: False
2026-10-05 15:48:31,678 [INFO] Persistent Chrome context ready.
2026-10-05 15:48:31,778 [INFO] GET https://www.google.com/search?q=Aviator&hl=en&gl=za&num=20&pws=0
2026-10-05 15:48:35,887 [INFO] SERP loaded.
2026-10-05 15:48:35,897 [INFO] SERP candidates found (H3): 10
2026-10-05 15:48:38,237 [INFO] Rank 1 | hollywoodbets.net | Play Aviator | Aviator Game | Hollywoodbets SA
2026-10-05 15:48:40,182 [INFO] Rank 2 | betway.co.za | Play Online Casino Games - Register ...
2026-10-05 15:48:41,866 [INFO] Rank 3 | betway.co.za | Play Aviator and reach for the sky | Betway Sports betting
2026-10-05 15:48:44,674 [INFO] Rank 4 | 10bet.co.za | Play Aviator Game Online | Crash Game by Spribe
2026-10-05 15:48:47,567 [INFO] Rank 5 | livescore.com | How to Play Aviator on Betway 2026: Get 10 Free Flights
2026-10-05 15:48:54,849 [INFO] Rank 6 | betway.co.za | Play Aviator | Register and Get 10 Free Flights
2026-10-05 15:48:57,139 [INFO] Rank 7 | spribe.co | Aviator
2026-10-05 15:48:59,660 [INFO] Rank 8 | en.wikipedia.org | Aircraft pilot
2026-10-05 15:48:59,732 [INFO] Rank 9 | play.google.com | Aviator – Apps on Google Play
2026-10-05 15:49:00,696 [INFO] Rank 10 | gbets.co.za | Play Aviator Slot by SPRIBE - Crash Games
2026-10-05 15:49:00,696 [INFO] SERP extraction complete: 10/10 organic results
2026-10-05 15:49:00,733 [INFO] Updated 10 SERP rows for 2026-10-05 at 15:00
2026-10-05 15:49:00,772 [INFO] Excel workbook saved: C:\Users\WandileK\OneDrive - HollywoodBets\Desktop\serp_monitor_app\scripts\aviator_rankings.xlsx
============================================================
HOLLYWOODBETS SEO SERP CHECK
============================================================
Keyword: Aviator
Date: 2026-10-05
Capture hour: 15:00
Organic results collected: 10
------------------------------------------------------------
1. Hollywoodbets | hollywoodbets.net
2. Betway | betway.co.za
3. Betway | betway.co.za
4. 10bet | 10bet.co.za
5. LiveScore | livescore.com
6. Betway | betway.co.za
7. SPRIBE | spribe.co
8. En | en.wikipedia.org
9. Google Play | play.google.com
10. Gbets | gbets.co.za
------------------------------------------------------------
Hollywoodbets rank: 1
Results saved: C:\Users\WandileK\OneDrive - HollywoodBets\Desktop\serp_monitor_app\scripts\aviator_rankings.xlsx
============================================================
2026-10-05 15:49:01,280 [INFO] Browser closed.
SEO_SERP_Monitor_aviator completed successfully.
------------------------------------------------------------
Starting SEO_SERP_Monitor_lucky_numbers...
2026-10-05 15:49:02,913 [INFO] ============================================================
2026-10-05 15:49:02,914 [INFO] Run start: 2026-10-05T15:49:02.913272+02:00 | keyword=Lucky Numbers
2026-10-05 15:49:02,915 [INFO] Starting Playwright with dedicated SERP Chrome profile: C:\Users\WandileK\OneDrive - HollywoodBets\Desktop\serp_monitor_app\scripts\serp_chrome_profile_lucky_numbers
2026-10-05 15:49:02,916 [INFO] Headless mode: False
2026-10-05 15:49:04,350 [INFO] Persistent Chrome context ready.
2026-10-05 15:49:04,454 [INFO] GET https://www.google.com/search?q=Lucky+Numbers&hl=en&gl=za&num=20&pws=0
2026-10-05 15:49:21,044 [WARNING] SERP H3 elements did not appear within the expected time.
2026-10-05 15:49:21,061 [INFO] SERP loaded.
2026-10-05 15:49:21,076 [INFO] SERP candidates found (H3): 10
2026-10-05 15:49:27,830 [INFO] Rank 1 | hollywoodbets.net | AI Mode replied:
2026-10-05 15:49:30,010 [INFO] Rank 2 | takealot.com | Raven's Lucky Numbers Book of Places: USA Edition
2026-10-05 15:49:31,690 [INFO] Rank 3 | bankservices.co.za | My lucky lottery numbers today Share via ... - Bank Services
2026-10-05 15:49:35,311 [INFO] Rank 4 | blog.hollywoodbets.net | This Week's Featured Lucky Number Draws
2026-10-05 15:49:39,901 [INFO] Rank 5 | salesianyouth.org | Roulette Lucky Numbers
2026-10-05 15:49:42,142 [INFO] Rank 6 | bestsportsbetting.co.za | Lucky Numbers Betting South Africa
2026-10-05 15:49:44,437 [INFO] Rank 7 | blog.hollywoodbets.net | This Week's Lucky Numbers
2026-10-05 15:49:47,976 [INFO] Rank 8 | blog.hollywoodbets.net | Iceland 5/40 - Lucky Numbers
2026-10-05 15:49:50,340 [INFO] Rank 9 | blog.hollywoodbets.net | This Week's Lucky Numbers (28/07/2020)
2026-10-05 15:49:52,774 [INFO] Rank 10 | blog.hollywoodbets.net | A Massive Lucky Numbers Win!
2026-10-05 15:49:52,777 [INFO] SERP extraction complete: 10/10 organic results
2026-10-05 15:49:52,921 [INFO] Updated 10 SERP rows for 2026-10-05 at 15:00
2026-10-05 15:49:53,064 [INFO] Excel workbook saved: C:\Users\WandileK\OneDrive - HollywoodBets\Desktop\serp_monitor_app\scripts\lucky_numbers_rankings.xlsx
============================================================
HOLLYWOODBETS SEO SERP CHECK
============================================================
Keyword: Lucky Numbers
Date: 2026-10-05
Capture hour: 15:00
Organic results collected: 10
------------------------------------------------------------
1. Hollywoodbets | hollywoodbets.net
2. Takealot | takealot.com
3. Bankservices | bankservices.co.za
4. Hollywoodbets | blog.hollywoodbets.net
5. Salesianyouth | salesianyouth.org
6. Bestsportsbetting | bestsportsbetting.co.za
7. Hollywoodbets | blog.hollywoodbets.net
8. Hollywoodbets | blog.hollywoodbets.net
9. Hollywoodbets | blog.hollywoodbets.net
10. Hollywoodbets | blog.hollywoodbets.net
------------------------------------------------------------
Hollywoodbets rank: 1
Results saved: C:\Users\WandileK\OneDrive - HollywoodBets\Desktop\serp_monitor_app\scripts\lucky_numbers_rankings.xlsx
============================================================
2026-10-05 15:50:05,797 [INFO] Browser closed.
SEO_SERP_Monitor_lucky_numbers completed successfully.
------------------------------------------------------------
Starting SEO_SERP_Monitor_online_slots...
2026-10-05 15:50:07,397 [INFO] ============================================================
2026-10-05 15:50:07,398 [INFO] Run start: 2026-10-05T15:50:07.397299+02:00 | keyword=Online Slots
2026-10-05 15:50:07,399 [INFO] Starting Playwright with dedicated SERP Chrome profile: C:\Users\WandileK\OneDrive - HollywoodBets\Desktop\serp_monitor_app\scripts\serp_chrome_profile_online_slots
2026-10-05 15:50:07,399 [INFO] Headless mode: False
2026-10-05 15:50:08,767 [INFO] Persistent Chrome context ready.
2026-10-05 15:50:08,882 [INFO] GET https://www.google.com/search?q=Online+Slots&hl=en&gl=za&num=20&pws=0
2026-10-05 15:50:13,504 [INFO] SERP loaded.
2026-10-05 15:50:13,514 [INFO] SERP candidates found (H3): 10
2026-10-05 15:50:15,882 [INFO] Rank 1 | springbokcasino.co.za | Are you ready to play lots of slots?
2026-10-05 15:50:19,210 [INFO] Rank 2 | slotsrealmoney.co.za | Find the Best Online Slots Casino Bonuses @ Slots Real Money
2026-10-05 15:50:20,909 [INFO] Rank 3 | playcasino.co.za | Best Online Slots South Africa: Free Play & Real Money Slots
2026-10-05 15:50:24,282 [INFO] Rank 4 | unibet.co.uk | Online Slots | Play UK Slot Games with Unibet
2026-10-05 15:50:26,350 [INFO] Rank 5 | iol.co.za | 5 new online slots to play in South Africa in September 2025
2026-10-05 15:50:31,334 [INFO] Rank 6 | youtube.com | ONLINE SLOTS Tips, How To, and what could cost you
2026-10-05 15:50:35,428 [INFO] Rank 7 | whichcasino.co.za | Popular Online Slots at South African Casinos
2026-10-05 15:50:40,592 [INFO] Rank 8 | saonlinecasinos.co.za | A Guide to Playing Slots at Online Casinos
2026-10-05 15:50:44,848 [INFO] Rank 9 | onlinegambling.co.za | The Basics to Playing Real Money Online Slots
2026-10-05 15:50:44,850 [INFO] SERP extraction complete: 9/10 organic results
2026-10-05 15:50:44,954 [INFO] Updated 9 SERP rows for 2026-10-05 at 15:00
2026-10-05 15:50:45,160 [INFO] Excel workbook saved: C:\Users\WandileK\OneDrive - HollywoodBets\Desktop\serp_monitor_app\scripts\online_slots_rankings.xlsx
============================================================
HOLLYWOODBETS SEO SERP CHECK
============================================================
Keyword: Online Slots
Date: 2026-10-05
Capture hour: 15:00
Organic results collected: 9
------------------------------------------------------------
1. Springbokcasino | springbokcasino.co.za
2. Slotsrealmoney | slotsrealmoney.co.za
3. Playcasino | playcasino.co.za
4. Unibet | unibet.co.uk
5. Iol | iol.co.za
6. Youtube | youtube.com
7. Whichcasino | whichcasino.co.za
8. Saonlinecasinos | saonlinecasinos.co.za
9. Onlinegambling | onlinegambling.co.za
------------------------------------------------------------
Hollywoodbets rank: None
Results saved: C:\Users\WandileK\OneDrive - HollywoodBets\Desktop\serp_monitor_app\scripts\online_slots_rankings.xlsx
============================================================
2026-10-05 15:51:01,726 [INFO] Browser closed.
SEO_SERP_Monitor_online_slots completed successfully.
------------------------------------------------------------
Starting SEO_SERP_Monitor_soccer_betting...
2026-10-05 15:51:03,343 [INFO] ============================================================
2026-10-05 15:51:03,343 [INFO] Run start: 2026-10-05T15:51:03.342334+02:00 | keyword=Soccer Betting
2026-10-05 15:51:03,344 [INFO] Starting Playwright with dedicated SERP Chrome profile: C:\Users\WandileK\OneDrive - HollywoodBets\Desktop\serp_monitor_app\scripts\serp_chrome_profile_soccer_betting
2026-10-05 15:51:03,344 [INFO] Headless mode: False
2026-10-05 15:51:04,477 [INFO] Persistent Chrome context ready.
2026-10-05 15:51:04,608 [INFO] GET https://www.google.com/search?q=Soccer+Betting&hl=en&gl=za&num=20&pws=0
2026-10-05 15:51:21,750 [WARNING] SERP H3 elements did not appear within the expected time.
2026-10-05 15:51:21,764 [INFO] SERP loaded.
2026-10-05 15:51:21,775 [INFO] SERP candidates found (H3): 11
2026-10-05 15:51:23,732 [INFO] Rank 1 | betway.co.za | AI Mode replied:
2026-10-05 15:51:30,306 [INFO] Rank 2 | rg.org | Soccer Betting Guides
2026-10-05 15:51:34,234 [INFO] Rank 3 | visitblackhawk.org | Beginner's Guide to Soccer Betting in Black Hawk
2026-10-05 15:51:36,838 [INFO] Rank 4 | livescore.com | How to Analyse Teams & Stats: Guide to Placing a Soccer ...
2026-10-05 15:51:40,288 [INFO] Rank 5 | oddschecker.com | Soccer Betting Odds & Lines
2026-10-05 15:51:42,017 [INFO] Rank 6 | sportsbook.draftkings.com | Soccer Odds, Lines, and Online Betting
2026-10-05 15:51:43,679 [INFO] Rank 7 | soccer6.co.za | Soccer6.co.za
2026-10-05 15:51:50,433 [INFO] Rank 8 | youtube.com | Soccer Betting Guide - How to Bet On Soccer for Beginners
2026-10-05 15:51:53,670 [INFO] Rank 9 | quora.com | What is soccer betting?
2026-10-05 15:52:00,767 [INFO] Rank 10 | soccerbase.com | Football Betting | Place Your Football Bet Today | Soccer Base
2026-10-05 15:52:00,768 [INFO] SERP extraction complete: 10/10 organic results
2026-10-05 15:52:00,916 [INFO] Updated 10 SERP rows for 2026-10-05 at 15:00
2026-10-05 15:52:01,117 [INFO] Excel workbook saved: C:\Users\WandileK\OneDrive - HollywoodBets\Desktop\serp_monitor_app\scripts\soccer_betting_rankings.xlsx
============================================================
HOLLYWOODBETS SEO SERP CHECK
============================================================
Keyword: Soccer Betting
Date: 2026-10-05
Capture hour: 15:00
Organic results collected: 10
------------------------------------------------------------
1. Betway | betway.co.za
2. Rg | rg.org
3. Visitblackhawk | visitblackhawk.org
4. LiveScore | livescore.com
5. Oddschecker | oddschecker.com
6. Sportsbook | sportsbook.draftkings.com
7. Soccer6 | soccer6.co.za
8. Youtube | youtube.com
9. Quora | quora.com
10. Soccerbase | soccerbase.com
------------------------------------------------------------
Hollywoodbets rank: None
Results saved: C:\Users\WandileK\OneDrive - HollywoodBets\Desktop\serp_monitor_app\scripts\soccer_betting_rankings.xlsx
============================================================
2026-10-05 15:52:06,964 [INFO] Browser closed.
SEO_SERP_Monitor_soccer_betting completed successfully.
Starting Excel to PostgreSQL sync (first pass)...
aviator_rankings.xlsx: captures created=1, existing captures refreshed=0.
lucky_numbers_rankings.xlsx: captures created=0, existing captures refreshed=1.
online_slots_rankings.xlsx: captures created=0, existing captures refreshed=4.
soccer_betting_rankings.xlsx: captures created=0, existing captures refreshed=1.
Imported all real Excel data: captures created=1, existing captures refreshed=6.
Excel to PostgreSQL sync completed successfully (first pass).
============================================================
[2026/10/05 15:52:17,62] CAPTURE + SYNC COMPLETE
============================================================
============================================================
[2026/10/05 16:12:53,89] CAPTURE + SYNC START
============================================================
------------------------------------------------------------
Starting SEO_SERP_Monitor_aviator...
2026-10-05 16:12:55,247 [INFO] ============================================================
2026-10-05 16:12:55,247 [INFO] Run start: 2026-10-05T16:12:55.247845+02:00 | keyword=Aviator
2026-10-05 16:12:55,251 [INFO] Starting Playwright with dedicated SERP Chrome profile: C:\Users\WandileK\OneDrive - HollywoodBets\Desktop\serp_monitor_app\scripts\serp_chrome_profile_aviator
2026-10-05 16:12:55,251 [INFO] Headless mode: False
2026-10-05 16:12:56,741 [INFO] Persistent Chrome context ready.
2026-10-05 16:12:56,880 [INFO] GET https://www.google.com/search?q=Aviator&hl=en&gl=za&num=20&pws=0
2026-10-05 16:13:02,123 [INFO] SERP loaded.
2026-10-05 16:13:02,130 [INFO] SERP candidates found (H3): 10
2026-10-05 16:13:03,611 [INFO] Rank 1 | betway.co.za | Play Online Casino Games - Register ...
2026-10-05 16:13:05,385 [INFO] Rank 2 | hollywoodbets.net | Play Aviator | Aviator Game | Hollywoodbets SA
2026-10-05 16:13:12,536 [INFO] Rank 3 | 10bet.co.za | Play Aviator Game Online | Crash Game by Spribe
2026-10-05 16:13:14,289 [INFO] Rank 4 | betway.co.za | Play Aviator and reach for the sky | Betway Sports betting
2026-10-05 16:13:16,119 [INFO] Rank 5 | betway.co.za | Play Aviator | Register and Get 10 Free Flights
2026-10-05 16:13:20,004 [INFO] Rank 6 | merriam-webster.com | AVIATOR Definition & Meaning
2026-10-05 16:13:21,303 [INFO] Rank 7 | livescore.com | How to Play Aviator on Betway 2026: Get 10 Free Flights
2026-10-05 16:13:23,006 [INFO] Rank 8 | spribe.co | Aviator
2026-10-05 16:13:31,358 [INFO] Rank 9 | aviator.aero | AVIATOR | Airline Market Intelligence
2026-10-05 16:13:34,182 [INFO] Rank 10 | youtube.com | Betway Aviator - Picking up a Quick Big Win
2026-10-05 16:13:34,183 [INFO] SERP extraction complete: 10/10 organic results
2026-10-05 16:13:34,231 [INFO] Updated 10 SERP rows for 2026-10-05 at 16:00
2026-10-05 16:13:34,298 [INFO] Excel workbook saved: C:\Users\WandileK\OneDrive - HollywoodBets\Desktop\serp_monitor_app\scripts\aviator_rankings.xlsx
============================================================
HOLLYWOODBETS SEO SERP CHECK
============================================================
Keyword: Aviator
Date: 2026-10-05
Capture hour: 16:00
Organic results collected: 10
------------------------------------------------------------
1. Betway | betway.co.za
2. Hollywoodbets | hollywoodbets.net
3. 10bet | 10bet.co.za
4. Betway | betway.co.za
5. Betway | betway.co.za
6. Merriam webster | merriam-webster.com
7. LiveScore | livescore.com
8. SPRIBE | spribe.co
9. Aviator | aviator.aero
10. Youtube | youtube.com
------------------------------------------------------------
Hollywoodbets rank: 2
Results saved: C:\Users\WandileK\OneDrive - HollywoodBets\Desktop\serp_monitor_app\scripts\aviator_rankings.xlsx
============================================================
2026-10-05 16:13:36,135 [INFO] Browser closed.
SEO_SERP_Monitor_aviator completed successfully.
------------------------------------------------------------
Starting SEO_SERP_Monitor_lucky_numbers...
2026-10-05 16:13:37,616 [INFO] ============================================================
2026-10-05 16:13:37,616 [INFO] Run start: 2026-10-05T16:13:37.615699+02:00 | keyword=Lucky Numbers
2026-10-05 16:13:37,617 [INFO] Starting Playwright with dedicated SERP Chrome profile: C:\Users\WandileK\OneDrive - HollywoodBets\Desktop\serp_monitor_app\scripts\serp_chrome_profile_lucky_numbers
2026-10-05 16:13:37,618 [INFO] Headless mode: False
2026-10-05 16:13:38,924 [INFO] Persistent Chrome context ready.
2026-10-05 16:13:39,083 [INFO] GET https://www.google.com/search?q=Lucky+Numbers&hl=en&gl=za&num=20&pws=0
2026-10-05 16:13:43,767 [INFO] SERP loaded.
2026-10-05 16:13:43,872 [INFO] SERP candidates found (H3): 11
2026-10-05 16:13:45,617 [INFO] Rank 1 | betway.co.za | Place your Lucky Numbers bets with ...
2026-10-05 16:13:46,966 [INFO] Rank 2 | tiktok.com | AI Mode replied:
2026-10-05 16:13:47,099 [INFO] Rank 3 | play.google.com | Today Lucky Numbers – Apps on Google Play
2026-10-05 16:13:48,631 [INFO] Rank 4 | hollywoodbets.net | Lucky Numbers for today
2026-10-05 16:13:51,994 [INFO] Rank 5 | worldsportsbetting.co.za | Play Powerball Online | Lucky Numbers & Jackpots
2026-10-05 16:13:54,761 [INFO] Rank 6 | en.wikipedia.org | Lucky number
2026-10-05 16:13:57,151 [INFO] Rank 7 | luckynumber.today | Lucky Numbers
2026-10-05 16:13:59,007 [INFO] Rank 8 | za.pinterest.com | Lucky numbers for lottery
2026-10-05 16:14:01,112 [INFO] Rank 9 | aiminghigh.aimssec.ac.za | LUCKY NUMBERS HELP - Lesson Activities
2026-10-05 16:14:04,181 [INFO] Rank 10 | facebook.com | Those are some great lucky numbers
2026-10-05 16:14:04,181 [INFO] SERP extraction complete: 10/10 organic results
2026-10-05 16:14:04,261 [INFO] Updated 10 SERP rows for 2026-10-05 at 16:00
2026-10-05 16:14:04,366 [INFO] Excel workbook saved: C:\Users\WandileK\OneDrive - HollywoodBets\Desktop\serp_monitor_app\scripts\lucky_numbers_rankings.xlsx
============================================================
HOLLYWOODBETS SEO SERP CHECK
============================================================
Keyword: Lucky Numbers
Date: 2026-10-05
Capture hour: 16:00
Organic results collected: 10
------------------------------------------------------------
1. Betway | betway.co.za
2. Tiktok | tiktok.com
3. Google Play | play.google.com
4. Hollywoodbets | hollywoodbets.net
5. Worldsportsbetting | worldsportsbetting.co.za
6. En | en.wikipedia.org
7. Luckynumber | luckynumber.today
8. Za | za.pinterest.com
9. Aiminghigh | aiminghigh.aimssec.ac.za
10. Facebook | facebook.com
------------------------------------------------------------
Hollywoodbets rank: 4
Results saved: C:\Users\WandileK\OneDrive - HollywoodBets\Desktop\serp_monitor_app\scripts\lucky_numbers_rankings.xlsx
============================================================
2026-10-05 16:14:09,786 [INFO] Browser closed.
SEO_SERP_Monitor_lucky_numbers completed successfully.
------------------------------------------------------------
Starting SEO_SERP_Monitor_online_slots...
2026-10-05 16:14:13,439 [INFO] ============================================================
2026-10-05 16:14:13,441 [INFO] Run start: 2026-10-05T16:14:13.439642+02:00 | keyword=Online Slots
2026-10-05 16:14:13,456 [INFO] Starting Playwright with dedicated SERP Chrome profile: C:\Users\WandileK\OneDrive - HollywoodBets\Desktop\serp_monitor_app\scripts\serp_chrome_profile_online_slots
2026-10-05 16:14:13,458 [INFO] Headless mode: False
2026-10-05 16:14:16,087 [INFO] Persistent Chrome context ready.
2026-10-05 16:14:16,441 [INFO] GET https://www.google.com/search?q=Online+Slots&hl=en&gl=za&num=20&pws=0
2026-10-05 16:14:22,203 [INFO] SERP loaded.
2026-10-05 16:14:22,213 [INFO] SERP candidates found (H3): 10
2026-10-05 16:14:24,690 [INFO] Rank 1 | springbokcasino.co.za | Are you ready to play lots of slots?
2026-10-05 16:14:26,720 [INFO] Rank 2 | slotsrealmoney.co.za | Find the Best Online Slots Casino Bonuses @ Slots Real Money
2026-10-05 16:14:28,272 [INFO] Rank 3 | playcasino.co.za | Best Online Slots South Africa: Free Play & Real Money Slots
2026-10-05 16:14:30,900 [INFO] Rank 4 | unibet.co.uk | Online Slots | Play UK Slot Games with Unibet
2026-10-05 16:14:32,392 [INFO] Rank 5 | iol.co.za | 5 new online slots to play in South Africa in September 2025
2026-10-05 16:14:35,950 [INFO] Rank 6 | youtube.com | ONLINE SLOTS Tips, How To, and what could cost you
2026-10-05 16:14:37,488 [INFO] Rank 7 | whichcasino.co.za | Popular Online Slots at South African Casinos
2026-10-05 16:14:42,755 [INFO] Rank 8 | saonlinecasinos.co.za | A Guide to Playing Slots at Online Casinos
2026-10-05 16:14:44,405 [INFO] Rank 9 | onlinegambling.co.za | The Basics to Playing Real Money Online Slots
2026-10-05 16:14:44,407 [INFO] SERP extraction complete: 9/10 organic results
2026-10-05 16:14:44,477 [INFO] Updated 9 SERP rows for 2026-10-05 at 16:00
2026-10-05 16:14:44,576 [INFO] Excel workbook saved: C:\Users\WandileK\OneDrive - HollywoodBets\Desktop\serp_monitor_app\scripts\online_slots_rankings.xlsx
============================================================
HOLLYWOODBETS SEO SERP CHECK
============================================================
Keyword: Online Slots
Date: 2026-10-05
Capture hour: 16:00
Organic results collected: 9
------------------------------------------------------------
1. Springbokcasino | springbokcasino.co.za
2. Slotsrealmoney | slotsrealmoney.co.za
3. Playcasino | playcasino.co.za
4. Unibet | unibet.co.uk
5. Iol | iol.co.za
6. Youtube | youtube.com
7. Whichcasino | whichcasino.co.za
8. Saonlinecasinos | saonlinecasinos.co.za
9. Onlinegambling | onlinegambling.co.za
------------------------------------------------------------
Hollywoodbets rank: None
Results saved: C:\Users\WandileK\OneDrive - HollywoodBets\Desktop\serp_monitor_app\scripts\online_slots_rankings.xlsx
============================================================
2026-10-05 16:14:49,012 [INFO] Browser closed.
SEO_SERP_Monitor_online_slots completed successfully.
------------------------------------------------------------
Starting SEO_SERP_Monitor_soccer_betting...
2026-10-05 16:14:52,222 [INFO] ============================================================
2026-10-05 16:14:52,223 [INFO] Run start: 2026-10-05T16:14:52.222134+02:00 | keyword=Soccer Betting
2026-10-05 16:14:52,226 [INFO] Starting Playwright with dedicated SERP Chrome profile: C:\Users\WandileK\OneDrive - HollywoodBets\Desktop\serp_monitor_app\scripts\serp_chrome_profile_soccer_betting
2026-10-05 16:14:52,229 [INFO] Headless mode: False
2026-10-05 16:14:54,587 [INFO] Persistent Chrome context ready.
2026-10-05 16:14:54,870 [INFO] GET https://www.google.com/search?q=Soccer+Betting&hl=en&gl=za&num=20&pws=0
2026-10-05 16:15:12,714 [WARNING] SERP H3 elements did not appear within the expected time.
2026-10-05 16:15:12,726 [INFO] SERP loaded.
2026-10-05 16:15:12,734 [INFO] SERP candidates found (H3): 10
2026-10-05 16:15:14,032 [INFO] Rank 1 | betway.co.za | AI Mode replied:
2026-10-05 16:15:18,640 [INFO] Rank 2 | rg.org | Soccer Betting Guides
2026-10-05 16:15:19,766 [INFO] Rank 3 | livescore.com | How to Analyse Teams & Stats: Guide to Placing a Soccer ...
2026-10-05 16:15:21,273 [INFO] Rank 4 | sportsbook.draftkings.com | Soccer Odds, Lines, and Online Betting
2026-10-05 16:15:23,530 [INFO] Rank 5 | quora.com | What is soccer betting?
2026-10-05 16:15:28,058 [INFO] Rank 6 | youtube.com | Soccer Betting Guide - How to Bet On Soccer for Beginners
2026-10-05 16:15:32,621 [INFO] Rank 7 | betolimp.co.za | Soccer Betting South Africa
2026-10-05 16:15:35,397 [INFO] Rank 8 | actionnetwork.com | How To Bet on Soccer: 9 Different Bet Types, Explained
2026-10-05 16:15:39,130 [INFO] Rank 9 | soccerbase.com | Football Betting | Place Your Football Bet Today | Soccer Base
2026-10-05 16:15:41,887 [INFO] Rank 10 | hardrock.bet | Soccer Betting: Live Odds, Available Markets, and FAQ ...
2026-10-05 16:15:41,893 [INFO] SERP extraction complete: 10/10 organic results
2026-10-05 16:15:41,962 [INFO] Updated 10 SERP rows for 2026-10-05 at 16:00
2026-10-05 16:15:42,045 [INFO] Excel workbook saved: C:\Users\WandileK\OneDrive - HollywoodBets\Desktop\serp_monitor_app\scripts\soccer_betting_rankings.xlsx
============================================================
HOLLYWOODBETS SEO SERP CHECK
============================================================
Keyword: Soccer Betting
Date: 2026-10-05
Capture hour: 16:00
Organic results collected: 10
------------------------------------------------------------
1. Betway | betway.co.za
2. Rg | rg.org
3. LiveScore | livescore.com
4. Sportsbook | sportsbook.draftkings.com
5. Quora | quora.com
6. Youtube | youtube.com
7. Betolimp | betolimp.co.za
8. Actionnetwork | actionnetwork.com
9. Soccerbase | soccerbase.com
10. Hardrock | hardrock.bet
------------------------------------------------------------
Hollywoodbets rank: None
Results saved: C:\Users\WandileK\OneDrive - HollywoodBets\Desktop\serp_monitor_app\scripts\soccer_betting_rankings.xlsx
============================================================
2026-10-05 16:15:47,889 [INFO] Browser closed.
SEO_SERP_Monitor_soccer_betting completed successfully.
Starting Excel to PostgreSQL sync (first pass)...
aviator_rankings.xlsx: captures created=1, existing captures refreshed=1.
lucky_numbers_rankings.xlsx: captures created=1, existing captures refreshed=1.
online_slots_rankings.xlsx: captures created=1, existing captures refreshed=4.
soccer_betting_rankings.xlsx: captures created=1, existing captures refreshed=1.
Imported all real Excel data: captures created=4, existing captures refreshed=7.
Excel to PostgreSQL sync completed successfully (first pass).
============================================================
[2026/10/05 16:15:55,69] CAPTURE + SYNC COMPLETE
============================================================
============================================================
[2026/10/06 10:45:00,67] CAPTURE + SYNC START
============================================================
------------------------------------------------------------
Starting SEO_SERP_Monitor_aviator...
2026-10-06 10:45:01,300 [INFO] ============================================================
2026-10-06 10:45:01,300 [INFO] Run start: 2026-10-06T10:45:01.300100+02:00 | keyword=Aviator
2026-10-06 10:45:01,300 [INFO] Starting Playwright with dedicated SERP Chrome profile: C:\Users\santhm\Desktop\SERP_Monitor\SERP_Monitor\scripts\serp_chrome_profile_aviator
2026-10-06 10:45:01,301 [INFO] Headless mode: False
2026-10-06 10:45:02,052 [INFO] Persistent Chrome context ready.
2026-10-06 10:45:02,102 [INFO] GET https://www.google.com/search?q=Aviator&hl=en&gl=za&num=20&pws=0
2026-10-06 10:45:05,930 [INFO] SERP loaded.
2026-10-06 10:45:05,933 [INFO] SERP candidates found (H3): 8
2026-10-06 10:45:08,164 [INFO] Rank 1 | truworths.co.za | AI Mode reply for Aviator
2026-10-06 10:45:08,252 [INFO] Rank 2 | play.google.com | Aviator Game – Apps on Google Play
2026-10-06 10:45:14,119 [INFO] Rank 3 | trongsa.gov.bt | Aviator is a game that is purely regarding chance and you ...
2026-10-06 10:45:15,474 [INFO] Rank 4 | booking.com | Aviator's Nest, Kempton Park (updated prices 2026)
2026-10-06 10:45:17,141 [INFO] Rank 5 | dynalogsa.co.za | The rise of aviator by Spribe: Why this game is a must-try ...
2026-10-06 10:45:17,943 [INFO] Rank 6 | takealot.com | An Aviator At Heart | Shop Today. Get it Tomorrow!
2026-10-06 10:45:20,869 [INFO] Rank 7 | mg.co.za | The Mail & Guardian | Africa's Better Future
2026-10-06 10:45:20,869 [INFO] SERP extraction complete: 7/10 organic results
2026-10-06 10:45:20,891 [INFO] Updated 7 SERP rows for 2026-10-06 at 10:00
2026-10-06 10:45:20,917 [WARNING] Excel file is locked; retrying save (1/5)...
2026-10-06 10:45:22,437 [INFO] Excel workbook saved: C:\Users\santhm\Desktop\SERP_Monitor\SERP_Monitor\scripts\aviator_rankings.xlsx
============================================================
HOLLYWOODBETS SEO SERP CHECK
============================================================
Keyword: Aviator
Date: 2026-10-06
Capture hour: 10:00
Organic results collected: 7
------------------------------------------------------------
1. Truworths | truworths.co.za
2. Google Play | play.google.com
3. Trongsa | trongsa.gov.bt
4. Booking | booking.com
5. Dynalogsa | dynalogsa.co.za
6. Takealot | takealot.com
7. Mg | mg.co.za
------------------------------------------------------------
Hollywoodbets rank: None
Results saved: C:\Users\santhm\Desktop\SERP_Monitor\SERP_Monitor\scripts\aviator_rankings.xlsx
============================================================
2026-10-06 10:45:22,677 [INFO] Browser closed.
SEO_SERP_Monitor_aviator completed successfully.
------------------------------------------------------------
Starting SEO_SERP_Monitor_lucky_numbers...
2026-10-06 10:45:23,272 [INFO] ============================================================
2026-10-06 10:45:23,272 [INFO] Run start: 2026-10-06T10:45:23.272419+02:00 | keyword=Lucky Numbers
2026-10-06 10:45:23,272 [INFO] Starting Playwright with dedicated SERP Chrome profile: C:\Users\santhm\Desktop\SERP_Monitor\SERP_Monitor\scripts\serp_chrome_profile_lucky_numbers
2026-10-06 10:45:23,273 [INFO] Headless mode: False
2026-10-06 10:45:23,856 [INFO] Persistent Chrome context ready.
2026-10-06 10:45:23,933 [INFO] GET https://www.google.com/search?q=Lucky+Numbers&hl=en&gl=za&num=20&pws=0
2026-10-06 10:45:29,597 [INFO] SERP loaded.
2026-10-06 10:45:29,602 [INFO] SERP candidates found (H3): 10
2026-10-06 10:45:30,383 [INFO] Rank 1 | tiktok.com | AI Mode replied:
2026-10-06 10:45:30,759 [INFO] Rank 2 | scribd.com | Choosing Your Lucky Number Guide | PDF | Luck
2026-10-06 10:45:39,079 [INFO] Rank 3 | betolimp.co.za | Lucky Numbers | Lotto & Powerball Plus Information
2026-10-06 10:45:40,851 [INFO] Rank 4 | blog.hollywoodbets.net | Lucky Numbers | Hollywoodbets Sports Blog
2026-10-06 10:45:41,525 [INFO] Rank 5 | takealot.com | Raven's Lucky Numbers Book of Places: USA Edition
--- Logging error ---
Traceback (most recent call last):
  File "C:\Python314\Lib\logging\__init__.py", line 1154, in emit
    stream.write(msg + self.terminator)
    ~~~~~~~~~~~~^^^^^^^^^^^^^^^^^^^^^^^
  File "C:\Python314\Lib\encodings\cp1252.py", line 19, in encode
    return codecs.charmap_encode(input,self.errors,encoding_table)[0]
           ~~~~~~~~~~~~~~~~~~~~~^^^^^^^^^^^^^^^^^^^^^^^^^^^^^^^^^^
UnicodeEncodeError: 'charmap' codec can't encode character '\u2192' in position 70: character maps to <undefined>
Call stack:
  File "C:\Users\santhm\Desktop\SERP_Monitor\SERP_Monitor\scripts\SEO_SERP_Monitor_Lucky_Numbers.py", line 1216, in <module>
    result = run_once()
  File "C:\Users\santhm\Desktop\SERP_Monitor\SERP_Monitor\scripts\SEO_SERP_Monitor_Lucky_Numbers.py", line 1092, in run_once
    results = extract_organic_results(page)
  File "C:\Users\santhm\Desktop\SERP_Monitor\SERP_Monitor\scripts\SEO_SERP_Monitor_Lucky_Numbers.py", line 530, in extract_organic_results
    logger.info(
Message: 'Rank %d | %s | %s'
Arguments: (6, 'hyggeonkel.dk', 'Lucky Numbers \u2192 Køb det billigt i dag!')
2026-10-06 10:45:48,106 [INFO] Rank 7 | blog.hollywoodbets.net | Lucky Numbers | Hollywoodbets Sports Blog
2026-10-06 10:45:49,814 [INFO] Rank 8 | blog.hollywoodbets.net | This Week's Lucky Numbers (05/01/2021)
2026-10-06 10:45:50,660 [INFO] Rank 9 | hollywoodbets.net | Online Sports Betting and Online Casino
2026-10-06 10:45:52,349 [INFO] Rank 10 | blog.hollywoodbets.net | This Week's Lucky Numbers (04/08/2020)
2026-10-06 10:45:52,349 [INFO] SERP extraction complete: 10/10 organic results
2026-10-06 10:45:52,374 [INFO] Updated 10 SERP rows for 2026-10-06 at 10:00
2026-10-06 10:45:52,397 [INFO] Excel workbook saved: C:\Users\santhm\Desktop\SERP_Monitor\SERP_Monitor\scripts\lucky_numbers_rankings.xlsx
============================================================
HOLLYWOODBETS SEO SERP CHECK
============================================================
Keyword: Lucky Numbers
Date: 2026-10-06
Capture hour: 10:00
Organic results collected: 10
------------------------------------------------------------
1. Tiktok | tiktok.com
2. Scribd | scribd.com
3. Betolimp | betolimp.co.za
4. Hollywoodbets | blog.hollywoodbets.net
5. Takealot | takealot.com
6. Hyggeonkel | hyggeonkel.dk
7. Hollywoodbets | blog.hollywoodbets.net
8. Hollywoodbets | blog.hollywoodbets.net
9. Hollywoodbets | hollywoodbets.net
10. Hollywoodbets | blog.hollywoodbets.net
------------------------------------------------------------
Hollywoodbets rank: 4
Results saved: C:\Users\santhm\Desktop\SERP_Monitor\SERP_Monitor\scripts\lucky_numbers_rankings.xlsx
============================================================
2026-10-06 10:45:52,579 [INFO] Browser closed.
SEO_SERP_Monitor_lucky_numbers completed successfully.
------------------------------------------------------------
Starting SEO_SERP_Monitor_online_slots...
2026-10-06 10:45:53,173 [INFO] ============================================================
2026-10-06 10:45:53,173 [INFO] Run start: 2026-10-06T10:45:53.173684+02:00 | keyword=Online Slots
2026-10-06 10:45:53,174 [INFO] Starting Playwright with dedicated SERP Chrome profile: C:\Users\santhm\Desktop\SERP_Monitor\SERP_Monitor\scripts\serp_chrome_profile_online_slots
2026-10-06 10:45:53,174 [INFO] Headless mode: False
2026-10-06 10:45:53,749 [INFO] Persistent Chrome context ready.
2026-10-06 10:45:53,804 [INFO] GET https://www.google.com/search?q=Online+Slots&hl=en&gl=za&num=20&pws=0
2026-10-06 10:45:58,913 [INFO] SERP loaded.
2026-10-06 10:45:58,915 [INFO] SERP candidates found (H3): 10
2026-10-06 10:46:03,589 [INFO] Rank 1 | gamesville.com | Online Slots For Real Money: Top List & Where to Play
2026-10-06 10:46:06,034 [INFO] Rank 2 | gamblingzone.com | Types of Online Slot Machine - Guide
2026-10-06 10:46:10,740 [INFO] Rank 3 | southafricacasino.org | Play Online Slots | South Africa Casino how to guide
2026-10-06 10:46:13,653 [INFO] Rank 4 | squawka.com | Best Online Slots Sites for Real Money in 2026
2026-10-06 10:46:45,329 [INFO] Rank 5 | saonlinecasinos.co.za | A Guide to Playing Slots at Online Casinos
2026-10-06 10:46:48,326 [INFO] Rank 6 | casinolife.co.za | Play in the Best Online Slots for Real Money in South Africa
2026-10-06 10:46:52,093 [INFO] Rank 7 | casinos.org.uk | Online Slots - Best Games - Where to Play & Slot Machine Info
2026-10-06 10:46:54,243 [INFO] Rank 8 | onlinegambling.co.za | The Basics to Playing Real Money Online Slots
2026-10-06 10:46:58,112 [INFO] Rank 9 | topcasinosearch.com | Best Online Slots 2025
2026-10-06 10:46:58,112 [INFO] SERP extraction complete: 9/10 organic results
2026-10-06 10:46:58,133 [INFO] Updated 9 SERP rows for 2026-10-06 at 10:00
2026-10-06 10:46:58,156 [INFO] Excel workbook saved: C:\Users\santhm\Desktop\SERP_Monitor\SERP_Monitor\scripts\online_slots_rankings.xlsx
============================================================
HOLLYWOODBETS SEO SERP CHECK
============================================================
Keyword: Online Slots
Date: 2026-10-06
Capture hour: 10:00
Organic results collected: 9
------------------------------------------------------------
1. Gamesville | gamesville.com
2. Gamblingzone | gamblingzone.com
3. Southafricacasino | southafricacasino.org
4. Squawka | squawka.com
5. Saonlinecasinos | saonlinecasinos.co.za
6. Casinolife | casinolife.co.za
7. Casinos | casinos.org.uk
8. Onlinegambling | onlinegambling.co.za
9. Topcasinosearch | topcasinosearch.com
------------------------------------------------------------
Hollywoodbets rank: None
Results saved: C:\Users\santhm\Desktop\SERP_Monitor\SERP_Monitor\scripts\online_slots_rankings.xlsx
============================================================
2026-10-06 10:46:58,328 [INFO] Browser closed.
SEO_SERP_Monitor_online_slots completed successfully.
------------------------------------------------------------
Starting SEO_SERP_Monitor_soccer_betting...
2026-10-06 10:46:58,970 [INFO] ============================================================
2026-10-06 10:46:58,970 [INFO] Run start: 2026-10-06T10:46:58.970215+02:00 | keyword=Soccer Betting
2026-10-06 10:46:58,970 [INFO] Starting Playwright with dedicated SERP Chrome profile: C:\Users\santhm\Desktop\SERP_Monitor\SERP_Monitor\scripts\serp_chrome_profile_soccer_betting
2026-10-06 10:46:58,970 [INFO] Headless mode: False
2026-10-06 10:46:59,543 [INFO] Persistent Chrome context ready.
2026-10-06 10:46:59,611 [INFO] GET https://www.google.com/search?q=Soccer+Betting&hl=en&gl=za&num=20&pws=0
2026-10-06 10:47:04,161 [INFO] SERP loaded.
2026-10-06 10:47:04,163 [INFO] SERP candidates found (H3): 10
2026-10-06 10:47:04,947 [INFO] Rank 1 | betway.co.za | AI Mode reply for Soccer Betting
2026-10-06 10:47:06,670 [INFO] Rank 2 | worldsportsbetting.co.za | Soccer Betting | Premier League, PSL & More
2026-10-06 10:47:08,805 [INFO] Rank 3 | sportingbet.co.za | Soccer Betting & Football Betting South Africa
2026-10-06 10:47:11,128 [INFO] Rank 4 | hollywoodbets.net | Hollywoodbets Soccer Betting | Latest Soccer Odds
2026-10-06 10:47:13,581 [INFO] Rank 5 | 10bet.co.za | Bet on Soccer and Check 10bet Odds!
2026-10-06 10:47:15,867 [INFO] Rank 6 | bet.co.za | Sports - Soccer - Competitions
2026-10-06 10:47:23,079 [INFO] Rank 7 | betolimp.co.za | Soccer Betting South Africa
2026-10-06 10:47:23,797 [INFO] Rank 8 | reddit.com | r/SoccerBetting
2026-10-06 10:47:25,531 [INFO] Rank 9 | livescore.com | Best Soccer Betting Sites South Africa | Top ZA Bookies
2026-10-06 10:47:27,812 [INFO] Rank 10 | betway.com | Football Betting & Football Odds 2026
2026-10-06 10:47:27,812 [INFO] SERP extraction complete: 10/10 organic results
2026-10-06 10:47:27,832 [INFO] Updated 10 SERP rows for 2026-10-06 at 10:00
2026-10-06 10:47:27,859 [INFO] Excel workbook saved: C:\Users\santhm\Desktop\SERP_Monitor\SERP_Monitor\scripts\soccer_betting_rankings.xlsx
============================================================
HOLLYWOODBETS SEO SERP CHECK
============================================================
Keyword: Soccer Betting
Date: 2026-10-06
Capture hour: 10:00
Organic results collected: 10
------------------------------------------------------------
1. Betway | betway.co.za
2. Worldsportsbetting | worldsportsbetting.co.za
3. Sportingbet | sportingbet.co.za
4. Hollywoodbets | hollywoodbets.net
5. 10bet | 10bet.co.za
6. Bet | bet.co.za
7. Betolimp | betolimp.co.za
8. Reddit | reddit.com
9. LiveScore | livescore.com
10. Betway | betway.com
------------------------------------------------------------
Hollywoodbets rank: 4
Results saved: C:\Users\santhm\Desktop\SERP_Monitor\SERP_Monitor\scripts\soccer_betting_rankings.xlsx
============================================================
2026-10-06 10:47:28,058 [INFO] Browser closed.
SEO_SERP_Monitor_soccer_betting completed successfully.
Starting Excel to PostgreSQL sync (first pass)...
aviator_rankings.xlsx: captures created=4, existing captures refreshed=0.
lucky_numbers_rankings.xlsx: captures created=3, existing captures refreshed=0.
online_slots_rankings.xlsx: captures created=6, existing captures refreshed=0.
soccer_betting_rankings.xlsx: captures created=3, existing captures refreshed=0.
Imported all real Excel data: captures created=16, existing captures refreshed=0.
Excel to PostgreSQL sync completed successfully (first pass).
============================================================
[2026/10/06 10:47:29,30] CAPTURE + SYNC COMPLETE
============================================================
============================================================
[2026/10/06 10:50:52,83] CAPTURE + SYNC START
============================================================
------------------------------------------------------------
Starting SEO_SERP_Monitor_aviator...
2026-10-06 10:50:53,420 [INFO] ============================================================
2026-10-06 10:50:53,421 [INFO] Run start: 2026-10-06T10:50:53.420898+02:00 | keyword=Aviator
2026-10-06 10:50:53,421 [INFO] Starting Playwright with dedicated SERP Chrome profile: C:\Users\santhm\Desktop\SERP_Monitor\SERP_Monitor\scripts\serp_chrome_profile_aviator
2026-10-06 10:50:53,421 [INFO] Headless mode: False
2026-10-06 10:50:54,014 [INFO] Persistent Chrome context ready.
2026-10-06 10:50:54,068 [INFO] GET https://www.google.com/search?q=Aviator&hl=en&gl=za&num=20&pws=0
2026-10-06 10:50:58,607 [INFO] SERP loaded.
2026-10-06 10:50:58,611 [INFO] SERP candidates found (H3): 8
2026-10-06 10:51:01,415 [INFO] Rank 1 | trongsa.gov.bt | AI Mode reply for Aviator
2026-10-06 10:51:01,447 [INFO] Rank 2 | play.google.com | Aviator Game – Apps on Google Play
2026-10-06 10:51:05,343 [INFO] Rank 3 | booking.com | Aviator's Nest, Kempton Park (updated prices 2026)
2026-10-06 10:51:06,435 [INFO] Rank 4 | dynalogsa.co.za | The rise of aviator by Spribe: Why this game is a must-try ...
2026-10-06 10:51:07,138 [INFO] Rank 5 | takealot.com | An Aviator At Heart | Shop Today. Get it Tomorrow!
2026-10-06 10:51:09,580 [INFO] Rank 6 | truworths.co.za | Navy Side Shield Metal Trim Aviator (3254886)
2026-10-06 10:51:10,522 [INFO] Rank 7 | mg.co.za | The Mail & Guardian | Africa's Better Future
2026-10-06 10:51:10,522 [INFO] SERP extraction complete: 7/10 organic results
2026-10-06 10:51:10,544 [INFO] Updated 7 SERP rows for 2026-10-06 at 10:00
2026-10-06 10:51:10,571 [INFO] Excel workbook saved: C:\Users\santhm\Desktop\SERP_Monitor\SERP_Monitor\scripts\aviator_rankings.xlsx
============================================================
HOLLYWOODBETS SEO SERP CHECK
============================================================
Keyword: Aviator
Date: 2026-10-06
Capture hour: 10:00
Organic results collected: 7
------------------------------------------------------------
1. Trongsa | trongsa.gov.bt
2. Google Play | play.google.com
3. Booking | booking.com
4. Dynalogsa | dynalogsa.co.za
5. Takealot | takealot.com
6. Truworths | truworths.co.za
7. Mg | mg.co.za
------------------------------------------------------------
Hollywoodbets rank: None
Results saved: C:\Users\santhm\Desktop\SERP_Monitor\SERP_Monitor\scripts\aviator_rankings.xlsx
============================================================
2026-10-06 10:51:10,774 [INFO] Browser closed.
SEO_SERP_Monitor_aviator completed successfully.
------------------------------------------------------------
Starting SEO_SERP_Monitor_lucky_numbers...
2026-10-06 10:51:11,367 [INFO] ============================================================
2026-10-06 10:51:11,368 [INFO] Run start: 2026-10-06T10:51:11.367826+02:00 | keyword=Lucky Numbers
2026-10-06 10:51:11,368 [INFO] Starting Playwright with dedicated SERP Chrome profile: C:\Users\santhm\Desktop\SERP_Monitor\SERP_Monitor\scripts\serp_chrome_profile_lucky_numbers
2026-10-06 10:51:11,368 [INFO] Headless mode: False
2026-10-06 10:51:11,938 [INFO] Persistent Chrome context ready.
2026-10-06 10:51:12,014 [INFO] GET https://www.google.com/search?q=Lucky+Numbers&hl=en&gl=za&num=20&pws=0
2026-10-06 10:51:15,800 [INFO] SERP loaded.
2026-10-06 10:51:15,812 [INFO] SERP candidates found (H3): 11
2026-10-06 10:51:17,481 [INFO] Rank 1 | yesplay.bet | Lucky Numbers in South Africa Lotteries
2026-10-06 10:51:18,406 [INFO] Rank 2 | tiktok.com | AI Mode replied:
2026-10-06 10:51:19,147 [INFO] Rank 3 | betway.co.za | Betway
2026-10-06 10:51:20,619 [INFO] Rank 4 | legacy.hollywoodbets.net | https://legacy.hollywoodbets.net/betting/21/lucky-...
2026-10-06 10:51:22,059 [INFO] Rank 5 | goldrush.co.za | Lucky Numbers ideas
2026-10-06 10:51:25,211 [INFO] Rank 6 | x.com | Lucky Number Results (@LNResults ...
2026-10-06 10:51:28,864 [INFO] Rank 7 | lotterypredictor.com | South Africa Lottery Lucky Numbers For Today
2026-10-06 10:51:34,374 [INFO] Rank 8 | mathworld.wolfram.com | Lucky Number -- from Wolfram MathWorld
2026-10-06 10:51:35,656 [INFO] Rank 9 | za.pinterest.com | 9 Lucky numbers for lottery ideas
2026-10-06 10:51:37,260 [INFO] Rank 10 | yourbet.co.za | Numbers
2026-10-06 10:51:37,260 [INFO] SERP extraction complete: 10/10 organic results
2026-10-06 10:51:37,280 [INFO] Updated 10 SERP rows for 2026-10-06 at 10:00
2026-10-06 10:51:37,304 [INFO] Excel workbook saved: C:\Users\santhm\Desktop\SERP_Monitor\SERP_Monitor\scripts\lucky_numbers_rankings.xlsx
============================================================
HOLLYWOODBETS SEO SERP CHECK
============================================================
Keyword: Lucky Numbers
Date: 2026-10-06
Capture hour: 10:00
Organic results collected: 10
------------------------------------------------------------
1. Yesplay | yesplay.bet
2. Tiktok | tiktok.com
3. Betway | betway.co.za
4. Hollywoodbets | legacy.hollywoodbets.net
5. Goldrush | goldrush.co.za
6. X | x.com
7. Lotterypredictor | lotterypredictor.com
8. Mathworld | mathworld.wolfram.com
9. Za | za.pinterest.com
10. Yourbet | yourbet.co.za
------------------------------------------------------------
Hollywoodbets rank: 4
Results saved: C:\Users\santhm\Desktop\SERP_Monitor\SERP_Monitor\scripts\lucky_numbers_rankings.xlsx
============================================================
2026-10-06 10:51:37,486 [INFO] Browser closed.
SEO_SERP_Monitor_lucky_numbers completed successfully.
------------------------------------------------------------
Starting SEO_SERP_Monitor_online_slots...
2026-10-06 10:51:38,067 [INFO] ============================================================
2026-10-06 10:51:38,068 [INFO] Run start: 2026-10-06T10:51:38.067882+02:00 | keyword=Online Slots
2026-10-06 10:51:38,068 [INFO] Starting Playwright with dedicated SERP Chrome profile: C:\Users\santhm\Desktop\SERP_Monitor\SERP_Monitor\scripts\serp_chrome_profile_online_slots
2026-10-06 10:51:38,068 [INFO] Headless mode: False
2026-10-06 10:51:38,630 [INFO] Persistent Chrome context ready.
2026-10-06 10:51:38,687 [INFO] GET https://www.google.com/search?q=Online+Slots&hl=en&gl=za&num=20&pws=0
2026-10-06 10:51:42,589 [INFO] SERP loaded.
2026-10-06 10:51:42,591 [INFO] SERP candidates found (H3): 10
2026-10-06 10:51:46,084 [INFO] Rank 1 | gamesville.com | Online Slots For Real Money: Top List & Where to Play
2026-10-06 10:51:47,756 [INFO] Rank 2 | gamblingzone.com | Types of Online Slot Machine - Guide
2026-10-06 10:51:51,553 [INFO] Rank 3 | southafricacasino.org | Play Online Slots | South Africa Casino how to guide
2026-10-06 10:51:52,565 [INFO] Rank 4 | squawka.com | Best Online Slots Sites for Real Money in 2026
2026-10-06 10:52:24,914 [INFO] Rank 5 | saonlinecasinos.co.za | A Guide to Playing Slots at Online Casinos
2026-10-06 10:52:26,908 [INFO] Rank 6 | casinolife.co.za | Play in the Best Online Slots for Real Money in South Africa
2026-10-06 10:52:28,894 [INFO] Rank 7 | casinos.org.uk | Online Slots - Best Games - Where to Play & Slot Machine Info
2026-10-06 10:52:30,014 [INFO] Rank 8 | onlinegambling.co.za | The Basics to Playing Real Money Online Slots
2026-10-06 10:52:35,854 [INFO] Rank 9 | topcasinosearch.com | Best Online Slots 2025
2026-10-06 10:52:35,854 [INFO] SERP extraction complete: 9/10 organic results
2026-10-06 10:52:35,870 [INFO] Updated 9 SERP rows for 2026-10-06 at 10:00
2026-10-06 10:52:35,893 [INFO] Excel workbook saved: C:\Users\santhm\Desktop\SERP_Monitor\SERP_Monitor\scripts\online_slots_rankings.xlsx
============================================================
HOLLYWOODBETS SEO SERP CHECK
============================================================
Keyword: Online Slots
Date: 2026-10-06
Capture hour: 10:00
Organic results collected: 9
------------------------------------------------------------
1. Gamesville | gamesville.com
2. Gamblingzone | gamblingzone.com
3. Southafricacasino | southafricacasino.org
4. Squawka | squawka.com
5. Saonlinecasinos | saonlinecasinos.co.za
6. Casinolife | casinolife.co.za
7. Casinos | casinos.org.uk
8. Onlinegambling | onlinegambling.co.za
9. Topcasinosearch | topcasinosearch.com
------------------------------------------------------------
Hollywoodbets rank: None
Results saved: C:\Users\santhm\Desktop\SERP_Monitor\SERP_Monitor\scripts\online_slots_rankings.xlsx
============================================================
2026-10-06 10:52:36,056 [INFO] Browser closed.
SEO_SERP_Monitor_online_slots completed successfully.
------------------------------------------------------------
Starting SEO_SERP_Monitor_soccer_betting...
2026-10-06 10:52:36,659 [INFO] ============================================================
2026-10-06 10:52:36,659 [INFO] Run start: 2026-10-06T10:52:36.659584+02:00 | keyword=Soccer Betting
2026-10-06 10:52:36,660 [INFO] Starting Playwright with dedicated SERP Chrome profile: C:\Users\santhm\Desktop\SERP_Monitor\SERP_Monitor\scripts\serp_chrome_profile_soccer_betting
2026-10-06 10:52:36,660 [INFO] Headless mode: False
2026-10-06 10:52:37,227 [INFO] Persistent Chrome context ready.
2026-10-06 10:52:37,298 [INFO] GET https://www.google.com/search?q=Soccer+Betting&hl=en&gl=za&num=20&pws=0
2026-10-06 10:52:41,419 [INFO] SERP loaded.
2026-10-06 10:52:41,421 [INFO] SERP candidates found (H3): 10
2026-10-06 10:52:42,172 [INFO] Rank 1 | betway.co.za | AI Mode reply for Soccer Betting
2026-10-06 10:52:43,000 [INFO] Rank 2 | worldsportsbetting.co.za | Soccer Betting | Premier League, PSL & More
2026-10-06 10:52:44,156 [INFO] Rank 3 | hollywoodbets.net | Hollywoodbets Soccer Betting | Latest Soccer Odds
2026-10-06 10:52:45,259 [INFO] Rank 4 | 10bet.co.za | Bet on Soccer and Check 10bet Odds!
2026-10-06 10:52:47,099 [INFO] Rank 5 | bet.co.za | Sports - Soccer - Competitions
2026-10-06 10:52:47,859 [INFO] Rank 6 | reddit.com | r/SoccerBetting
2026-10-06 10:52:51,804 [INFO] Rank 7 | betolimp.co.za | Soccer Betting South Africa
2026-10-06 10:52:52,219 [INFO] Rank 8 | livescore.com | Best Soccer Betting Sites South Africa | Top ZA Bookies
2026-10-06 10:52:53,479 [INFO] Rank 9 | sportingbet.co.za | Soccer Betting & Football Betting South Africa
2026-10-06 10:52:53,479 [INFO] SERP extraction complete: 9/10 organic results
2026-10-06 10:52:53,496 [INFO] Updated 9 SERP rows for 2026-10-06 at 10:00
2026-10-06 10:52:53,524 [INFO] Excel workbook saved: C:\Users\santhm\Desktop\SERP_Monitor\SERP_Monitor\scripts\soccer_betting_rankings.xlsx
============================================================
HOLLYWOODBETS SEO SERP CHECK
============================================================
Keyword: Soccer Betting
Date: 2026-10-06
Capture hour: 10:00
Organic results collected: 9
------------------------------------------------------------
1. Betway | betway.co.za
2. Worldsportsbetting | worldsportsbetting.co.za
3. Hollywoodbets | hollywoodbets.net
4. 10bet | 10bet.co.za
5. Bet | bet.co.za
6. Reddit | reddit.com
7. Betolimp | betolimp.co.za
8. LiveScore | livescore.com
9. Sportingbet | sportingbet.co.za
------------------------------------------------------------
Hollywoodbets rank: 3
Results saved: C:\Users\santhm\Desktop\SERP_Monitor\SERP_Monitor\scripts\soccer_betting_rankings.xlsx
============================================================
2026-10-06 10:52:53,717 [INFO] Browser closed.
SEO_SERP_Monitor_soccer_betting completed successfully.
Starting Excel to PostgreSQL sync (first pass)...
aviator_rankings.xlsx: captures created=0, existing captures refreshed=4.
lucky_numbers_rankings.xlsx: captures created=0, existing captures refreshed=3.
online_slots_rankings.xlsx: captures created=0, existing captures refreshed=6.
soccer_betting_rankings.xlsx: captures created=0, existing captures refreshed=3.
Imported all real Excel data: captures created=0, existing captures refreshed=16.
Excel to PostgreSQL sync completed successfully (first pass).
============================================================
[2026/10/06 10:52:54,94] CAPTURE + SYNC COMPLETE
============================================================
============================================================
[2026/10/06 13:25:56,80] CAPTURE + SYNC START
============================================================
------------------------------------------------------------
Starting SEO_SERP_Monitor_aviator...
============================================================
[2026/10/06 13:26:11,83] CAPTURE + SYNC START
============================================================
------------------------------------------------------------
Starting SEO_SERP_Monitor_aviator...
2026-10-06 13:25:57,804 [INFO] ============================================================
2026-10-06 13:25:57,805 [INFO] Run start: 2026-10-06T13:25:57.804962+02:00 | keyword=Aviator
2026-10-06 13:25:57,805 [INFO] Starting Playwright with dedicated SERP Chrome profile: C:\Users\santhm\Desktop\SERP_Monitor\SERP_Monitor\scripts\serp_chrome_profile_aviator
2026-10-06 13:25:57,805 [INFO] Headless mode: False
2026-10-06 13:25:59,000 [INFO] Persistent Chrome context ready.
2026-10-06 13:25:59,026 [INFO] GET https://www.google.com/search?q=Aviator&hl=en&gl=za&num=20&pws=0
2026-10-06 13:26:02,708 [INFO] SERP loaded.
2026-10-06 13:26:02,712 [INFO] SERP candidates found (H3): 10
2026-10-06 13:26:03,702 [INFO] Rank 1 | hollywoodbets.net | Play Aviator | Aviator Game | Hollywoodbets SA
2026-10-06 13:26:04,498 [INFO] Rank 2 | betway.co.za | Play Aviator and reach for the sky | Betway Sports betting
2026-10-06 13:26:05,807 [INFO] Rank 3 | 10bet.co.za | Play Aviator Game Online | Crash Game by Spribe
2026-10-06 13:26:06,445 [INFO] Rank 4 | betway.co.za | Play Online Casino Games - Register ...
2026-10-06 13:26:06,490 [INFO] Rank 5 | play.google.com | Aviator – Apps on Google Play
2026-10-06 13:26:08,074 [INFO] Rank 6 | livescore.com | How to Play Aviator on Betway 2026: Get 10 Free Flights
2026-10-06 13:26:11,788 [INFO] Rank 7 | netflix.com | Watch The Aviator
SEO_SERP_Monitor_aviator completed successfully.
------------------------------------------------------------
Starting SEO_SERP_Monitor_lucky_numbers...
2026-10-06 13:25:57,804 [INFO] ============================================================
2026-10-06 13:25:57,805 [INFO] Run start: 2026-10-06T13:25:57.804962+02:00 | keyword=Aviator
2026-10-06 13:25:57,805 [INFO] Starting Playwright with dedicated SERP Chrome profile: C:\Users\santhm\Desktop\SERP_Monitor\SERP_Monitor\scripts\serp_chrome_profile_aviator
2026-10-06 13:25:57,805 [INFO] Headless mode: False
2026-10-06 13:25:59,000 [INFO] Persistent Chrome context ready.
2026-10-06 13:25:59,026 [INFO] GET https://www.google.com/search?q=Aviator&hl=en&gl=za&num=20&pws=0
2026-10-06 13:26:02,708 [INFO] SERP loaded.
2026-10-06 13:26:02,712 [INFO] SERP candidates found (H3): 10
2026-10-06 13:26:03,702 [INFO] Rank 1 | hollywoodbets.net | Play Aviator | Aviator Game | Hollywoodbets SA
2026-10-06 13:26:04,498 [INFO] Rank 2 | betway.co.za | Play Aviator and reach for the sky | Betway Sports betting
2026-10-06 13:26:05,807 [INFO] Rank 3 | 10bet.co.za | Play Aviator Game Online | Crash Game by Spribe
2026-10-06 13:26:06,445 [INFO] Rank 4 | betway.co.za | Play Online Casino Games - Register ...
2026-10-06 13:26:06,490 [INFO] Rank 5 | play.google.com | Aviator – Apps on Google Play
2026-10-06 13:26:08,074 [INFO] Rank 6 | livescore.com | How to Play Aviator on Betway 2026: Get 10 Free Flights
2026-10-06 13:26:11,788 [INFO] Rank 7 | netflix.com | Watch The Aviator
SEO_SERP_Monitor_lucky_numbers completed successfully.
------------------------------------------------------------
Starting SEO_SERP_Monitor_online_slots...
2026-10-06 13:25:57,804 [INFO] ============================================================
2026-10-06 13:25:57,805 [INFO] Run start: 2026-10-06T13:25:57.804962+02:00 | keyword=Aviator
2026-10-06 13:25:57,805 [INFO] Starting Playwright with dedicated SERP Chrome profile: C:\Users\santhm\Desktop\SERP_Monitor\SERP_Monitor\scripts\serp_chrome_profile_aviator
2026-10-06 13:25:57,805 [INFO] Headless mode: False
2026-10-06 13:25:59,000 [INFO] Persistent Chrome context ready.
2026-10-06 13:25:59,026 [INFO] GET https://www.google.com/search?q=Aviator&hl=en&gl=za&num=20&pws=0
2026-10-06 13:26:02,708 [INFO] SERP loaded.
2026-10-06 13:26:02,712 [INFO] SERP candidates found (H3): 10
2026-10-06 13:26:03,702 [INFO] Rank 1 | hollywoodbets.net | Play Aviator | Aviator Game | Hollywoodbets SA
2026-10-06 13:26:04,498 [INFO] Rank 2 | betway.co.za | Play Aviator and reach for the sky | Betway Sports betting
2026-10-06 13:26:05,807 [INFO] Rank 3 | 10bet.co.za | Play Aviator Game Online | Crash Game by Spribe
2026-10-06 13:26:06,445 [INFO] Rank 4 | betway.co.za | Play Online Casino Games - Register ...
2026-10-06 13:26:06,490 [INFO] Rank 5 | play.google.com | Aviator – Apps on Google Play
2026-10-06 13:26:08,074 [INFO] Rank 6 | livescore.com | How to Play Aviator on Betway 2026: Get 10 Free Flights
2026-10-06 13:26:11,788 [INFO] Rank 7 | netflix.com | Watch The Aviator
SEO_SERP_Monitor_online_slots completed successfully.
------------------------------------------------------------
Starting SEO_SERP_Monitor_soccer_betting...
2026-10-06 13:25:57,804 [INFO] ============================================================
2026-10-06 13:25:57,805 [INFO] Run start: 2026-10-06T13:25:57.804962+02:00 | keyword=Aviator
2026-10-06 13:25:57,805 [INFO] Starting Playwright with dedicated SERP Chrome profile: C:\Users\santhm\Desktop\SERP_Monitor\SERP_Monitor\scripts\serp_chrome_profile_aviator
2026-10-06 13:25:57,805 [INFO] Headless mode: False
2026-10-06 13:25:59,000 [INFO] Persistent Chrome context ready.
2026-10-06 13:25:59,026 [INFO] GET https://www.google.com/search?q=Aviator&hl=en&gl=za&num=20&pws=0
2026-10-06 13:26:02,708 [INFO] SERP loaded.
2026-10-06 13:26:02,712 [INFO] SERP candidates found (H3): 10
2026-10-06 13:26:03,702 [INFO] Rank 1 | hollywoodbets.net | Play Aviator | Aviator Game | Hollywoodbets SA
2026-10-06 13:26:04,498 [INFO] Rank 2 | betway.co.za | Play Aviator and reach for the sky | Betway Sports betting
2026-10-06 13:26:05,807 [INFO] Rank 3 | 10bet.co.za | Play Aviator Game Online | Crash Game by Spribe
2026-10-06 13:26:06,445 [INFO] Rank 4 | betway.co.za | Play Online Casino Games - Register ...
2026-10-06 13:26:06,490 [INFO] Rank 5 | play.google.com | Aviator – Apps on Google Play
2026-10-06 13:26:08,074 [INFO] Rank 6 | livescore.com | How to Play Aviator on Betway 2026: Get 10 Free Flights
2026-10-06 13:26:11,788 [INFO] Rank 7 | netflix.com | Watch The Aviator
SEO_SERP_Monitor_soccer_betting completed successfully.
Starting Excel to PostgreSQL sync (first pass)...
aviator_rankings.xlsx: SYNC SKIPPED: (psycopg.OperationalError) failed to resolve host 'host.docker.internal': [Errno 11001] getaddrinfo failed
(Background on this error at: https://sqlalche.me/e/20/e3q8)
lucky_numbers_rankings.xlsx: SYNC SKIPPED: (psycopg.OperationalError) failed to resolve host 'host.docker.internal': [Errno 11001] getaddrinfo failed
(Background on this error at: https://sqlalche.me/e/20/e3q8)
online_slots_rankings.xlsx: SYNC SKIPPED: (psycopg.OperationalError) failed to resolve host 'host.docker.internal': [Errno 11001] getaddrinfo failed
(Background on this error at: https://sqlalche.me/e/20/e3q8)
soccer_betting_rankings.xlsx: SYNC SKIPPED: (psycopg.OperationalError) failed to resolve host 'host.docker.internal': [Errno 11001] getaddrinfo failed
(Background on this error at: https://sqlalche.me/e/20/e3q8)
Imported all real Excel data: captures created=0, existing captures refreshed=0.
Excel to PostgreSQL sync completed successfully (first pass).
============================================================
[2026/10/06 13:26:13,42] CAPTURE + SYNC COMPLETE
============================================================
2026-10-06 13:25:57,804 [INFO] ============================================================
2026-10-06 13:25:57,805 [INFO] Run start: 2026-10-06T13:25:57.804962+02:00 | keyword=Aviator
2026-10-06 13:25:57,805 [INFO] Starting Playwright with dedicated SERP Chrome profile: C:\Users\santhm\Desktop\SERP_Monitor\SERP_Monitor\scripts\serp_chrome_profile_aviator
2026-10-06 13:25:57,805 [INFO] Headless mode: False
2026-10-06 13:25:59,000 [INFO] Persistent Chrome context ready.
2026-10-06 13:25:59,026 [INFO] GET https://www.google.com/search?q=Aviator&hl=en&gl=za&num=20&pws=0
2026-10-06 13:26:02,708 [INFO] SERP loaded.
2026-10-06 13:26:02,712 [INFO] SERP candidates found (H3): 10
2026-10-06 13:26:03,702 [INFO] Rank 1 | hollywoodbets.net | Play Aviator | Aviator Game | Hollywoodbets SA
2026-10-06 13:26:04,498 [INFO] Rank 2 | betway.co.za | Play Aviator and reach for the sky | Betway Sports betting
2026-10-06 13:26:05,807 [INFO] Rank 3 | 10bet.co.za | Play Aviator Game Online | Crash Game by Spribe
2026-10-06 13:26:06,445 [INFO] Rank 4 | betway.co.za | Play Online Casino Games - Register ...
2026-10-06 13:26:06,490 [INFO] Rank 5 | play.google.com | Aviator – Apps on Google Play
2026-10-06 13:26:08,074 [INFO] Rank 6 | livescore.com | How to Play Aviator on Betway 2026: Get 10 Free Flights
2026-10-06 13:26:11,788 [INFO] Rank 7 | netflix.com | Watch The Aviator
2026-10-06 13:26:12,874 [INFO] Rank 8 | spribe.co | Aviator
2026-10-06 13:26:15,549 [INFO] Rank 9 | gmhcollege.org.in | Aviator Game Online - Play in India [Official Website]
2026-10-06 13:26:16,470 [INFO] Rank 10 | supersportbet.com | Crash Casino Games | Aviator 50 Free Bets
2026-10-06 13:26:16,471 [INFO] SERP extraction complete: 10/10 organic results
2026-10-06 13:26:16,493 [INFO] Updated 10 SERP rows for 2026-10-06 at 13:00
2026-10-06 13:26:16,524 [INFO] Excel workbook saved: C:\Users\santhm\Desktop\SERP_Monitor\SERP_Monitor\scripts\aviator_rankings.xlsx
============================================================
HOLLYWOODBETS SEO SERP CHECK
============================================================
Keyword: Aviator
Date: 2026-10-06
Capture hour: 13:00
Organic results collected: 10
------------------------------------------------------------
1. Hollywoodbets | hollywoodbets.net
2. Betway | betway.co.za
3. 10bet | 10bet.co.za
4. Betway | betway.co.za
5. Google Play | play.google.com
6. LiveScore | livescore.com
7. Netflix | netflix.com
8. SPRIBE | spribe.co
9. Gmhcollege | gmhcollege.org.in
10. Supersportbet | supersportbet.com
------------------------------------------------------------
Hollywoodbets rank: 1
Results saved: C:\Users\santhm\Desktop\SERP_Monitor\SERP_Monitor\scripts\aviator_rankings.xlsx
============================================================
2026-10-06 13:26:16,875 [INFO] Browser closed.
SEO_SERP_Monitor_aviator completed successfully.
------------------------------------------------------------
Starting SEO_SERP_Monitor_lucky_numbers...
============================================================
[2026/10/06 13:26:43,46] CAPTURE + SYNC START
============================================================
------------------------------------------------------------
Starting SEO_SERP_Monitor_aviator...
2026-10-06 13:26:17,410 [INFO] ============================================================
2026-10-06 13:26:17,410 [INFO] Run start: 2026-10-06T13:26:17.410101+02:00 | keyword=Lucky Numbers
2026-10-06 13:26:17,410 [INFO] Starting Playwright with dedicated SERP Chrome profile: C:\Users\santhm\Desktop\SERP_Monitor\SERP_Monitor\scripts\serp_chrome_profile_lucky_numbers
2026-10-06 13:26:17,410 [INFO] Headless mode: False
2026-10-06 13:26:18,361 [INFO] Persistent Chrome context ready.
2026-10-06 13:26:18,425 [INFO] GET https://www.google.com/search?q=Lucky+Numbers&hl=en&gl=za&num=20&pws=0
2026-10-06 13:26:37,811 [WARNING] SERP H3 elements did not appear within the expected time.
2026-10-06 13:26:37,815 [INFO] SERP loaded.
2026-10-06 13:26:37,818 [INFO] SERP candidates found (H3): 9
2026-10-06 13:26:38,425 [INFO] Rank 1 | hollywoodbets.net | AI Mode replied:
--- Logging error ---
Traceback (most recent call last):
  File "C:\Python314\Lib\logging\__init__.py", line 1154, in emit
    stream.write(msg + self.terminator)
    ~~~~~~~~~~~~^^^^^^^^^^^^^^^^^^^^^^^
  File "C:\Python314\Lib\encodings\cp1252.py", line 19, in encode
    return codecs.charmap_encode(input,self.errors,encoding_table)[0]
           ~~~~~~~~~~~~~~~~~~~~~^^^^^^^^^^^^^^^^^^^^^^^^^^^^^^^^^^
UnicodeEncodeError: 'charmap' codec can't encode characters in position 73-86: character maps to <undefined>
Call stack:
  File "C:\Users\santhm\Desktop\SERP_Monitor\SERP_Monitor\scripts\SEO_SERP_Monitor_Lucky_Numbers.py", line 1216, in <module>
    result = run_once()
  File "C:\Users\santhm\Desktop\SERP_Monitor\SERP_Monitor\scripts\SEO_SERP_Monitor_Lucky_Numbers.py", line 1092, in run_once
    results = extract_organic_results(page)
  File "C:\Users\santhm\Desktop\SERP_Monitor\SERP_Monitor\scripts\SEO_SERP_Monitor_Lucky_Numbers.py", line 530, in extract_organic_results
    logger.info(
Message: 'Rank %d | %s | %s'
Arguments: (2, 'za.pinterest.com', 'Lotto Chart - \u0e2a\u0e21\u0e38\u0e14\u0e04\u0e13\u0e34\u0e15\u0e28\u0e32\u0e2a\u0e15\u0e23\u0e4c, \u0e27\u0e2d\u0e25\u0e40\u0e1b\u0e40\u0e1b\u0e2d\u0e23\u0e4c, \u0e2b\u0e27\u0e22')
2026-10-06 13:26:42,648 [INFO] Rank 3 | peacocktv.com | Watch The Doctor Blake Mysteries Season 4, Episode 3: Lucky ...
2026-10-06 13:26:43,161 [INFO] Rank 4 | salesianyouth.org | Roulette Lucky Numbers
SEO_SERP_Monitor_aviator completed successfully.
------------------------------------------------------------
Starting SEO_SERP_Monitor_lucky_numbers...
2026-10-06 13:26:17,410 [INFO] ============================================================
2026-10-06 13:26:17,410 [INFO] Run start: 2026-10-06T13:26:17.410101+02:00 | keyword=Lucky Numbers
2026-10-06 13:26:17,410 [INFO] Starting Playwright with dedicated SERP Chrome profile: C:\Users\santhm\Desktop\SERP_Monitor\SERP_Monitor\scripts\serp_chrome_profile_lucky_numbers
2026-10-06 13:26:17,410 [INFO] Headless mode: False
2026-10-06 13:26:18,361 [INFO] Persistent Chrome context ready.
2026-10-06 13:26:18,425 [INFO] GET https://www.google.com/search?q=Lucky+Numbers&hl=en&gl=za&num=20&pws=0
2026-10-06 13:26:37,811 [WARNING] SERP H3 elements did not appear within the expected time.
2026-10-06 13:26:37,815 [INFO] SERP loaded.
2026-10-06 13:26:37,818 [INFO] SERP candidates found (H3): 9
2026-10-06 13:26:38,425 [INFO] Rank 1 | hollywoodbets.net | AI Mode replied:
--- Logging error ---
Traceback (most recent call last):
  File "C:\Python314\Lib\logging\__init__.py", line 1154, in emit
    stream.write(msg + self.terminator)
    ~~~~~~~~~~~~^^^^^^^^^^^^^^^^^^^^^^^
  File "C:\Python314\Lib\encodings\cp1252.py", line 19, in encode
    return codecs.charmap_encode(input,self.errors,encoding_table)[0]
           ~~~~~~~~~~~~~~~~~~~~~^^^^^^^^^^^^^^^^^^^^^^^^^^^^^^^^^^
UnicodeEncodeError: 'charmap' codec can't encode characters in position 73-86: character maps to <undefined>
Call stack:
  File "C:\Users\santhm\Desktop\SERP_Monitor\SERP_Monitor\scripts\SEO_SERP_Monitor_Lucky_Numbers.py", line 1216, in <module>
    result = run_once()
  File "C:\Users\santhm\Desktop\SERP_Monitor\SERP_Monitor\scripts\SEO_SERP_Monitor_Lucky_Numbers.py", line 1092, in run_once
    results = extract_organic_results(page)
  File "C:\Users\santhm\Desktop\SERP_Monitor\SERP_Monitor\scripts\SEO_SERP_Monitor_Lucky_Numbers.py", line 530, in extract_organic_results
    logger.info(
Message: 'Rank %d | %s | %s'
Arguments: (2, 'za.pinterest.com', 'Lotto Chart - \u0e2a\u0e21\u0e38\u0e14\u0e04\u0e13\u0e34\u0e15\u0e28\u0e32\u0e2a\u0e15\u0e23\u0e4c, \u0e27\u0e2d\u0e25\u0e40\u0e1b\u0e40\u0e1b\u0e2d\u0e23\u0e4c, \u0e2b\u0e27\u0e22')
2026-10-06 13:26:42,648 [INFO] Rank 3 | peacocktv.com | Watch The Doctor Blake Mysteries Season 4, Episode 3: Lucky ...
2026-10-06 13:26:43,161 [INFO] Rank 4 | salesianyouth.org | Roulette Lucky Numbers
SEO_SERP_Monitor_lucky_numbers completed successfully.
------------------------------------------------------------
Starting SEO_SERP_Monitor_online_slots...
2026-10-06 13:26:17,410 [INFO] ============================================================
2026-10-06 13:26:17,410 [INFO] Run start: 2026-10-06T13:26:17.410101+02:00 | keyword=Lucky Numbers
2026-10-06 13:26:17,410 [INFO] Starting Playwright with dedicated SERP Chrome profile: C:\Users\santhm\Desktop\SERP_Monitor\SERP_Monitor\scripts\serp_chrome_profile_lucky_numbers
2026-10-06 13:26:17,410 [INFO] Headless mode: False
2026-10-06 13:26:18,361 [INFO] Persistent Chrome context ready.
2026-10-06 13:26:18,425 [INFO] GET https://www.google.com/search?q=Lucky+Numbers&hl=en&gl=za&num=20&pws=0
2026-10-06 13:26:37,811 [WARNING] SERP H3 elements did not appear within the expected time.
2026-10-06 13:26:37,815 [INFO] SERP loaded.
2026-10-06 13:26:37,818 [INFO] SERP candidates found (H3): 9
2026-10-06 13:26:38,425 [INFO] Rank 1 | hollywoodbets.net | AI Mode replied:
--- Logging error ---
Traceback (most recent call last):
  File "C:\Python314\Lib\logging\__init__.py", line 1154, in emit
    stream.write(msg + self.terminator)
    ~~~~~~~~~~~~^^^^^^^^^^^^^^^^^^^^^^^
  File "C:\Python314\Lib\encodings\cp1252.py", line 19, in encode
    return codecs.charmap_encode(input,self.errors,encoding_table)[0]
           ~~~~~~~~~~~~~~~~~~~~~^^^^^^^^^^^^^^^^^^^^^^^^^^^^^^^^^^
UnicodeEncodeError: 'charmap' codec can't encode characters in position 73-86: character maps to <undefined>
Call stack:
  File "C:\Users\santhm\Desktop\SERP_Monitor\SERP_Monitor\scripts\SEO_SERP_Monitor_Lucky_Numbers.py", line 1216, in <module>
    result = run_once()
  File "C:\Users\santhm\Desktop\SERP_Monitor\SERP_Monitor\scripts\SEO_SERP_Monitor_Lucky_Numbers.py", line 1092, in run_once
    results = extract_organic_results(page)
  File "C:\Users\santhm\Desktop\SERP_Monitor\SERP_Monitor\scripts\SEO_SERP_Monitor_Lucky_Numbers.py", line 530, in extract_organic_results
    logger.info(
Message: 'Rank %d | %s | %s'
Arguments: (2, 'za.pinterest.com', 'Lotto Chart - \u0e2a\u0e21\u0e38\u0e14\u0e04\u0e13\u0e34\u0e15\u0e28\u0e32\u0e2a\u0e15\u0e23\u0e4c, \u0e27\u0e2d\u0e25\u0e40\u0e1b\u0e40\u0e1b\u0e2d\u0e23\u0e4c, \u0e2b\u0e27\u0e22')
2026-10-06 13:26:42,648 [INFO] Rank 3 | peacocktv.com | Watch The Doctor Blake Mysteries Season 4, Episode 3: Lucky ...
2026-10-06 13:26:43,161 [INFO] Rank 4 | salesianyouth.org | Roulette Lucky Numbers
SEO_SERP_Monitor_online_slots completed successfully.
------------------------------------------------------------
Starting SEO_SERP_Monitor_soccer_betting...
2026-10-06 13:26:17,410 [INFO] ============================================================
2026-10-06 13:26:17,410 [INFO] Run start: 2026-10-06T13:26:17.410101+02:00 | keyword=Lucky Numbers
2026-10-06 13:26:17,410 [INFO] Starting Playwright with dedicated SERP Chrome profile: C:\Users\santhm\Desktop\SERP_Monitor\SERP_Monitor\scripts\serp_chrome_profile_lucky_numbers
2026-10-06 13:26:17,410 [INFO] Headless mode: False
2026-10-06 13:26:18,361 [INFO] Persistent Chrome context ready.
2026-10-06 13:26:18,425 [INFO] GET https://www.google.com/search?q=Lucky+Numbers&hl=en&gl=za&num=20&pws=0
2026-10-06 13:26:37,811 [WARNING] SERP H3 elements did not appear within the expected time.
2026-10-06 13:26:37,815 [INFO] SERP loaded.
2026-10-06 13:26:37,818 [INFO] SERP candidates found (H3): 9
2026-10-06 13:26:38,425 [INFO] Rank 1 | hollywoodbets.net | AI Mode replied:
--- Logging error ---
Traceback (most recent call last):
  File "C:\Python314\Lib\logging\__init__.py", line 1154, in emit
    stream.write(msg + self.terminator)
    ~~~~~~~~~~~~^^^^^^^^^^^^^^^^^^^^^^^
  File "C:\Python314\Lib\encodings\cp1252.py", line 19, in encode
    return codecs.charmap_encode(input,self.errors,encoding_table)[0]
           ~~~~~~~~~~~~~~~~~~~~~^^^^^^^^^^^^^^^^^^^^^^^^^^^^^^^^^^
UnicodeEncodeError: 'charmap' codec can't encode characters in position 73-86: character maps to <undefined>
Call stack:
  File "C:\Users\santhm\Desktop\SERP_Monitor\SERP_Monitor\scripts\SEO_SERP_Monitor_Lucky_Numbers.py", line 1216, in <module>
    result = run_once()
  File "C:\Users\santhm\Desktop\SERP_Monitor\SERP_Monitor\scripts\SEO_SERP_Monitor_Lucky_Numbers.py", line 1092, in run_once
    results = extract_organic_results(page)
  File "C:\Users\santhm\Desktop\SERP_Monitor\SERP_Monitor\scripts\SEO_SERP_Monitor_Lucky_Numbers.py", line 530, in extract_organic_results
    logger.info(
Message: 'Rank %d | %s | %s'
Arguments: (2, 'za.pinterest.com', 'Lotto Chart - \u0e2a\u0e21\u0e38\u0e14\u0e04\u0e13\u0e34\u0e15\u0e28\u0e32\u0e2a\u0e15\u0e23\u0e4c, \u0e27\u0e2d\u0e25\u0e40\u0e1b\u0e40\u0e1b\u0e2d\u0e23\u0e4c, \u0e2b\u0e27\u0e22')
2026-10-06 13:26:42,648 [INFO] Rank 3 | peacocktv.com | Watch The Doctor Blake Mysteries Season 4, Episode 3: Lucky ...
2026-10-06 13:26:43,161 [INFO] Rank 4 | salesianyouth.org | Roulette Lucky Numbers
SEO_SERP_Monitor_soccer_betting completed successfully.
Starting Excel to PostgreSQL sync (first pass)...
aviator_rankings.xlsx: SYNC SKIPPED: (psycopg.OperationalError) failed to resolve host 'host.docker.internal': [Errno 11001] getaddrinfo failed
(Background on this error at: https://sqlalche.me/e/20/e3q8)
lucky_numbers_rankings.xlsx: SYNC SKIPPED: (psycopg.OperationalError) failed to resolve host 'host.docker.internal': [Errno 11001] getaddrinfo failed
(Background on this error at: https://sqlalche.me/e/20/e3q8)
online_slots_rankings.xlsx: SYNC SKIPPED: (psycopg.OperationalError) failed to resolve host 'host.docker.internal': [Errno 11001] getaddrinfo failed
(Background on this error at: https://sqlalche.me/e/20/e3q8)
soccer_betting_rankings.xlsx: SYNC SKIPPED: (psycopg.OperationalError) failed to resolve host 'host.docker.internal': [Errno 11001] getaddrinfo failed
(Background on this error at: https://sqlalche.me/e/20/e3q8)
Imported all real Excel data: captures created=0, existing captures refreshed=0.
Excel to PostgreSQL sync completed successfully (first pass).
============================================================
[2026/10/06 13:26:44,97] CAPTURE + SYNC COMPLETE
============================================================
2026-10-06 13:26:17,410 [INFO] ============================================================
2026-10-06 13:26:17,410 [INFO] Run start: 2026-10-06T13:26:17.410101+02:00 | keyword=Lucky Numbers
2026-10-06 13:26:17,410 [INFO] Starting Playwright with dedicated SERP Chrome profile: C:\Users\santhm\Desktop\SERP_Monitor\SERP_Monitor\scripts\serp_chrome_profile_lucky_numbers
2026-10-06 13:26:17,410 [INFO] Headless mode: False
2026-10-06 13:26:18,361 [INFO] Persistent Chrome context ready.
2026-10-06 13:26:18,425 [INFO] GET https://www.google.com/search?q=Lucky+Numbers&hl=en&gl=za&num=20&pws=0
2026-10-06 13:26:37,811 [WARNING] SERP H3 elements did not appear within the expected time.
2026-10-06 13:26:37,815 [INFO] SERP loaded.
2026-10-06 13:26:37,818 [INFO] SERP candidates found (H3): 9
2026-10-06 13:26:38,425 [INFO] Rank 1 | hollywoodbets.net | AI Mode replied:
--- Logging error ---
Traceback (most recent call last):
  File "C:\Python314\Lib\logging\__init__.py", line 1154, in emit
    stream.write(msg + self.terminator)
    ~~~~~~~~~~~~^^^^^^^^^^^^^^^^^^^^^^^
  File "C:\Python314\Lib\encodings\cp1252.py", line 19, in encode
    return codecs.charmap_encode(input,self.errors,encoding_table)[0]
           ~~~~~~~~~~~~~~~~~~~~~^^^^^^^^^^^^^^^^^^^^^^^^^^^^^^^^^^
UnicodeEncodeError: 'charmap' codec can't encode characters in position 73-86: character maps to <undefined>
Call stack:
  File "C:\Users\santhm\Desktop\SERP_Monitor\SERP_Monitor\scripts\SEO_SERP_Monitor_Lucky_Numbers.py", line 1216, in <module>
    result = run_once()
  File "C:\Users\santhm\Desktop\SERP_Monitor\SERP_Monitor\scripts\SEO_SERP_Monitor_Lucky_Numbers.py", line 1092, in run_once
    results = extract_organic_results(page)
  File "C:\Users\santhm\Desktop\SERP_Monitor\SERP_Monitor\scripts\SEO_SERP_Monitor_Lucky_Numbers.py", line 530, in extract_organic_results
    logger.info(
Message: 'Rank %d | %s | %s'
Arguments: (2, 'za.pinterest.com', 'Lotto Chart - \u0e2a\u0e21\u0e38\u0e14\u0e04\u0e13\u0e34\u0e15\u0e28\u0e32\u0e2a\u0e15\u0e23\u0e4c, \u0e27\u0e2d\u0e25\u0e40\u0e1b\u0e40\u0e1b\u0e2d\u0e23\u0e4c, \u0e2b\u0e27\u0e22')
2026-10-06 13:26:42,648 [INFO] Rank 3 | peacocktv.com | Watch The Doctor Blake Mysteries Season 4, Episode 3: Lucky ...
2026-10-06 13:26:43,161 [INFO] Rank 4 | salesianyouth.org | Roulette Lucky Numbers
2026-10-06 13:26:44,526 [INFO] Rank 5 | sportybet.co.za | Online Sports Betting International & Live Betting Odds at ...
2026-10-06 13:26:47,284 [INFO] Rank 6 | youtube.com | Lucky Lottery Numbers: Strategy for Winning the Lotto?
2026-10-06 13:26:49,463 [INFO] Rank 7 | blog.hollywoodbets.net | This Week's Lucky Numbers (29/09/2020)
2026-10-06 13:26:54,614 [INFO] Rank 8 | am.co.za | Lucky Phone Number - Advanced Machinery (Pty) Ltd
2026-10-06 13:26:54,614 [INFO] SERP extraction complete: 8/10 organic results
2026-10-06 13:26:54,632 [INFO] Updated 8 SERP rows for 2026-10-06 at 13:00
2026-10-06 13:26:54,663 [INFO] Excel workbook saved: C:\Users\santhm\Desktop\SERP_Monitor\SERP_Monitor\scripts\lucky_numbers_rankings.xlsx
============================================================
HOLLYWOODBETS SEO SERP CHECK
============================================================
Keyword: Lucky Numbers
Date: 2026-10-06
Capture hour: 13:00
Organic results collected: 8
------------------------------------------------------------
1. Hollywoodbets | hollywoodbets.net
2. Za | za.pinterest.com
3. Peacocktv | peacocktv.com
4. Salesianyouth | salesianyouth.org
5. Sportybet | sportybet.co.za
6. Youtube | youtube.com
7. Hollywoodbets | blog.hollywoodbets.net
8. Am | am.co.za
------------------------------------------------------------
Hollywoodbets rank: 1
Results saved: C:\Users\santhm\Desktop\SERP_Monitor\SERP_Monitor\scripts\lucky_numbers_rankings.xlsx
============================================================
2026-10-06 13:26:54,985 [INFO] Browser closed.
SEO_SERP_Monitor_lucky_numbers completed successfully.
------------------------------------------------------------
Starting SEO_SERP_Monitor_online_slots...
============================================================
[2026/10/06 13:27:07,97] CAPTURE + SYNC START
============================================================
------------------------------------------------------------
Starting SEO_SERP_Monitor_aviator...
2026-10-06 13:27:08,979 [INFO] ============================================================
2026-10-06 13:27:08,979 [INFO] Run start: 2026-10-06T13:27:08.979653+02:00 | keyword=Aviator
2026-10-06 13:27:08,980 [INFO] Starting Playwright with dedicated SERP Chrome profile: C:\Users\santhm\Desktop\SERP_Monitor\SERP_Monitor\scripts\serp_chrome_profile_aviator
2026-10-06 13:27:08,980 [INFO] Headless mode: False
2026-10-06 13:27:09,809 [INFO] Persistent Chrome context ready.
2026-10-06 13:27:09,831 [INFO] GET https://www.google.com/search?q=Aviator&hl=en&gl=za&num=20&pws=0
2026-10-06 13:27:15,097 [INFO] SERP loaded.
2026-10-06 13:27:15,100 [INFO] SERP candidates found (H3): 10
2026-10-06 13:27:15,570 [INFO] Rank 1 | hollywoodbets.net | Play Aviator | Aviator Game | Hollywoodbets SA
2026-10-06 13:27:16,282 [INFO] Rank 2 | betway.co.za | Play Aviator and reach for the sky | Betway Sports betting
2026-10-06 13:27:18,103 [INFO] Rank 3 | 10bet.co.za | Play Aviator Game Online | Crash Game by Spribe
2026-10-06 13:27:18,745 [INFO] Rank 4 | betway.co.za | Play Online Casino Games - Register ...
2026-10-06 13:27:18,786 [INFO] Rank 5 | play.google.com | Aviator – Apps on Google Play
2026-10-06 13:27:19,200 [INFO] Rank 6 | livescore.com | How to Play Aviator on Betway 2026: Get 10 Free Flights
2026-10-06 13:27:22,499 [INFO] Rank 7 | netflix.com | Watch The Aviator
2026-10-06 13:27:23,482 [INFO] Rank 8 | spribe.co | Aviator
2026-10-06 13:27:27,082 [INFO] Rank 9 | gmhcollege.org.in | Aviator Game Online - Play in India [Official Website]
2026-10-06 13:27:27,999 [INFO] Rank 10 | supersportbet.com | Crash Casino Games | Aviator 50 Free Bets
2026-10-06 13:27:27,999 [INFO] SERP extraction complete: 10/10 organic results
2026-10-06 13:27:28,021 [INFO] Updated 10 SERP rows for 2026-10-06 at 13:00
2026-10-06 13:27:28,063 [WARNING] Excel file is locked; retrying save (1/5)...
2026-10-06 13:27:29,581 [INFO] Excel workbook saved: C:\Users\santhm\Desktop\SERP_Monitor\SERP_Monitor\scripts\aviator_rankings.xlsx
============================================================
HOLLYWOODBETS SEO SERP CHECK
============================================================
Keyword: Aviator
Date: 2026-10-06
Capture hour: 13:00
Organic results collected: 10
------------------------------------------------------------
1. Hollywoodbets | hollywoodbets.net
2. Betway | betway.co.za
3. 10bet | 10bet.co.za
4. Betway | betway.co.za
5. Google Play | play.google.com
6. LiveScore | livescore.com
7. Netflix | netflix.com
8. SPRIBE | spribe.co
9. Gmhcollege | gmhcollege.org.in
10. Supersportbet | supersportbet.com
------------------------------------------------------------
Hollywoodbets rank: 1
Results saved: C:\Users\santhm\Desktop\SERP_Monitor\SERP_Monitor\scripts\aviator_rankings.xlsx
============================================================
2026-10-06 13:27:29,759 [INFO] Browser closed.
SEO_SERP_Monitor_aviator completed successfully.
------------------------------------------------------------
Starting SEO_SERP_Monitor_lucky_numbers...
2026-10-06 13:27:30,316 [INFO] ============================================================
2026-10-06 13:27:30,317 [INFO] Run start: 2026-10-06T13:27:30.316784+02:00 | keyword=Lucky Numbers
2026-10-06 13:27:30,317 [INFO] Starting Playwright with dedicated SERP Chrome profile: C:\Users\santhm\Desktop\SERP_Monitor\SERP_Monitor\scripts\serp_chrome_profile_lucky_numbers
2026-10-06 13:27:30,317 [INFO] Headless mode: False
2026-10-06 13:27:30,899 [INFO] Persistent Chrome context ready.
2026-10-06 13:27:30,923 [INFO] GET https://www.google.com/search?q=Lucky+Numbers&hl=en&gl=za&num=20&pws=0
2026-10-06 13:27:47,865 [WARNING] SERP H3 elements did not appear within the expected time.
2026-10-06 13:27:47,869 [INFO] SERP loaded.
2026-10-06 13:27:47,871 [INFO] SERP candidates found (H3): 10
2026-10-06 13:27:48,320 [INFO] Rank 1 | hollywoodbets.net | AI Mode replied:
2026-10-06 13:27:48,964 [INFO] Rank 2 | takealot.com | Raven's Lucky Numbers Book of Places: USA Edition
2026-10-06 13:27:51,013 [INFO] Rank 3 | blog.hollywoodbets.net | This Week's Lucky Numbers
2026-10-06 13:27:51,445 [INFO] Rank 4 | salesianyouth.org | Roulette Lucky Numbers
2026-10-06 13:27:51,888 [INFO] Rank 5 | bestsportsbetting.co.za | Lucky Numbers Betting South Africa
2026-10-06 13:27:53,518 [INFO] Rank 6 | blog.hollywoodbets.net | This Week's Featured Lucky Number Draws
2026-10-06 13:27:54,500 [INFO] Rank 7 | pjcventures.co.za | Lucky lottery numbers today and tomorrow Weve done ...
2026-10-06 13:27:56,452 [INFO] Rank 8 | blog.hollywoodbets.net | Iceland 5/40 - Lucky Numbers
2026-10-06 13:27:57,417 [INFO] Rank 9 | diesonsak.co.za | Daily lotto lucky numbers NOTE This article is updated daily ...
2026-10-06 13:27:59,045 [INFO] Rank 10 | blog.hollywoodbets.net | This Week's Lucky Numbers (28/07/2020)
2026-10-06 13:27:59,045 [INFO] SERP extraction complete: 10/10 organic results
2026-10-06 13:27:59,067 [INFO] Updated 10 SERP rows for 2026-10-06 at 13:00
2026-10-06 13:27:59,096 [WARNING] Excel file is locked; retrying save (1/5)...
2026-10-06 13:28:00,616 [INFO] Excel workbook saved: C:\Users\santhm\Desktop\SERP_Monitor\SERP_Monitor\scripts\lucky_numbers_rankings.xlsx
============================================================
HOLLYWOODBETS SEO SERP CHECK
============================================================
Keyword: Lucky Numbers
Date: 2026-10-06
Capture hour: 13:00
Organic results collected: 10
------------------------------------------------------------
1. Hollywoodbets | hollywoodbets.net
2. Takealot | takealot.com
3. Hollywoodbets | blog.hollywoodbets.net
4. Salesianyouth | salesianyouth.org
5. Bestsportsbetting | bestsportsbetting.co.za
6. Hollywoodbets | blog.hollywoodbets.net
7. Pjcventures | pjcventures.co.za
8. Hollywoodbets | blog.hollywoodbets.net
9. Diesonsak | diesonsak.co.za
10. Hollywoodbets | blog.hollywoodbets.net
------------------------------------------------------------
Hollywoodbets rank: 1
Results saved: C:\Users\santhm\Desktop\SERP_Monitor\SERP_Monitor\scripts\lucky_numbers_rankings.xlsx
============================================================
2026-10-06 13:28:00,790 [INFO] Browser closed.
SEO_SERP_Monitor_lucky_numbers completed successfully.
------------------------------------------------------------
Starting SEO_SERP_Monitor_online_slots...
2026-10-06 13:28:01,327 [INFO] ============================================================
2026-10-06 13:28:01,327 [INFO] Run start: 2026-10-06T13:28:01.327086+02:00 | keyword=Online Slots
2026-10-06 13:28:01,327 [INFO] Starting Playwright with dedicated SERP Chrome profile: C:\Users\santhm\Desktop\SERP_Monitor\SERP_Monitor\scripts\serp_chrome_profile_online_slots
2026-10-06 13:28:01,327 [INFO] Headless mode: False
2026-10-06 13:28:01,971 [INFO] Persistent Chrome context ready.
2026-10-06 13:28:02,006 [INFO] GET https://www.google.com/search?q=Online+Slots&hl=en&gl=za&num=20&pws=0
2026-10-06 13:28:05,834 [INFO] SERP loaded.
2026-10-06 13:28:05,836 [INFO] SERP candidates found (H3): 9
2026-10-06 13:28:06,529 [INFO] Rank 1 | iol.co.za | How to choose a safe South African online casino in 2025
2026-10-06 13:28:07,179 [INFO] Rank 2 | yesplay.bet | Play online Ways Of Fortune slot in South Africa ...
2026-10-06 13:28:08,921 [INFO] Rank 3 | luckyfish.co.za | Play Netent King of Slots Online - Lucky Fish Gaming
2026-10-06 13:28:10,824 [INFO] Rank 4 | goal.com | AI Mode replied:
2026-10-06 13:28:16,821 [INFO] Rank 5 | blog.10bet.co.za | Casino Online and Slots Online in South Africa: The 2026 ...
2026-10-06 13:28:18,152 [INFO] Rank 6 | whichcasino.co.za | Popular Online Slots at South African Casinos
2026-10-06 13:28:22,481 [INFO] Rank 7 | lottoland.co.za | Fire Strike 2 | Slot Games Online
2026-10-06 13:28:23,553 [INFO] Rank 8 | onlinegambling.co.za | The Basics to Playing Real Money Online Slots
2026-10-06 13:28:25,658 [INFO] Rank 9 | saonlinecasinos.co.za | A Guide to Playing Slots at Online Casinos
2026-10-06 13:28:25,658 [INFO] SERP extraction complete: 9/10 organic results
2026-10-06 13:28:25,679 [INFO] Updated 9 SERP rows for 2026-10-06 at 13:00
2026-10-06 13:28:25,703 [INFO] Excel workbook saved: C:\Users\santhm\Desktop\SERP_Monitor\SERP_Monitor\scripts\online_slots_rankings.xlsx
============================================================
HOLLYWOODBETS SEO SERP CHECK
============================================================
Keyword: Online Slots
Date: 2026-10-06
Capture hour: 13:00
Organic results collected: 9
------------------------------------------------------------
1. Iol | iol.co.za
2. Yesplay | yesplay.bet
3. Luckyfish | luckyfish.co.za
4. Goal | goal.com
5. 10bet | blog.10bet.co.za
6. Whichcasino | whichcasino.co.za
7. Lottoland | lottoland.co.za
8. Onlinegambling | onlinegambling.co.za
9. Saonlinecasinos | saonlinecasinos.co.za
------------------------------------------------------------
Hollywoodbets rank: None
Results saved: C:\Users\santhm\Desktop\SERP_Monitor\SERP_Monitor\scripts\online_slots_rankings.xlsx
============================================================
2026-10-06 13:28:25,946 [INFO] Browser closed.
SEO_SERP_Monitor_online_slots completed successfully.
------------------------------------------------------------
Starting SEO_SERP_Monitor_soccer_betting...
2026-10-06 13:28:26,488 [INFO] ============================================================
2026-10-06 13:28:26,489 [INFO] Run start: 2026-10-06T13:28:26.488867+02:00 | keyword=Soccer Betting
2026-10-06 13:28:26,489 [INFO] Starting Playwright with dedicated SERP Chrome profile: C:\Users\santhm\Desktop\SERP_Monitor\SERP_Monitor\scripts\serp_chrome_profile_soccer_betting
2026-10-06 13:28:26,489 [INFO] Headless mode: False
2026-10-06 13:28:27,121 [INFO] Persistent Chrome context ready.
2026-10-06 13:28:27,158 [INFO] GET https://www.google.com/search?q=Soccer+Betting&hl=en&gl=za&num=20&pws=0
2026-10-06 13:28:31,138 [INFO] SERP loaded.
2026-10-06 13:28:31,140 [INFO] SERP candidates found (H3): 10
2026-10-06 13:28:32,736 [INFO] Rank 1 | 10bet.co.za | AI Mode reply for Soccer Betting
2026-10-06 13:28:33,639 [INFO] Rank 2 | worldsportsbetting.co.za | Soccer Betting | Premier League, PSL & More
2026-10-06 13:28:34,655 [INFO] Rank 3 | sportingbet.co.za | Soccer Betting & Football Betting South Africa
2026-10-06 13:28:35,845 [INFO] Rank 4 | bet.co.za | Sports - Soccer - Competitions
2026-10-06 13:28:36,351 [INFO] Rank 5 | hollywoodbets.net | Hollywoodbets Soccer Betting | Latest Soccer Odds
2026-10-06 13:28:39,506 [INFO] Rank 6 | betway.co.za | Betway | Soccer Betting & Get The latest Soccer Odds
2026-10-06 13:28:42,514 [INFO] Rank 7 | sportpesa.co.za | Soccer betting odds | SportPesa South Africa
2026-10-06 13:28:42,996 [INFO] Rank 8 | reddit.com | r/SoccerBetting
2026-10-06 13:28:44,465 [INFO] Rank 9 | livescore.com | Best Soccer Betting Sites South Africa | Top ZA Bookies
2026-10-06 13:28:44,465 [INFO] SERP extraction complete: 9/10 organic results
2026-10-06 13:28:44,486 [INFO] Updated 9 SERP rows for 2026-10-06 at 13:00
2026-10-06 13:28:44,517 [INFO] Excel workbook saved: C:\Users\santhm\Desktop\SERP_Monitor\SERP_Monitor\scripts\soccer_betting_rankings.xlsx
============================================================
HOLLYWOODBETS SEO SERP CHECK
============================================================
Keyword: Soccer Betting
Date: 2026-10-06
Capture hour: 13:00
Organic results collected: 9
------------------------------------------------------------
1. 10bet | 10bet.co.za
2. Worldsportsbetting | worldsportsbetting.co.za
3. Sportingbet | sportingbet.co.za
4. Bet | bet.co.za
5. Hollywoodbets | hollywoodbets.net
6. Betway | betway.co.za
7. Sportpesa | sportpesa.co.za
8. Reddit | reddit.com
9. LiveScore | livescore.com
------------------------------------------------------------
Hollywoodbets rank: 5
Results saved: C:\Users\santhm\Desktop\SERP_Monitor\SERP_Monitor\scripts\soccer_betting_rankings.xlsx
============================================================
2026-10-06 13:28:44,846 [INFO] Browser closed.
SEO_SERP_Monitor_soccer_betting completed successfully.
Starting Excel to PostgreSQL sync (first pass)...
aviator_rankings.xlsx: SYNC SKIPPED: (psycopg.OperationalError) failed to resolve host 'host.docker.internal': [Errno 11001] getaddrinfo failed
(Background on this error at: https://sqlalche.me/e/20/e3q8)
lucky_numbers_rankings.xlsx: SYNC SKIPPED: (psycopg.OperationalError) failed to resolve host 'host.docker.internal': [Errno 11001] getaddrinfo failed
(Background on this error at: https://sqlalche.me/e/20/e3q8)
online_slots_rankings.xlsx: SYNC SKIPPED: (psycopg.OperationalError) failed to resolve host 'host.docker.internal': [Errno 11001] getaddrinfo failed
(Background on this error at: https://sqlalche.me/e/20/e3q8)
soccer_betting_rankings.xlsx: SYNC SKIPPED: (psycopg.OperationalError) failed to resolve host 'host.docker.internal': [Errno 11001] getaddrinfo failed
(Background on this error at: https://sqlalche.me/e/20/e3q8)
Imported all real Excel data: captures created=0, existing captures refreshed=0.
Excel to PostgreSQL sync completed successfully (first pass).
============================================================
[2026/10/06 13:28:46,11] CAPTURE + SYNC COMPLETE
============================================================
============================================================
[2026/10/06 13:33:42,62] CAPTURE + SYNC START
============================================================
------------------------------------------------------------
Starting SEO_SERP_Monitor_aviator...
2026-10-06 13:33:43,264 [INFO] ============================================================
2026-10-06 13:33:43,264 [INFO] Run start: 2026-10-06T13:33:43.264154+02:00 | keyword=Aviator
2026-10-06 13:33:43,264 [INFO] Starting Playwright with dedicated SERP Chrome profile: C:\Users\santhm\Desktop\SERP_Monitor\SERP_Monitor\scripts\serp_chrome_profile_aviator
2026-10-06 13:33:43,264 [INFO] Headless mode: False
2026-10-06 13:33:44,277 [INFO] Persistent Chrome context ready.
2026-10-06 13:33:44,314 [INFO] GET https://www.google.com/search?q=Aviator&hl=en&gl=za&num=20&pws=0
2026-10-06 13:33:48,220 [INFO] SERP loaded.
2026-10-06 13:33:48,223 [INFO] SERP candidates found (H3): 10
2026-10-06 13:33:48,710 [INFO] Rank 1 | hollywoodbets.net | Play Aviator | Aviator Game | Hollywoodbets SA
2026-10-06 13:33:49,643 [INFO] Rank 2 | betway.co.za | Play Online Casino Games - Register ...
2026-10-06 13:33:50,928 [INFO] Rank 3 | 10bet.co.za | Play Aviator Game Online | Crash Game by Spribe
2026-10-06 13:33:51,603 [INFO] Rank 4 | betway.co.za | Play Aviator and reach for the sky | Betway Sports betting
2026-10-06 13:33:52,688 [INFO] Rank 5 | merriam-webster.com | AVIATOR Definition & Meaning
2026-10-06 13:33:53,116 [INFO] Rank 6 | livescore.com | How to Play Aviator on Betway 2026: Get 10 Free Flights
2026-10-06 13:33:55,624 [INFO] Rank 7 | aviator.aero | AVIATOR | Airline Market Intelligence
2026-10-06 13:33:56,845 [INFO] Rank 8 | spribe.co | Aviator
2026-10-06 13:33:59,262 [INFO] Rank 9 | aviator.co | Aviator — Ship AI-generated code at velocity you trust
2026-10-06 13:34:01,576 [INFO] Rank 10 | dictionary.cambridge.org | AVIATOR | English meaning - Cambridge Dictionary
2026-10-06 13:34:01,576 [INFO] SERP extraction complete: 10/10 organic results
2026-10-06 13:34:01,594 [INFO] Updated 10 SERP rows for 2026-10-06 at 13:00
2026-10-06 13:34:01,620 [INFO] Excel workbook saved: C:\Users\santhm\Desktop\SERP_Monitor\SERP_Monitor\scripts\aviator_rankings.xlsx
============================================================
HOLLYWOODBETS SEO SERP CHECK
============================================================
Keyword: Aviator
Date: 2026-10-06
Capture hour: 13:00
Organic results collected: 10
------------------------------------------------------------
1. Hollywoodbets | hollywoodbets.net
2. Betway | betway.co.za
3. 10bet | 10bet.co.za
4. Betway | betway.co.za
5. Merriam webster | merriam-webster.com
6. LiveScore | livescore.com
7. Aviator | aviator.aero
8. SPRIBE | spribe.co
9. Aviator | aviator.co
10. Dictionary | dictionary.cambridge.org
------------------------------------------------------------
Hollywoodbets rank: 1
Results saved: C:\Users\santhm\Desktop\SERP_Monitor\SERP_Monitor\scripts\aviator_rankings.xlsx
============================================================
2026-10-06 13:34:01,940 [INFO] Browser closed.
SEO_SERP_Monitor_aviator completed successfully.
------------------------------------------------------------
Starting SEO_SERP_Monitor_lucky_numbers...
2026-10-06 13:34:02,526 [INFO] ============================================================
2026-10-06 13:34:02,527 [INFO] Run start: 2026-10-06T13:34:02.526706+02:00 | keyword=Lucky Numbers
2026-10-06 13:34:02,527 [INFO] Starting Playwright with dedicated SERP Chrome profile: C:\Users\santhm\Desktop\SERP_Monitor\SERP_Monitor\scripts\serp_chrome_profile_lucky_numbers
2026-10-06 13:34:02,527 [INFO] Headless mode: False
2026-10-06 13:34:03,465 [INFO] Persistent Chrome context ready.
2026-10-06 13:34:03,501 [INFO] GET https://www.google.com/search?q=Lucky+Numbers&hl=en&gl=za&num=20&pws=0
2026-10-06 13:34:20,777 [WARNING] SERP H3 elements did not appear within the expected time.
2026-10-06 13:34:20,783 [INFO] SERP loaded.
2026-10-06 13:34:20,785 [INFO] SERP candidates found (H3): 9
2026-10-06 13:34:21,662 [INFO] Rank 1 | hollywoodbets.net | AI Mode replied:
--- Logging error ---
Traceback (most recent call last):
  File "C:\Python314\Lib\logging\__init__.py", line 1154, in emit
    stream.write(msg + self.terminator)
    ~~~~~~~~~~~~^^^^^^^^^^^^^^^^^^^^^^^
  File "C:\Python314\Lib\encodings\cp1252.py", line 19, in encode
    return codecs.charmap_encode(input,self.errors,encoding_table)[0]
           ~~~~~~~~~~~~~~~~~~~~~^^^^^^^^^^^^^^^^^^^^^^^^^^^^^^^^^^
UnicodeEncodeError: 'charmap' codec can't encode characters in position 73-86: character maps to <undefined>
Call stack:
  File "C:\Users\santhm\Desktop\SERP_Monitor\SERP_Monitor\scripts\SEO_SERP_Monitor_Lucky_Numbers.py", line 1216, in <module>
    result = run_once()
  File "C:\Users\santhm\Desktop\SERP_Monitor\SERP_Monitor\scripts\SEO_SERP_Monitor_Lucky_Numbers.py", line 1092, in run_once
    results = extract_organic_results(page)
  File "C:\Users\santhm\Desktop\SERP_Monitor\SERP_Monitor\scripts\SEO_SERP_Monitor_Lucky_Numbers.py", line 530, in extract_organic_results
    logger.info(
Message: 'Rank %d | %s | %s'
Arguments: (2, 'za.pinterest.com', 'Lotto Chart - \u0e2a\u0e21\u0e38\u0e14\u0e04\u0e13\u0e34\u0e15\u0e28\u0e32\u0e2a\u0e15\u0e23\u0e4c, \u0e27\u0e2d\u0e25\u0e40\u0e1b\u0e40\u0e1b\u0e2d\u0e23\u0e4c, \u0e2b\u0e27\u0e22')
2026-10-06 13:34:26,690 [INFO] Rank 3 | peacocktv.com | Watch The Doctor Blake Mysteries Season 4, Episode 3: Lucky ...
2026-10-06 13:34:27,145 [INFO] Rank 4 | salesianyouth.org | Roulette Lucky Numbers
2026-10-06 13:34:37,042 [INFO] Rank 5 | sportybet.co.za | Online Sports Betting International & Live Betting Odds at ...
2026-10-06 13:34:38,821 [INFO] Rank 6 | youtube.com | Lucky Lottery Numbers: Strategy for Winning the Lotto?
2026-10-06 13:34:41,347 [INFO] Rank 7 | blog.hollywoodbets.net | This Week's Lucky Numbers (29/09/2020)
2026-10-06 13:34:45,152 [INFO] Rank 8 | am.co.za | Lucky Phone Number - Advanced Machinery (Pty) Ltd
2026-10-06 13:34:45,152 [INFO] SERP extraction complete: 8/10 organic results
2026-10-06 13:34:45,174 [INFO] Updated 8 SERP rows for 2026-10-06 at 13:00
2026-10-06 13:34:45,206 [INFO] Excel workbook saved: C:\Users\santhm\Desktop\SERP_Monitor\SERP_Monitor\scripts\lucky_numbers_rankings.xlsx
============================================================
HOLLYWOODBETS SEO SERP CHECK
============================================================
Keyword: Lucky Numbers
Date: 2026-10-06
Capture hour: 13:00
Organic results collected: 8
------------------------------------------------------------
1. Hollywoodbets | hollywoodbets.net
2. Za | za.pinterest.com
3. Peacocktv | peacocktv.com
4. Salesianyouth | salesianyouth.org
5. Sportybet | sportybet.co.za
6. Youtube | youtube.com
7. Hollywoodbets | blog.hollywoodbets.net
8. Am | am.co.za
------------------------------------------------------------
Hollywoodbets rank: 1
Results saved: C:\Users\santhm\Desktop\SERP_Monitor\SERP_Monitor\scripts\lucky_numbers_rankings.xlsx
============================================================
2026-10-06 13:34:45,473 [INFO] Browser closed.
SEO_SERP_Monitor_lucky_numbers completed successfully.
------------------------------------------------------------
Starting SEO_SERP_Monitor_online_slots...
2026-10-06 13:34:46,131 [INFO] ============================================================
2026-10-06 13:34:46,132 [INFO] Run start: 2026-10-06T13:34:46.131856+02:00 | keyword=Online Slots
2026-10-06 13:34:46,132 [INFO] Starting Playwright with dedicated SERP Chrome profile: C:\Users\santhm\Desktop\SERP_Monitor\SERP_Monitor\scripts\serp_chrome_profile_online_slots
2026-10-06 13:34:46,132 [INFO] Headless mode: False
2026-10-06 13:34:47,092 [INFO] Persistent Chrome context ready.
2026-10-06 13:34:47,114 [INFO] GET https://www.google.com/search?q=Online+Slots&hl=en&gl=za&num=20&pws=0
2026-10-06 13:34:51,264 [INFO] SERP loaded.
2026-10-06 13:34:51,267 [INFO] SERP candidates found (H3): 9
2026-10-06 13:34:53,075 [INFO] Rank 1 | iol.co.za | How to choose a safe South African online casino in 2025
2026-10-06 13:34:58,576 [INFO] Rank 2 | yesplay.bet | Play online Ways Of Fortune slot in South Africa ...
2026-10-06 13:35:01,164 [INFO] Rank 3 | luckyfish.co.za | Play Netent King of Slots Online - Lucky Fish Gaming
2026-10-06 13:35:02,503 [INFO] Rank 4 | goal.com | AI Mode replied:
2026-10-06 13:35:04,922 [INFO] Rank 5 | blog.10bet.co.za | Casino Online and Slots Online in South Africa: The 2026 ...
2026-10-06 13:35:05,666 [INFO] Rank 6 | whichcasino.co.za | Popular Online Slots at South African Casinos
2026-10-06 13:35:08,360 [INFO] Rank 7 | lottoland.co.za | Fire Strike 2 | Slot Games Online
2026-10-06 13:35:09,424 [INFO] Rank 8 | onlinegambling.co.za | The Basics to Playing Real Money Online Slots
2026-10-06 13:35:10,958 [INFO] Rank 9 | saonlinecasinos.co.za | A Guide to Playing Slots at Online Casinos
2026-10-06 13:35:10,958 [INFO] SERP extraction complete: 9/10 organic results
2026-10-06 13:35:10,975 [INFO] Updated 9 SERP rows for 2026-10-06 at 13:00
2026-10-06 13:35:11,006 [INFO] Excel workbook saved: C:\Users\santhm\Desktop\SERP_Monitor\SERP_Monitor\scripts\online_slots_rankings.xlsx
============================================================
HOLLYWOODBETS SEO SERP CHECK
============================================================
Keyword: Online Slots
Date: 2026-10-06
Capture hour: 13:00
Organic results collected: 9
------------------------------------------------------------
1. Iol | iol.co.za
2. Yesplay | yesplay.bet
3. Luckyfish | luckyfish.co.za
4. Goal | goal.com
5. 10bet | blog.10bet.co.za
6. Whichcasino | whichcasino.co.za
7. Lottoland | lottoland.co.za
8. Onlinegambling | onlinegambling.co.za
9. Saonlinecasinos | saonlinecasinos.co.za
------------------------------------------------------------
Hollywoodbets rank: None
Results saved: C:\Users\santhm\Desktop\SERP_Monitor\SERP_Monitor\scripts\online_slots_rankings.xlsx
============================================================
2026-10-06 13:35:11,378 [INFO] Browser closed.
SEO_SERP_Monitor_online_slots completed successfully.
------------------------------------------------------------
Starting SEO_SERP_Monitor_soccer_betting...
============================================================
[2026/10/06 13:40:51,80] CAPTURE + SYNC START
============================================================
------------------------------------------------------------
Starting SEO_SERP_Monitor_aviator...
2026-10-06 13:40:52,359 [INFO] ============================================================
2026-10-06 13:40:52,360 [INFO] Run start: 2026-10-06T13:40:52.359815+02:00 | keyword=Aviator
2026-10-06 13:40:52,360 [INFO] Starting Playwright with dedicated SERP Chrome profile: C:\Users\santhm\Desktop\SERP_Monitor\SERP_Monitor\scripts\serp_chrome_profile_aviator
2026-10-06 13:40:52,360 [INFO] Headless mode: False
2026-10-06 13:40:52,981 [INFO] Persistent Chrome context ready.
2026-10-06 13:40:53,047 [INFO] GET https://www.google.com/search?q=Aviator&hl=en&gl=za&num=20&pws=0
2026-10-06 13:40:57,312 [INFO] SERP loaded.
2026-10-06 13:40:57,314 [INFO] SERP candidates found (H3): 10
2026-10-06 13:40:57,738 [INFO] Rank 1 | hollywoodbets.net | Play Aviator | Aviator Game | Hollywoodbets SA
2026-10-06 13:40:58,568 [INFO] Rank 2 | betway.co.za | Play Aviator and reach for the sky | Betway Sports betting
2026-10-06 13:40:59,225 [INFO] Rank 3 | betway.co.za | Play Online Casino Games - Register ...
2026-10-06 13:40:59,256 [INFO] Rank 4 | play.google.com | Aviator – Apps on Google Play
2026-10-06 13:41:00,473 [INFO] Rank 5 | 10bet.co.za | Play Aviator Game Online | Crash Game by Spribe
2026-10-06 13:41:00,884 [INFO] Rank 6 | livescore.com | How to Play Aviator on Betway 2026: Get 10 Free Flights
2026-10-06 13:41:02,876 [INFO] Rank 7 | en.wikipedia.org | Aircraft pilot
2026-10-06 13:41:03,910 [INFO] Rank 8 | betway.co.za | Play Aviator | Register and Get 10 Free Flights
2026-10-06 13:41:07,875 [INFO] Rank 9 | netflix.com | Watch The Aviator
2026-10-06 13:41:12,151 [INFO] Rank 10 | spribe.co | Aviator
2026-10-06 13:41:12,151 [INFO] SERP extraction complete: 10/10 organic results
2026-10-06 13:41:12,171 [INFO] Updated 10 SERP rows for 2026-10-06 at 13:00
2026-10-06 13:41:12,195 [WARNING] Excel file is locked; retrying save (1/5)...
2026-10-06 13:41:13,709 [INFO] Excel workbook saved: C:\Users\santhm\Desktop\SERP_Monitor\SERP_Monitor\scripts\aviator_rankings.xlsx
============================================================
HOLLYWOODBETS SEO SERP CHECK
============================================================
Keyword: Aviator
Date: 2026-10-06
Capture hour: 13:00
Organic results collected: 10
------------------------------------------------------------
1. Hollywoodbets | hollywoodbets.net
2. Betway | betway.co.za
3. Betway | betway.co.za
4. Google Play | play.google.com
5. 10bet | 10bet.co.za
6. LiveScore | livescore.com
7. En | en.wikipedia.org
8. Betway | betway.co.za
9. Netflix | netflix.com
10. SPRIBE | spribe.co
------------------------------------------------------------
Hollywoodbets rank: 1
Results saved: C:\Users\santhm\Desktop\SERP_Monitor\SERP_Monitor\scripts\aviator_rankings.xlsx
============================================================
2026-10-06 13:41:13,920 [INFO] Browser closed.
SEO_SERP_Monitor_aviator completed successfully.
------------------------------------------------------------
Starting SEO_SERP_Monitor_lucky_numbers...
2026-10-06 13:41:14,542 [INFO] ============================================================
2026-10-06 13:41:14,543 [INFO] Run start: 2026-10-06T13:41:14.542444+02:00 | keyword=Lucky Numbers
2026-10-06 13:41:14,543 [INFO] Starting Playwright with dedicated SERP Chrome profile: C:\Users\santhm\Desktop\SERP_Monitor\SERP_Monitor\scripts\serp_chrome_profile_lucky_numbers
2026-10-06 13:41:14,543 [INFO] Headless mode: False
2026-10-06 13:41:15,192 [INFO] Persistent Chrome context ready.
2026-10-06 13:41:15,253 [INFO] GET https://www.google.com/search?q=Lucky+Numbers&hl=en&gl=za&num=20&pws=0
2026-10-06 13:41:32,128 [WARNING] SERP H3 elements did not appear within the expected time.
2026-10-06 13:41:32,131 [INFO] SERP loaded.
2026-10-06 13:41:32,133 [INFO] SERP candidates found (H3): 9
2026-10-06 13:41:32,701 [INFO] Rank 1 | hollywoodbets.net | AI Mode replied:
2026-10-06 13:41:33,621 [INFO] Rank 2 | betway.co.za | Place your Lucky Numbers bets with ...
2026-10-06 13:41:33,658 [INFO] Rank 3 | play.google.com | Today Lucky Numbers – Apps on Google Play
2026-10-06 13:41:34,524 [INFO] Rank 4 | worldsportsbetting.co.za | Play Powerball Online | Lucky Numbers & Jackpots
2026-10-06 13:41:36,486 [INFO] Rank 5 | luckynumber.today | Lucky Numbers
2026-10-06 13:41:38,490 [INFO] Rank 6 | en.wikipedia.org | Lucky number
2026-10-06 13:41:40,131 [INFO] Rank 7 | za.pinterest.com | Lucky numbers for lottery
2026-10-06 13:41:40,446 [INFO] Rank 8 | aiminghigh.aimssec.ac.za | LUCKY NUMBERS HELP - Lesson Activities
2026-10-06 13:41:40,446 [INFO] SERP extraction complete: 8/10 organic results
2026-10-06 13:41:40,463 [INFO] Updated 8 SERP rows for 2026-10-06 at 13:00
2026-10-06 13:41:40,491 [INFO] Excel workbook saved: C:\Users\santhm\Desktop\SERP_Monitor\SERP_Monitor\scripts\lucky_numbers_rankings.xlsx
============================================================
HOLLYWOODBETS SEO SERP CHECK
============================================================
Keyword: Lucky Numbers
Date: 2026-10-06
Capture hour: 13:00
Organic results collected: 8
------------------------------------------------------------
1. Hollywoodbets | hollywoodbets.net
2. Betway | betway.co.za
3. Google Play | play.google.com
4. Worldsportsbetting | worldsportsbetting.co.za
5. Luckynumber | luckynumber.today
6. En | en.wikipedia.org
7. Za | za.pinterest.com
8. Aiminghigh | aiminghigh.aimssec.ac.za
------------------------------------------------------------
Hollywoodbets rank: 1
Results saved: C:\Users\santhm\Desktop\SERP_Monitor\SERP_Monitor\scripts\lucky_numbers_rankings.xlsx
============================================================
2026-10-06 13:41:40,706 [INFO] Browser closed.
SEO_SERP_Monitor_lucky_numbers completed successfully.
------------------------------------------------------------
Starting SEO_SERP_Monitor_online_slots...
2026-10-06 13:41:41,285 [INFO] ============================================================
2026-10-06 13:41:41,285 [INFO] Run start: 2026-10-06T13:41:41.285726+02:00 | keyword=Online Slots
2026-10-06 13:41:41,286 [INFO] Starting Playwright with dedicated SERP Chrome profile: C:\Users\santhm\Desktop\SERP_Monitor\SERP_Monitor\scripts\serp_chrome_profile_online_slots
2026-10-06 13:41:41,286 [INFO] Headless mode: False
2026-10-06 13:41:41,890 [INFO] Persistent Chrome context ready.
2026-10-06 13:41:41,945 [INFO] GET https://www.google.com/search?q=Online+Slots&hl=en&gl=za&num=20&pws=0
2026-10-06 13:41:45,973 [INFO] SERP loaded.
2026-10-06 13:41:45,976 [INFO] SERP candidates found (H3): 10
2026-10-06 13:41:46,718 [INFO] Rank 1 | betway.co.za | Online Slots Games | Betway | Register & Get Free Spins
2026-10-06 13:41:47,652 [INFO] Rank 2 | hollywoodbets.net | Online Slot Games
2026-10-06 13:41:49,336 [INFO] Rank 3 | worldsportsbetting.co.za | Online Slot Games | Play Real Money ...
2026-10-06 13:41:49,373 [INFO] Rank 4 | play.google.com | Slots online – Apps on Google Play
2026-10-06 13:41:51,323 [INFO] Rank 5 | foxybingo.com | Play Online Slots UK | Foxy Games
2026-10-06 13:41:56,739 [INFO] Rank 6 | playojo.com | Online Slots - Play slot games in UK at PlayOJO
2026-10-06 13:42:01,159 [INFO] Rank 7 | betolimp.co.za | Play Online Slots for Real Money in South Africa
2026-10-06 13:42:04,052 [INFO] Rank 8 | youtube.com | How to Win Online Slots Every Time: 5 Strategies to Play
2026-10-06 13:42:05,797 [INFO] Rank 9 | playtsogo.co.za | playTSOGO | Online Sportsbook Betting in South Africa
2026-10-06 13:42:35,941 [INFO] SERP extraction complete: 9/10 organic results
2026-10-06 13:42:35,958 [INFO] Updated 9 SERP rows for 2026-10-06 at 13:00
2026-10-06 13:42:35,981 [INFO] Excel workbook saved: C:\Users\santhm\Desktop\SERP_Monitor\SERP_Monitor\scripts\online_slots_rankings.xlsx
============================================================
HOLLYWOODBETS SEO SERP CHECK
============================================================
Keyword: Online Slots
Date: 2026-10-06
Capture hour: 13:00
Organic results collected: 9
------------------------------------------------------------
1. Betway | betway.co.za
2. Hollywoodbets | hollywoodbets.net
3. Worldsportsbetting | worldsportsbetting.co.za
4. Google Play | play.google.com
5. Foxybingo | foxybingo.com
6. Playojo | playojo.com
7. Betolimp | betolimp.co.za
8. Youtube | youtube.com
9. Playtsogo | playtsogo.co.za
------------------------------------------------------------
Hollywoodbets rank: 2
Results saved: C:\Users\santhm\Desktop\SERP_Monitor\SERP_Monitor\scripts\online_slots_rankings.xlsx
============================================================
2026-10-06 13:42:36,229 [INFO] Browser closed.
SEO_SERP_Monitor_online_slots completed successfully.
------------------------------------------------------------
Starting SEO_SERP_Monitor_soccer_betting...
2026-10-06 13:42:36,842 [INFO] ============================================================
2026-10-06 13:42:36,843 [INFO] Run start: 2026-10-06T13:42:36.842761+02:00 | keyword=Soccer Betting
2026-10-06 13:42:36,843 [INFO] Starting Playwright with dedicated SERP Chrome profile: C:\Users\santhm\Desktop\SERP_Monitor\SERP_Monitor\scripts\serp_chrome_profile_soccer_betting
2026-10-06 13:42:36,843 [INFO] Headless mode: False
2026-10-06 13:42:37,505 [INFO] Persistent Chrome context ready.
2026-10-06 13:42:37,560 [INFO] GET https://www.google.com/search?q=Soccer+Betting&hl=en&gl=za&num=20&pws=0
2026-10-06 13:42:41,476 [INFO] SERP loaded.
2026-10-06 13:42:41,478 [INFO] SERP candidates found (H3): 10
2026-10-06 13:42:42,648 [INFO] Rank 1 | sportingbet.co.za | AI Mode reply for Soccer Betting
2026-10-06 13:42:45,634 [INFO] Rank 2 | betolimp.co.za | Soccer Betting South Africa
2026-10-06 13:42:46,382 [INFO] Rank 3 | worldsportsbetting.co.za | Soccer Betting in South Africa
2026-10-06 13:42:48,400 [INFO] Rank 4 | betway.com | Football Betting & Football Odds 2026
2026-10-06 13:42:50,021 [INFO] Rank 5 | caesars.com | How to Bet on Soccer: Beginner's Guide
2026-10-06 13:42:51,900 [INFO] Rank 6 | supersportbet.com | Soccer
2026-10-06 13:42:53,969 [INFO] Rank 7 | youtube.com | How To Bet On Soccer - The Complete Guide
2026-10-06 13:42:54,679 [INFO] Rank 8 | easybet.co.za | Soccer
2026-10-06 13:42:55,397 [INFO] Rank 9 | soccer6.co.za | Soccer6.co.za
2026-10-06 13:42:55,397 [INFO] SERP extraction complete: 9/10 organic results
2026-10-06 13:42:55,420 [INFO] Updated 9 SERP rows for 2026-10-06 at 13:00
2026-10-06 13:42:55,445 [INFO] Excel workbook saved: C:\Users\santhm\Desktop\SERP_Monitor\SERP_Monitor\scripts\soccer_betting_rankings.xlsx
============================================================
HOLLYWOODBETS SEO SERP CHECK
============================================================
Keyword: Soccer Betting
Date: 2026-10-06
Capture hour: 13:00
Organic results collected: 9
------------------------------------------------------------
1. Sportingbet | sportingbet.co.za
2. Betolimp | betolimp.co.za
3. Worldsportsbetting | worldsportsbetting.co.za
4. Betway | betway.com
5. Caesars | caesars.com
6. Supersportbet | supersportbet.com
7. Youtube | youtube.com
8. Easybet | easybet.co.za
9. Soccer6 | soccer6.co.za
------------------------------------------------------------
Hollywoodbets rank: None
Results saved: C:\Users\santhm\Desktop\SERP_Monitor\SERP_Monitor\scripts\soccer_betting_rankings.xlsx
============================================================
2026-10-06 13:42:55,722 [INFO] Browser closed.
SEO_SERP_Monitor_soccer_betting completed successfully.
Starting Excel to PostgreSQL sync (first pass)...
online_slots_rankings.xlsx: SYNC SKIPPED: (psycopg.errors.UniqueViolation) duplicate key value violates unique constraint "uq_serp_results_capture_rank"
DETAIL:  Key (capture_id, rank)=(19, 1) already exists.
[SQL: INSERT INTO serp_results (capture_id, keyword_id, rank, name, domain, url, title) SELECT p0::INTEGER, p1::INTEGER, p2::SMALLINT, p3::VARCHAR, p4::VARCHAR, p5::VARCHAR, p6::VARCHAR FROM (VALUES (%(capture_id__0)s::INTEGER, %(keyword_id__0)s::INTEGER,  ... 1707 characters truncated ... 3, p4, p5, p6, sen_counter) ORDER BY sen_counter RETURNING serp_results.id, serp_results.id AS id__1]
[parameters: {'title__0': None, 'capture_id__0': 19, 'name__0': 'Betway', 'rank__0': 1, 'url__0': 'betway.co.za/lobby/slots', 'domain__0': '', 'keyword_id__0': 3, 'title__1': None, 'capture_id__1': 19, 'name__1': 'Hollywoodbets', 'rank__1': 2, 'url__1': 'hollywoodbets.net/casino-games/slots', 'domain__1': '', 'keyword_id__1': 3, 'title__2': None, 'capture_id__2': 19, 'name__2': 'Worldsportsbetting', 'rank__2': 3, 'url__2': 'worldsportsbetting.co.za/casino/slots', 'domain__2': '', 'keyword_id__2': 3, 'title__3': None, 'capture_id__3': 19, 'name__3': 'Google Play', 'rank__3': 4, 'url__3': 'play.google.com/store/apps/details', 'domain__3': '', 'keyword_id__3': 3, 'title__4': None, 'capture_id__4': 19, 'name__4': 'Foxybingo', 'rank__4': 5, 'url__4': 'foxybingo.com/en/games/slots/c/slots', 'domain__4': '', 'keyword_id__4': 3, 'title__5': None, 'capture_id__5': 19, 'name__5': 'Playojo', 'rank__5': 6, 'url__5': 'playojo.com/slots', 'domain__5': '', 'keyword_id__5': 3, 'title__6': None, 'capture_id__6': 19, 'name__6': 'Betolimp', 'rank__6': 7, 'url__6': 'betolimp.co.za/en/casino/lobby/slots', 'domain__6': '', 'keyword_id__6': 3, 'title__7': None, 'capture_id__7': 19, 'name__7': 'Youtube', 'rank__7': 8, 'url__7': 'youtube.com/watch', 'domain__7': '', 'keyword_id__7': 3, 'title__8': None, 'capture_id__8': 19, 'name__8': 'Playtsogo', 'rank__8': 9, 'url__8': 'playtsogo.co.za/', 'domain__8': '', 'keyword_id__8': 3, 'title__9': None, 'capture_id__9': 19, 'name__9': 'Iol', 'rank__9': 1, 'url__9': 'iol.co.za/capetimes/top-five-new-online-slot-machines-coming-soon-to-the-south-african-market6', 'domain__9': '', 'keyword_id__9': 3}]
(Background on this error at: https://sqlalche.me/e/20/gkpj)
soccer_betting_rankings.xlsx: SYNC SKIPPED: (psycopg.errors.UniqueViolation) duplicate key value violates unique constraint "uq_serp_results_capture_rank"
DETAIL:  Key (capture_id, rank)=(20, 1) already exists.
[SQL: INSERT INTO serp_results (capture_id, keyword_id, rank, name, domain, url, title) SELECT p0::INTEGER, p1::INTEGER, p2::SMALLINT, p3::VARCHAR, p4::VARCHAR, p5::VARCHAR, p6::VARCHAR FROM (VALUES (%(capture_id__0)s::INTEGER, %(keyword_id__0)s::INTEGER,  ... 1707 characters truncated ... 3, p4, p5, p6, sen_counter) ORDER BY sen_counter RETURNING serp_results.id, serp_results.id AS id__1]
[parameters: {'title__0': None, 'capture_id__0': 20, 'name__0': 'Betolimp', 'rank__0': 2, 'url__0': 'betolimp.co.za/sports/soccer-betting', 'domain__0': '', 'keyword_id__0': 4, 'title__1': None, 'capture_id__1': 20, 'name__1': 'Worldsportsbetting', 'rank__1': 3, 'url__1': 'worldsportsbetting.co.za/sports/soccer', 'domain__1': '', 'keyword_id__1': 4, 'title__2': None, 'capture_id__2': 20, 'name__2': 'Sportingbet', 'rank__2': 1, 'url__2': 'sportingbet.co.za/en/sports/football-4', 'domain__2': '', 'keyword_id__2': 4, 'title__3': None, 'capture_id__3': 20, 'name__3': 'Hollywoodbets', 'rank__3': 1, 'url__3': 'hollywoodbets.net/betting/1/soccer/all', 'domain__3': '', 'keyword_id__3': 4, 'title__4': None, 'capture_id__4': 20, 'name__4': 'Caesars', 'rank__4': 5, 'url__4': 'caesars.com/sportsbook-and-casino/how-to-bet/soccer', 'domain__4': '', 'keyword_id__4': 4, 'title__5': None, 'capture_id__5': 20, 'name__5': 'Supersportbet', 'rank__5': 6, 'url__5': 'supersportbet.com/en-za/sports/football/competitions', 'domain__5': '', 'keyword_id__5': 4, 'title__6': None, 'capture_id__6': 20, 'name__6': 'Youtube', 'rank__6': 7, 'url__6': 'youtube.com/watch', 'domain__6': '', 'keyword_id__6': 4, 'title__7': None, 'capture_id__7': 20, 'name__7': 'Easybet', 'rank__7': 8, 'url__7': 'easybet.co.za/page/betting-rules2/soccer', 'domain__7': '', 'keyword_id__7': 4, 'title__8': None, 'capture_id__8': 20, 'name__8': 'Soccer6', 'rank__8': 9, 'url__8': 'soccer6.co.za/', 'domain__8': '', 'keyword_id__8': 4, 'title__9': None, 'capture_id__9': 20, 'name__9': 'Betway', 'rank__9': 4, 'url__9': 'betway.com/g/en/sports/cat/soccer', 'domain__9': '', 'keyword_id__9': 4}]
(Background on this error at: https://sqlalche.me/e/20/gkpj)
aviator_rankings.xlsx: captures created=1, existing captures refreshed=2.
lucky_numbers_rankings.xlsx: captures created=1, existing captures refreshed=2.
Imported all real Excel data: captures created=2, existing captures refreshed=4.
Excel to PostgreSQL sync completed successfully (first pass).
============================================================
[2026/10/06 13:42:57,08] CAPTURE + SYNC COMPLETE
============================================================
============================================================
[2026/10/06 13:43:21,50] CAPTURE + SYNC START
============================================================
------------------------------------------------------------
Starting SEO_SERP_Monitor_aviator...
2026-10-06 13:43:22,040 [INFO] ============================================================
2026-10-06 13:43:22,041 [INFO] Run start: 2026-10-06T13:43:22.040885+02:00 | keyword=Aviator
2026-10-06 13:43:22,041 [INFO] Starting Playwright with dedicated SERP Chrome profile: C:\Users\santhm\Desktop\SERP_Monitor\SERP_Monitor\scripts\serp_chrome_profile_aviator
2026-10-06 13:43:22,041 [INFO] Headless mode: False
2026-10-06 13:43:22,716 [INFO] Persistent Chrome context ready.
2026-10-06 13:43:22,773 [INFO] GET https://www.google.com/search?q=Aviator&hl=en&gl=za&num=20&pws=0
2026-10-06 13:43:26,454 [INFO] SERP loaded.
2026-10-06 13:43:26,457 [INFO] SERP candidates found (H3): 10
2026-10-06 13:43:26,937 [INFO] Rank 1 | hollywoodbets.net | Play Aviator | Aviator Game | Hollywoodbets SA
2026-10-06 13:43:27,609 [INFO] Rank 2 | betway.co.za | Play Aviator and reach for the sky | Betway Sports betting
2026-10-06 13:43:28,276 [INFO] Rank 3 | betway.co.za | Play Online Casino Games - Register ...
2026-10-06 13:43:28,324 [INFO] Rank 4 | play.google.com | Aviator – Apps on Google Play
2026-10-06 13:43:29,538 [INFO] Rank 5 | 10bet.co.za | Play Aviator Game Online | Crash Game by Spribe
2026-10-06 13:43:29,962 [INFO] Rank 6 | livescore.com | How to Play Aviator on Betway 2026: Get 10 Free Flights
2026-10-06 13:43:31,460 [INFO] Rank 7 | en.wikipedia.org | Aircraft pilot
2026-10-06 13:43:32,192 [INFO] Rank 8 | betway.co.za | Play Aviator | Register and Get 10 Free Flights
2026-10-06 13:43:35,636 [INFO] Rank 9 | netflix.com | Watch The Aviator
2026-10-06 13:43:36,702 [INFO] Rank 10 | spribe.co | Aviator
2026-10-06 13:43:36,702 [INFO] SERP extraction complete: 10/10 organic results
2026-10-06 13:43:36,724 [INFO] Updated 10 SERP rows for 2026-10-06 at 13:00
2026-10-06 13:43:36,752 [INFO] Excel workbook saved: C:\Users\santhm\Desktop\SERP_Monitor\SERP_Monitor\scripts\aviator_rankings.xlsx
============================================================
HOLLYWOODBETS SEO SERP CHECK
============================================================
Keyword: Aviator
Date: 2026-10-06
Capture hour: 13:00
Organic results collected: 10
------------------------------------------------------------
1. Hollywoodbets | hollywoodbets.net
2. Betway | betway.co.za
3. Betway | betway.co.za
4. Google Play | play.google.com
5. 10bet | 10bet.co.za
6. LiveScore | livescore.com
7. En | en.wikipedia.org
8. Betway | betway.co.za
9. Netflix | netflix.com
10. SPRIBE | spribe.co
------------------------------------------------------------
Hollywoodbets rank: 1
Results saved: C:\Users\santhm\Desktop\SERP_Monitor\SERP_Monitor\scripts\aviator_rankings.xlsx
============================================================
2026-10-06 13:43:36,958 [INFO] Browser closed.
SEO_SERP_Monitor_aviator completed successfully.
------------------------------------------------------------
Starting SEO_SERP_Monitor_lucky_numbers...
2026-10-06 13:43:37,509 [INFO] ============================================================
2026-10-06 13:43:37,510 [INFO] Run start: 2026-10-06T13:43:37.509909+02:00 | keyword=Lucky Numbers
2026-10-06 13:43:37,510 [INFO] Starting Playwright with dedicated SERP Chrome profile: C:\Users\santhm\Desktop\SERP_Monitor\SERP_Monitor\scripts\serp_chrome_profile_lucky_numbers
2026-10-06 13:43:37,510 [INFO] Headless mode: False
2026-10-06 13:43:38,071 [INFO] Persistent Chrome context ready.
2026-10-06 13:43:38,093 [INFO] GET https://www.google.com/search?q=Lucky+Numbers&hl=en&gl=za&num=20&pws=0
2026-10-06 13:43:56,249 [WARNING] SERP H3 elements did not appear within the expected time.
2026-10-06 13:43:56,255 [INFO] SERP loaded.
2026-10-06 13:43:56,257 [INFO] SERP candidates found (H3): 9
2026-10-06 13:43:56,722 [INFO] Rank 1 | hollywoodbets.net | AI Mode replied:
2026-10-06 13:43:57,413 [INFO] Rank 2 | betway.co.za | Place your Lucky Numbers bets with ...
2026-10-06 13:43:57,449 [INFO] Rank 3 | play.google.com | Today Lucky Numbers – Apps on Google Play
2026-10-06 13:43:58,171 [INFO] Rank 4 | worldsportsbetting.co.za | Play Powerball Online | Lucky Numbers & Jackpots
2026-10-06 13:44:00,055 [INFO] Rank 5 | luckynumber.today | Lucky Numbers
2026-10-06 13:44:02,349 [INFO] Rank 6 | en.wikipedia.org | Lucky number
2026-10-06 13:44:03,830 [INFO] Rank 7 | za.pinterest.com | Lucky numbers for lottery
2026-10-06 13:44:04,169 [INFO] Rank 8 | aiminghigh.aimssec.ac.za | LUCKY NUMBERS HELP - Lesson Activities
2026-10-06 13:44:04,169 [INFO] SERP extraction complete: 8/10 organic results
2026-10-06 13:44:04,186 [INFO] Updated 8 SERP rows for 2026-10-06 at 13:00
2026-10-06 13:44:04,214 [INFO] Excel workbook saved: C:\Users\santhm\Desktop\SERP_Monitor\SERP_Monitor\scripts\lucky_numbers_rankings.xlsx
============================================================
HOLLYWOODBETS SEO SERP CHECK
============================================================
Keyword: Lucky Numbers
Date: 2026-10-06
Capture hour: 13:00
Organic results collected: 8
------------------------------------------------------------
1. Hollywoodbets | hollywoodbets.net
2. Betway | betway.co.za
3. Google Play | play.google.com
4. Worldsportsbetting | worldsportsbetting.co.za
5. Luckynumber | luckynumber.today
6. En | en.wikipedia.org
7. Za | za.pinterest.com
8. Aiminghigh | aiminghigh.aimssec.ac.za
------------------------------------------------------------
Hollywoodbets rank: 1
Results saved: C:\Users\santhm\Desktop\SERP_Monitor\SERP_Monitor\scripts\lucky_numbers_rankings.xlsx
============================================================
2026-10-06 13:44:04,460 [INFO] Browser closed.
SEO_SERP_Monitor_lucky_numbers completed successfully.
------------------------------------------------------------
Starting SEO_SERP_Monitor_online_slots...
2026-10-06 13:44:04,991 [INFO] ============================================================
2026-10-06 13:44:04,992 [INFO] Run start: 2026-10-06T13:44:04.991892+02:00 | keyword=Online Slots
2026-10-06 13:44:04,992 [INFO] Starting Playwright with dedicated SERP Chrome profile: C:\Users\santhm\Desktop\SERP_Monitor\SERP_Monitor\scripts\serp_chrome_profile_online_slots
2026-10-06 13:44:04,992 [INFO] Headless mode: False
2026-10-06 13:44:05,539 [INFO] Persistent Chrome context ready.
2026-10-06 13:44:05,580 [INFO] GET https://www.google.com/search?q=Online+Slots&hl=en&gl=za&num=20&pws=0
2026-10-06 13:44:09,682 [INFO] SERP loaded.
2026-10-06 13:44:09,685 [INFO] SERP candidates found (H3): 10
2026-10-06 13:44:10,362 [INFO] Rank 1 | betway.co.za | Online Slots Games | Betway | Register & Get Free Spins
2026-10-06 13:44:10,902 [INFO] Rank 2 | hollywoodbets.net | Online Slot Games
2026-10-06 13:44:11,782 [INFO] Rank 3 | worldsportsbetting.co.za | Online Slot Games | Play Real Money ...
2026-10-06 13:44:11,818 [INFO] Rank 4 | play.google.com | Slots online – Apps on Google Play
2026-10-06 13:44:12,693 [INFO] Rank 5 | foxybingo.com | Play Online Slots UK | Foxy Games
2026-10-06 13:44:15,113 [INFO] Rank 6 | playojo.com | Online Slots - Play slot games in UK at PlayOJO
2026-10-06 13:44:18,179 [INFO] Rank 7 | betolimp.co.za | Play Online Slots for Real Money in South Africa
2026-10-06 13:44:20,382 [INFO] Rank 8 | youtube.com | How to Win Online Slots Every Time: 5 Strategies to Play
2026-10-06 13:44:20,712 [INFO] Rank 9 | playtsogo.co.za | playTSOGO | Online Sportsbook Betting in South Africa
2026-10-06 13:44:50,863 [INFO] SERP extraction complete: 9/10 organic results
2026-10-06 13:44:50,883 [INFO] Updated 9 SERP rows for 2026-10-06 at 13:00
2026-10-06 13:44:50,911 [WARNING] Excel file is locked; retrying save (1/5)...
2026-10-06 13:44:52,433 [INFO] Excel workbook saved: C:\Users\santhm\Desktop\SERP_Monitor\SERP_Monitor\scripts\online_slots_rankings.xlsx
============================================================
HOLLYWOODBETS SEO SERP CHECK
============================================================
Keyword: Online Slots
Date: 2026-10-06
Capture hour: 13:00
Organic results collected: 9
------------------------------------------------------------
1. Betway | betway.co.za
2. Hollywoodbets | hollywoodbets.net
3. Worldsportsbetting | worldsportsbetting.co.za
4. Google Play | play.google.com
5. Foxybingo | foxybingo.com
6. Playojo | playojo.com
7. Betolimp | betolimp.co.za
8. Youtube | youtube.com
9. Playtsogo | playtsogo.co.za
------------------------------------------------------------
Hollywoodbets rank: 2
Results saved: C:\Users\santhm\Desktop\SERP_Monitor\SERP_Monitor\scripts\online_slots_rankings.xlsx
============================================================
2026-10-06 13:44:52,694 [INFO] Browser closed.
SEO_SERP_Monitor_online_slots completed successfully.
------------------------------------------------------------
Starting SEO_SERP_Monitor_soccer_betting...
2026-10-06 13:44:53,237 [INFO] ============================================================
2026-10-06 13:44:53,237 [INFO] Run start: 2026-10-06T13:44:53.237452+02:00 | keyword=Soccer Betting
2026-10-06 13:44:53,238 [INFO] Starting Playwright with dedicated SERP Chrome profile: C:\Users\santhm\Desktop\SERP_Monitor\SERP_Monitor\scripts\serp_chrome_profile_soccer_betting
2026-10-06 13:44:53,238 [INFO] Headless mode: False
2026-10-06 13:44:53,783 [INFO] Persistent Chrome context ready.
2026-10-06 13:44:53,819 [INFO] GET https://www.google.com/search?q=Soccer+Betting&hl=en&gl=za&num=20&pws=0
2026-10-06 13:44:57,685 [INFO] SERP loaded.
2026-10-06 13:44:57,687 [INFO] SERP candidates found (H3): 10
2026-10-06 13:44:58,733 [INFO] Rank 1 | worldsportsbetting.co.za | AI Mode reply for Soccer Betting
2026-10-06 13:44:59,478 [INFO] Rank 2 | worldsportsbetting.co.za | Soccer Betting | Premier League, PSL & More
2026-10-06 13:45:00,602 [INFO] Rank 3 | sportingbet.co.za | Soccer Betting & Football Betting South Africa
2026-10-06 13:45:01,689 [INFO] Rank 4 | bet.co.za | Sports - Soccer - Competitions
2026-10-06 13:45:02,226 [INFO] Rank 5 | hollywoodbets.net | Hollywoodbets Soccer Betting | Latest Soccer Odds
2026-10-06 13:45:03,421 [INFO] Rank 6 | 10bet.co.za | Soccer Betting South Africa | Football Odds on 10bet
2026-10-06 13:45:04,049 [INFO] Rank 7 | reddit.com | r/SoccerBetting
2026-10-06 13:45:04,476 [INFO] Rank 8 | livescore.com | Best Soccer Betting Sites South Africa | Top ZA Bookies
2026-10-06 13:45:10,049 [INFO] Rank 9 | betolimp.co.za | Soccer Betting South Africa
2026-10-06 13:45:12,201 [INFO] Rank 10 | betway.com | Football Betting & Football Odds 2026
2026-10-06 13:45:12,201 [INFO] SERP extraction complete: 10/10 organic results
2026-10-06 13:45:12,221 [INFO] Updated 10 SERP rows for 2026-10-06 at 13:00
2026-10-06 13:45:12,251 [INFO] Excel workbook saved: C:\Users\santhm\Desktop\SERP_Monitor\SERP_Monitor\scripts\soccer_betting_rankings.xlsx
============================================================
HOLLYWOODBETS SEO SERP CHECK
============================================================
Keyword: Soccer Betting
Date: 2026-10-06
Capture hour: 13:00
Organic results collected: 10
------------------------------------------------------------
1. Worldsportsbetting | worldsportsbetting.co.za
2. Worldsportsbetting | worldsportsbetting.co.za
3. Sportingbet | sportingbet.co.za
4. Bet | bet.co.za
5. Hollywoodbets | hollywoodbets.net
6. 10bet | 10bet.co.za
7. Reddit | reddit.com
8. LiveScore | livescore.com
9. Betolimp | betolimp.co.za
10. Betway | betway.com
------------------------------------------------------------
Hollywoodbets rank: 5
Results saved: C:\Users\santhm\Desktop\SERP_Monitor\SERP_Monitor\scripts\soccer_betting_rankings.xlsx
============================================================
2026-10-06 13:45:12,491 [INFO] Browser closed.
SEO_SERP_Monitor_soccer_betting completed successfully.
Starting Excel to PostgreSQL sync (first pass)...
online_slots_rankings.xlsx: SYNC SKIPPED: (psycopg.errors.UniqueViolation) duplicate key value violates unique constraint "uq_serp_results_capture_rank"
DETAIL:  Key (capture_id, rank)=(21, 1) already exists.
[SQL: INSERT INTO serp_results (capture_id, keyword_id, rank, name, domain, url, title) SELECT p0::INTEGER, p1::INTEGER, p2::SMALLINT, p3::VARCHAR, p4::VARCHAR, p5::VARCHAR, p6::VARCHAR FROM (VALUES (%(capture_id__0)s::INTEGER, %(keyword_id__0)s::INTEGER,  ... 1707 characters truncated ... 3, p4, p5, p6, sen_counter) ORDER BY sen_counter RETURNING serp_results.id, serp_results.id AS id__1]
[parameters: {'rank__0': 1, 'keyword_id__0': 3, 'name__0': 'Betway', 'url__0': 'betway.co.za/lobby/slots', 'title__0': None, 'domain__0': '', 'capture_id__0': 21, 'rank__1': 2, 'keyword_id__1': 3, 'name__1': 'Hollywoodbets', 'url__1': 'hollywoodbets.net/casino-games/slots', 'title__1': None, 'domain__1': '', 'capture_id__1': 21, 'rank__2': 3, 'keyword_id__2': 3, 'name__2': 'Worldsportsbetting', 'url__2': 'worldsportsbetting.co.za/casino/slots', 'title__2': None, 'domain__2': '', 'capture_id__2': 21, 'rank__3': 4, 'keyword_id__3': 3, 'name__3': 'Google Play', 'url__3': 'play.google.com/store/apps/details', 'title__3': None, 'domain__3': '', 'capture_id__3': 21, 'rank__4': 5, 'keyword_id__4': 3, 'name__4': 'Foxybingo', 'url__4': 'foxybingo.com/en/games/slots/c/slots', 'title__4': None, 'domain__4': '', 'capture_id__4': 21, 'rank__5': 6, 'keyword_id__5': 3, 'name__5': 'Playojo', 'url__5': 'playojo.com/slots', 'title__5': None, 'domain__5': '', 'capture_id__5': 21, 'rank__6': 7, 'keyword_id__6': 3, 'name__6': 'Betolimp', 'url__6': 'betolimp.co.za/en/casino/lobby/slots', 'title__6': None, 'domain__6': '', 'capture_id__6': 21, 'rank__7': 8, 'keyword_id__7': 3, 'name__7': 'Youtube', 'url__7': 'youtube.com/watch', 'title__7': None, 'domain__7': '', 'capture_id__7': 21, 'rank__8': 9, 'keyword_id__8': 3, 'name__8': 'Playtsogo', 'url__8': 'playtsogo.co.za/', 'title__8': None, 'domain__8': '', 'capture_id__8': 21, 'rank__9': 1, 'keyword_id__9': 3, 'name__9': 'Iol', 'url__9': 'iol.co.za/capetimes/top-five-new-online-slot-machines-coming-soon-to-the-south-african-market6', 'title__9': None, 'domain__9': '', 'capture_id__9': 21}]
(Background on this error at: https://sqlalche.me/e/20/gkpj)
aviator_rankings.xlsx: captures created=0, existing captures refreshed=3.
lucky_numbers_rankings.xlsx: captures created=0, existing captures refreshed=3.
soccer_betting_rankings.xlsx: captures created=1, existing captures refreshed=3.
Imported all real Excel data: captures created=1, existing captures refreshed=9.
Excel to PostgreSQL sync completed successfully (first pass).
============================================================
[2026/10/06 13:45:13,68] CAPTURE + SYNC COMPLETE
============================================================
============================================================
[2026/10/06 14:00:04,04] CAPTURE + SYNC START
============================================================
------------------------------------------------------------
Starting SEO_SERP_Monitor_aviator...
2026-10-06 14:00:04,586 [INFO] ============================================================
2026-10-06 14:00:04,586 [INFO] Run start: 2026-10-06T14:00:04.586028+02:00 | keyword=Aviator
2026-10-06 14:00:04,586 [INFO] Starting Playwright with dedicated SERP Chrome profile: C:\Users\santhm\Desktop\SERP_Monitor\SERP_Monitor\scripts\serp_chrome_profile_aviator
2026-10-06 14:00:04,586 [INFO] Headless mode: False
2026-10-06 14:00:05,242 [INFO] Persistent Chrome context ready.
2026-10-06 14:00:05,312 [INFO] GET https://www.google.com/search?q=Aviator&hl=en&gl=za&num=20&pws=0
2026-10-06 14:00:09,209 [INFO] SERP loaded.
2026-10-06 14:00:09,212 [INFO] SERP candidates found (H3): 10
2026-10-06 14:00:09,676 [INFO] Rank 1 | hollywoodbets.net | Play Aviator | Aviator Game | Hollywoodbets SA
2026-10-06 14:00:10,389 [INFO] Rank 2 | betway.co.za | Play Aviator and reach for the sky | Betway Sports betting
2026-10-06 14:00:11,012 [INFO] Rank 3 | betway.co.za | Play Online Casino Games - Register ...
2026-10-06 14:00:11,060 [INFO] Rank 4 | play.google.com | Aviator – Apps on Google Play
2026-10-06 14:00:12,310 [INFO] Rank 5 | 10bet.co.za | Play Aviator Game Online | Crash Game by Spribe
2026-10-06 14:00:13,407 [INFO] Rank 6 | livescore.com | How to Play Aviator on Betway 2026: Get 10 Free Flights
2026-10-06 14:00:15,326 [INFO] Rank 7 | en.wikipedia.org | Aircraft pilot
2026-10-06 14:00:16,551 [INFO] Rank 8 | betway.co.za | Play Aviator | Register and Get 10 Free Flights
2026-10-06 14:00:20,787 [INFO] Rank 9 | netflix.com | Watch The Aviator
2026-10-06 14:00:21,906 [INFO] Rank 10 | spribe.co | Aviator
2026-10-06 14:00:21,906 [INFO] SERP extraction complete: 10/10 organic results
2026-10-06 14:00:21,927 [INFO] Updated 10 SERP rows for 2026-10-06 at 14:00
2026-10-06 14:00:21,954 [INFO] Excel workbook saved: C:\Users\santhm\Desktop\SERP_Monitor\SERP_Monitor\scripts\aviator_rankings.xlsx
============================================================
HOLLYWOODBETS SEO SERP CHECK
============================================================
Keyword: Aviator
Date: 2026-10-06
Capture hour: 14:00
Organic results collected: 10
------------------------------------------------------------
1. Hollywoodbets | hollywoodbets.net
2. Betway | betway.co.za
3. Betway | betway.co.za
4. Google Play | play.google.com
5. 10bet | 10bet.co.za
6. LiveScore | livescore.com
7. En | en.wikipedia.org
8. Betway | betway.co.za
9. Netflix | netflix.com
10. SPRIBE | spribe.co
------------------------------------------------------------
Hollywoodbets rank: 1
Results saved: C:\Users\santhm\Desktop\SERP_Monitor\SERP_Monitor\scripts\aviator_rankings.xlsx
============================================================
2026-10-06 14:00:22,222 [INFO] Browser closed.
SEO_SERP_Monitor_aviator completed successfully.
------------------------------------------------------------
Starting SEO_SERP_Monitor_lucky_numbers...
2026-10-06 14:00:22,733 [INFO] ============================================================
2026-10-06 14:00:22,733 [INFO] Run start: 2026-10-06T14:00:22.732985+02:00 | keyword=Lucky Numbers
2026-10-06 14:00:22,733 [INFO] Starting Playwright with dedicated SERP Chrome profile: C:\Users\santhm\Desktop\SERP_Monitor\SERP_Monitor\scripts\serp_chrome_profile_lucky_numbers
2026-10-06 14:00:22,733 [INFO] Headless mode: False
2026-10-06 14:00:23,270 [INFO] Persistent Chrome context ready.
2026-10-06 14:00:23,312 [INFO] GET https://www.google.com/search?q=Lucky+Numbers&hl=en&gl=za&num=20&pws=0
2026-10-06 14:00:29,826 [INFO] SERP loaded.
2026-10-06 14:00:29,829 [INFO] SERP candidates found (H3): 11
2026-10-06 14:00:30,543 [INFO] Rank 1 | betway.co.za | Place your Lucky Numbers bets with ...
2026-10-06 14:00:31,337 [INFO] Rank 2 | tiktok.com | AI Mode replied:
2026-10-06 14:00:31,365 [INFO] Rank 3 | play.google.com | My Lucky Numbers – Apps on Google Play
2026-10-06 14:00:31,785 [INFO] Rank 4 | hollywoodbets.net | Lucky Numbers for today
2026-10-06 14:00:32,502 [INFO] Rank 5 | worldsportsbetting.co.za | Play Powerball Online | Lucky Numbers & Jackpots
2026-10-06 14:00:34,396 [INFO] Rank 6 | luckynumber.today | Today Lucky Number
2026-10-06 14:00:36,399 [INFO] Rank 7 | supersportbet.com | Dream Guide: How to Bet on Lucky Numbers and Lotteries
2026-10-06 14:00:37,592 [INFO] Rank 8 | sportybet.co.za | Lucky numbers
2026-10-06 14:00:38,949 [INFO] Rank 9 | za.pinterest.com | 9 Lucky numbers for lottery ideas
2026-10-06 14:00:41,081 [INFO] Rank 10 | en.wikipedia.org | Lucky number
2026-10-06 14:00:41,082 [INFO] SERP extraction complete: 10/10 organic results
2026-10-06 14:00:41,105 [INFO] Updated 10 SERP rows for 2026-10-06 at 14:00
2026-10-06 14:00:41,135 [INFO] Excel workbook saved: C:\Users\santhm\Desktop\SERP_Monitor\SERP_Monitor\scripts\lucky_numbers_rankings.xlsx
============================================================
HOLLYWOODBETS SEO SERP CHECK
============================================================
Keyword: Lucky Numbers
Date: 2026-10-06
Capture hour: 14:00
Organic results collected: 10
------------------------------------------------------------
1. Betway | betway.co.za
2. Tiktok | tiktok.com
3. Google Play | play.google.com
4. Hollywoodbets | hollywoodbets.net
5. Worldsportsbetting | worldsportsbetting.co.za
6. Luckynumber | luckynumber.today
7. Supersportbet | supersportbet.com
8. Sportybet | sportybet.co.za
9. Za | za.pinterest.com
10. En | en.wikipedia.org
------------------------------------------------------------
Hollywoodbets rank: 4
Results saved: C:\Users\santhm\Desktop\SERP_Monitor\SERP_Monitor\scripts\lucky_numbers_rankings.xlsx
============================================================
2026-10-06 14:00:41,365 [INFO] Browser closed.
SEO_SERP_Monitor_lucky_numbers completed successfully.
------------------------------------------------------------
Starting SEO_SERP_Monitor_online_slots...
2026-10-06 14:00:41,891 [INFO] ============================================================
2026-10-06 14:00:41,892 [INFO] Run start: 2026-10-06T14:00:41.891920+02:00 | keyword=Online Slots
2026-10-06 14:00:41,892 [INFO] Starting Playwright with dedicated SERP Chrome profile: C:\Users\santhm\Desktop\SERP_Monitor\SERP_Monitor\scripts\serp_chrome_profile_online_slots
2026-10-06 14:00:41,892 [INFO] Headless mode: False
2026-10-06 14:00:42,435 [INFO] Persistent Chrome context ready.
2026-10-06 14:00:42,468 [INFO] GET https://www.google.com/search?q=Online+Slots&hl=en&gl=za&num=20&pws=0
2026-10-06 14:00:47,087 [INFO] SERP loaded.
2026-10-06 14:00:47,090 [INFO] SERP candidates found (H3): 10
2026-10-06 14:00:47,823 [INFO] Rank 1 | betway.co.za | Online Slots Games | Betway | Register & Get Free Spins
2026-10-06 14:00:48,608 [INFO] Rank 2 | worldsportsbetting.co.za | Online Slot Games | Play Real Money ...
2026-10-06 14:00:49,044 [INFO] Rank 3 | hollywoodbets.net | Online Slot Games
2026-10-06 14:00:49,092 [INFO] Rank 4 | play.google.com | Slots online – Apps on Google Play
2026-10-06 14:00:51,966 [INFO] Rank 5 | betolimp.co.za | Play Online Slots for Real Money in South Africa
2026-10-06 14:00:52,805 [INFO] Rank 6 | foxybingo.com | Play Online Slots UK | Foxy Games
2026-10-06 14:00:54,355 [INFO] Rank 7 | apps.apple.com | Cashman Casino Slots Games - App Store
2026-10-06 14:00:57,334 [INFO] Rank 8 | fortunesultimateslots.com | Caesars Slots – Free Slots & Online Social Casino
2026-10-06 14:01:00,128 [INFO] Rank 9 | playojo.com | Online Slots - Play slot games in UK at PlayOJO
2026-10-06 14:01:01,182 [INFO] Rank 10 | supersportbet.com | Casino Games: Slots, Aviator, Roulette & More
2026-10-06 14:01:01,182 [INFO] SERP extraction complete: 10/10 organic results
2026-10-06 14:01:01,201 [INFO] Updated 10 SERP rows for 2026-10-06 at 14:00
2026-10-06 14:01:01,227 [INFO] Excel workbook saved: C:\Users\santhm\Desktop\SERP_Monitor\SERP_Monitor\scripts\online_slots_rankings.xlsx
============================================================
HOLLYWOODBETS SEO SERP CHECK
============================================================
Keyword: Online Slots
Date: 2026-10-06
Capture hour: 14:00
Organic results collected: 10
------------------------------------------------------------
1. Betway | betway.co.za
2. Worldsportsbetting | worldsportsbetting.co.za
3. Hollywoodbets | hollywoodbets.net
4. Google Play | play.google.com
5. Betolimp | betolimp.co.za
6. Foxybingo | foxybingo.com
7. Apps | apps.apple.com
8. Fortunesultimateslots | fortunesultimateslots.com
9. Playojo | playojo.com
10. Supersportbet | supersportbet.com
------------------------------------------------------------
Hollywoodbets rank: 3
Results saved: C:\Users\santhm\Desktop\SERP_Monitor\SERP_Monitor\scripts\online_slots_rankings.xlsx
============================================================
2026-10-06 14:01:01,446 [INFO] Browser closed.
SEO_SERP_Monitor_online_slots completed successfully.
------------------------------------------------------------
Starting SEO_SERP_Monitor_soccer_betting...
2026-10-06 14:01:01,986 [INFO] ============================================================
2026-10-06 14:01:01,986 [INFO] Run start: 2026-10-06T14:01:01.986022+02:00 | keyword=Soccer Betting
2026-10-06 14:01:01,986 [INFO] Starting Playwright with dedicated SERP Chrome profile: C:\Users\santhm\Desktop\SERP_Monitor\SERP_Monitor\scripts\serp_chrome_profile_soccer_betting
2026-10-06 14:01:01,986 [INFO] Headless mode: False
2026-10-06 14:01:02,523 [INFO] Persistent Chrome context ready.
2026-10-06 14:01:02,574 [INFO] GET https://www.google.com/search?q=Soccer+Betting&hl=en&gl=za&num=20&pws=0
2026-10-06 14:01:06,513 [INFO] SERP loaded.
2026-10-06 14:01:06,515 [INFO] SERP candidates found (H3): 10
2026-10-06 14:01:07,277 [INFO] Rank 1 | betway.co.za | AI Mode reply for Soccer Betting
2026-10-06 14:01:08,094 [INFO] Rank 2 | worldsportsbetting.co.za | Soccer Betting | Premier League, PSL & More
2026-10-06 14:01:09,267 [INFO] Rank 3 | sportingbet.co.za | Soccer Betting & Football Betting South Africa
2026-10-06 14:01:10,714 [INFO] Rank 4 | bet.co.za | Sports - Soccer - Competitions
2026-10-06 14:01:11,121 [INFO] Rank 5 | hollywoodbets.net | Hollywoodbets Soccer Betting | Latest Soccer Odds
2026-10-06 14:01:12,583 [INFO] Rank 6 | 10bet.co.za | Soccer Betting South Africa | Football Odds on 10bet
2026-10-06 14:01:13,040 [INFO] Rank 7 | reddit.com | r/SoccerBetting
2026-10-06 14:01:14,558 [INFO] Rank 8 | livescore.com | Best Soccer Betting Sites South Africa | Top ZA Bookies
2026-10-06 14:01:17,058 [INFO] Rank 9 | betolimp.co.za | Soccer Betting South Africa
2026-10-06 14:01:19,368 [INFO] Rank 10 | betway.com | Football Betting & Football Odds 2026
2026-10-06 14:01:19,368 [INFO] SERP extraction complete: 10/10 organic results
2026-10-06 14:01:19,386 [INFO] Updated 10 SERP rows for 2026-10-06 at 14:00
2026-10-06 14:01:19,414 [INFO] Excel workbook saved: C:\Users\santhm\Desktop\SERP_Monitor\SERP_Monitor\scripts\soccer_betting_rankings.xlsx
============================================================
HOLLYWOODBETS SEO SERP CHECK
============================================================
Keyword: Soccer Betting
Date: 2026-10-06
Capture hour: 14:00
Organic results collected: 10
------------------------------------------------------------
1. Betway | betway.co.za
2. Worldsportsbetting | worldsportsbetting.co.za
3. Sportingbet | sportingbet.co.za
4. Bet | bet.co.za
5. Hollywoodbets | hollywoodbets.net
6. 10bet | 10bet.co.za
7. Reddit | reddit.com
8. LiveScore | livescore.com
9. Betolimp | betolimp.co.za
10. Betway | betway.com
------------------------------------------------------------
Hollywoodbets rank: 5
Results saved: C:\Users\santhm\Desktop\SERP_Monitor\SERP_Monitor\scripts\soccer_betting_rankings.xlsx
============================================================
2026-10-06 14:01:19,656 [INFO] Browser closed.
SEO_SERP_Monitor_soccer_betting completed successfully.
Starting Excel to PostgreSQL sync (first pass)...
aviator_rankings.xlsx: captures created=1, existing captures refreshed=3.
lucky_numbers_rankings.xlsx: captures created=1, existing captures refreshed=3.
online_slots_rankings.xlsx: captures created=2, existing captures refreshed=5.
soccer_betting_rankings.xlsx: captures created=1, existing captures refreshed=4.
Imported all real Excel data: captures created=5, existing captures refreshed=15.
Excel to PostgreSQL sync completed successfully (first pass).
============================================================
[2026/10/06 14:01:20,82] CAPTURE + SYNC COMPLETE
============================================================
============================================================
[2026/10/06 15:00:01,75] CAPTURE + SYNC START
============================================================
------------------------------------------------------------
Starting SEO_SERP_Monitor_aviator...
2026-10-06 15:00:02,329 [INFO] ============================================================
2026-10-06 15:00:02,329 [INFO] Run start: 2026-10-06T15:00:02.329707+02:00 | keyword=Aviator
2026-10-06 15:00:02,330 [INFO] Starting Playwright with dedicated SERP Chrome profile: C:\Users\santhm\Desktop\SERP_Monitor\SERP_Monitor\scripts\serp_chrome_profile_aviator
2026-10-06 15:00:02,330 [INFO] Headless mode: False
2026-10-06 15:00:03,268 [INFO] Persistent Chrome context ready.
2026-10-06 15:00:03,308 [INFO] GET https://www.google.com/search?q=Aviator&hl=en&gl=za&num=20&pws=0
2026-10-06 15:00:07,059 [INFO] SERP loaded.
2026-10-06 15:00:07,061 [INFO] SERP candidates found (H3): 11
2026-10-06 15:00:07,466 [INFO] Rank 1 | hollywoodbets.net | Play Aviator | Aviator Game | Hollywoodbets SA
2026-10-06 15:00:08,236 [INFO] Rank 2 | betway.co.za | Play Aviator and reach for the sky | Betway Sports betting
2026-10-06 15:00:08,270 [INFO] Rank 3 | play.google.com | Aviator – Apps on Google Play
2026-10-06 15:00:08,871 [INFO] Rank 4 | betway.co.za | Play Online Casino Games - Register ...
2026-10-06 15:00:10,003 [INFO] Rank 5 | merriam-webster.com | AI Mode replied:
2026-10-06 15:00:11,076 [INFO] Rank 6 | 10bet.co.za | Play Aviator Game Online | Crash Game by Spribe
2026-10-06 15:00:12,299 [INFO] Rank 7 | livescore.com | How to Play Aviator on Betway 2026: Get 10 Free Flights
2026-10-06 15:00:16,565 [INFO] Rank 8 | netflix.com | Watch The Aviator
2026-10-06 15:00:17,557 [INFO] Rank 9 | spribe.co | Aviator
2026-10-06 15:00:18,260 [INFO] Rank 10 | supersportbet.com | Crash Casino Games | Aviator 50 Free Bets
2026-10-06 15:00:18,260 [INFO] SERP extraction complete: 10/10 organic results
2026-10-06 15:00:18,280 [INFO] Updated 10 SERP rows for 2026-10-06 at 15:00
2026-10-06 15:00:18,307 [INFO] Excel workbook saved: C:\Users\santhm\Desktop\SERP_Monitor\SERP_Monitor\scripts\aviator_rankings.xlsx
============================================================
HOLLYWOODBETS SEO SERP CHECK
============================================================
Keyword: Aviator
Date: 2026-10-06
Capture hour: 15:00
Organic results collected: 10
------------------------------------------------------------
1. Hollywoodbets | hollywoodbets.net
2. Betway | betway.co.za
3. Google Play | play.google.com
4. Betway | betway.co.za
5. Merriam webster | merriam-webster.com
6. 10bet | 10bet.co.za
7. LiveScore | livescore.com
8. Netflix | netflix.com
9. SPRIBE | spribe.co
10. Supersportbet | supersportbet.com
------------------------------------------------------------
Hollywoodbets rank: 1
Results saved: C:\Users\santhm\Desktop\SERP_Monitor\SERP_Monitor\scripts\aviator_rankings.xlsx
============================================================
2026-10-06 15:00:18,543 [INFO] Browser closed.
SEO_SERP_Monitor_aviator completed successfully.
------------------------------------------------------------
Starting SEO_SERP_Monitor_lucky_numbers...
2026-10-06 15:00:19,095 [INFO] ============================================================
2026-10-06 15:00:19,095 [INFO] Run start: 2026-10-06T15:00:19.095089+02:00 | keyword=Lucky Numbers
2026-10-06 15:00:19,095 [INFO] Starting Playwright with dedicated SERP Chrome profile: C:\Users\santhm\Desktop\SERP_Monitor\SERP_Monitor\scripts\serp_chrome_profile_lucky_numbers
2026-10-06 15:00:19,095 [INFO] Headless mode: False
2026-10-06 15:00:19,691 [INFO] Persistent Chrome context ready.
2026-10-06 15:00:19,715 [INFO] GET https://www.google.com/search?q=Lucky+Numbers&hl=en&gl=za&num=20&pws=0
2026-10-06 15:00:23,540 [INFO] SERP loaded.
2026-10-06 15:00:23,544 [INFO] SERP candidates found (H3): 11
2026-10-06 15:00:24,229 [INFO] Rank 1 | betway.co.za | Place your Lucky Numbers bets with ...
2026-10-06 15:00:25,125 [INFO] Rank 2 | tiktok.com | AI Mode replied:
2026-10-06 15:00:25,153 [INFO] Rank 3 | play.google.com | My Lucky Numbers – Apps on Google Play
2026-10-06 15:00:25,560 [INFO] Rank 4 | hollywoodbets.net | Lucky Numbers for today
2026-10-06 15:00:26,327 [INFO] Rank 5 | worldsportsbetting.co.za | Play Powerball Online | Lucky Numbers & Jackpots
2026-10-06 15:00:27,217 [INFO] Rank 6 | luckynumber.today | Today Lucky Number
2026-10-06 15:00:28,314 [INFO] Rank 7 | supersportbet.com | Dream Guide: How to Bet on Lucky Numbers and Lotteries
2026-10-06 15:00:29,298 [INFO] Rank 8 | sportybet.co.za | Lucky numbers
2026-10-06 15:00:30,522 [INFO] Rank 9 | za.pinterest.com | Lucky numbers for lottery
2026-10-06 15:00:32,390 [INFO] Rank 10 | interbet.co.za | Play Lucky Numbers Online at Interbet
2026-10-06 15:00:32,390 [INFO] SERP extraction complete: 10/10 organic results
2026-10-06 15:00:32,406 [INFO] Updated 10 SERP rows for 2026-10-06 at 15:00
2026-10-06 15:00:32,436 [WARNING] Excel file is locked; retrying save (1/5)...
2026-10-06 15:00:33,954 [INFO] Excel workbook saved: C:\Users\santhm\Desktop\SERP_Monitor\SERP_Monitor\scripts\lucky_numbers_rankings.xlsx
============================================================
HOLLYWOODBETS SEO SERP CHECK
============================================================
Keyword: Lucky Numbers
Date: 2026-10-06
Capture hour: 15:00
Organic results collected: 10
------------------------------------------------------------
1. Betway | betway.co.za
2. Tiktok | tiktok.com
3. Google Play | play.google.com
4. Hollywoodbets | hollywoodbets.net
5. Worldsportsbetting | worldsportsbetting.co.za
6. Luckynumber | luckynumber.today
7. Supersportbet | supersportbet.com
8. Sportybet | sportybet.co.za
9. Za | za.pinterest.com
10. Interbet | interbet.co.za
------------------------------------------------------------
Hollywoodbets rank: 4
Results saved: C:\Users\santhm\Desktop\SERP_Monitor\SERP_Monitor\scripts\lucky_numbers_rankings.xlsx
============================================================
2026-10-06 15:00:34,175 [INFO] Browser closed.
SEO_SERP_Monitor_lucky_numbers completed successfully.
------------------------------------------------------------
Starting SEO_SERP_Monitor_online_slots...
2026-10-06 15:00:34,710 [INFO] ============================================================
2026-10-06 15:00:34,711 [INFO] Run start: 2026-10-06T15:00:34.710796+02:00 | keyword=Online Slots
2026-10-06 15:00:34,711 [INFO] Starting Playwright with dedicated SERP Chrome profile: C:\Users\santhm\Desktop\SERP_Monitor\SERP_Monitor\scripts\serp_chrome_profile_online_slots
2026-10-06 15:00:34,711 [INFO] Headless mode: False
2026-10-06 15:00:35,262 [INFO] Persistent Chrome context ready.
2026-10-06 15:00:35,300 [INFO] GET https://www.google.com/search?q=Online+Slots&hl=en&gl=za&num=20&pws=0
2026-10-06 15:00:39,331 [INFO] SERP loaded.
2026-10-06 15:00:39,334 [INFO] SERP candidates found (H3): 10
2026-10-06 15:00:40,163 [INFO] Rank 1 | worldsportsbetting.co.za | Online Slot Games | Play Real Money ...
2026-10-06 15:00:40,844 [INFO] Rank 2 | betway.co.za | Online Slots Games | Betway | Register & Get Free Spins
2026-10-06 15:00:41,265 [INFO] Rank 3 | hollywoodbets.net | Online Slot Games
2026-10-06 15:00:41,299 [INFO] Rank 4 | play.google.com | Slots online – Apps on Google Play
2026-10-06 15:00:43,061 [INFO] Rank 5 | fortunesultimateslots.com | Caesars Slots – Free Slots & Online Social Casino
2026-10-06 15:00:43,875 [INFO] Rank 6 | foxybingo.com | Play Online Slots UK | Foxy Games
2026-10-06 15:00:47,885 [INFO] Rank 7 | betolimp.co.za | Play Online Slots for Real Money in South Africa
2026-10-06 15:00:48,539 [INFO] Rank 8 | apps.apple.com | Cashman Casino Slots Games - App Store
2026-10-06 15:00:53,189 [INFO] Rank 9 | playojo.com | Online Slots - Play slot games in UK at PlayOJO
2026-10-06 15:00:53,834 [INFO] Rank 10 | supersportbet.com | Casino Games: Slots, Aviator, Roulette & More
2026-10-06 15:00:53,834 [INFO] SERP extraction complete: 10/10 organic results
2026-10-06 15:00:53,855 [INFO] Updated 10 SERP rows for 2026-10-06 at 15:00
2026-10-06 15:00:53,897 [INFO] Excel workbook saved: C:\Users\santhm\Desktop\SERP_Monitor\SERP_Monitor\scripts\online_slots_rankings.xlsx
============================================================
HOLLYWOODBETS SEO SERP CHECK
============================================================
Keyword: Online Slots
Date: 2026-10-06
Capture hour: 15:00
Organic results collected: 10
------------------------------------------------------------
1. Worldsportsbetting | worldsportsbetting.co.za
2. Betway | betway.co.za
3. Hollywoodbets | hollywoodbets.net
4. Google Play | play.google.com
5. Fortunesultimateslots | fortunesultimateslots.com
6. Foxybingo | foxybingo.com
7. Betolimp | betolimp.co.za
8. Apps | apps.apple.com
9. Playojo | playojo.com
10. Supersportbet | supersportbet.com
------------------------------------------------------------
Hollywoodbets rank: 3
Results saved: C:\Users\santhm\Desktop\SERP_Monitor\SERP_Monitor\scripts\online_slots_rankings.xlsx
============================================================
2026-10-06 15:00:54,284 [INFO] Browser closed.
SEO_SERP_Monitor_online_slots completed successfully.
------------------------------------------------------------
Starting SEO_SERP_Monitor_soccer_betting...
2026-10-06 15:00:54,814 [INFO] ============================================================
2026-10-06 15:00:54,814 [INFO] Run start: 2026-10-06T15:00:54.814182+02:00 | keyword=Soccer Betting
2026-10-06 15:00:54,814 [INFO] Starting Playwright with dedicated SERP Chrome profile: C:\Users\santhm\Desktop\SERP_Monitor\SERP_Monitor\scripts\serp_chrome_profile_soccer_betting
2026-10-06 15:00:54,814 [INFO] Headless mode: False
2026-10-06 15:00:55,342 [INFO] Persistent Chrome context ready.
2026-10-06 15:00:55,397 [INFO] GET https://www.google.com/search?q=Soccer+Betting&hl=en&gl=za&num=20&pws=0
2026-10-06 15:00:59,287 [INFO] SERP loaded.
2026-10-06 15:00:59,289 [INFO] SERP candidates found (H3): 10
2026-10-06 15:01:00,375 [INFO] Rank 1 | 10bet.co.za | AI Mode reply for Soccer Betting
2026-10-06 15:01:01,213 [INFO] Rank 2 | worldsportsbetting.co.za | Soccer Betting | Premier League, PSL & More
2026-10-06 15:01:02,865 [INFO] Rank 3 | sportingbet.co.za | Soccer Betting & Football Betting South Africa
2026-10-06 15:01:03,556 [INFO] Rank 4 | bet.co.za | Sports - Soccer - Competitions
2026-10-06 15:01:03,969 [INFO] Rank 5 | hollywoodbets.net | Hollywoodbets Soccer Betting | Latest Soccer Odds
2026-10-06 15:01:12,930 [INFO] Rank 6 | betway.com | Football Betting & Football Odds 2026
2026-10-06 15:01:16,930 [INFO] Rank 7 | sportpesa.co.za | Soccer betting odds | SportPesa South Africa
2026-10-06 15:01:17,630 [INFO] Rank 8 | reddit.com | r/SoccerBetting
2026-10-06 15:01:19,429 [INFO] Rank 9 | livescore.com | Best Soccer Betting Sites South Africa | Top ZA Bookies
2026-10-06 15:01:19,429 [INFO] SERP extraction complete: 9/10 organic results
2026-10-06 15:01:19,451 [INFO] Updated 9 SERP rows for 2026-10-06 at 15:00
2026-10-06 15:01:19,480 [INFO] Excel workbook saved: C:\Users\santhm\Desktop\SERP_Monitor\SERP_Monitor\scripts\soccer_betting_rankings.xlsx
============================================================
HOLLYWOODBETS SEO SERP CHECK
============================================================
Keyword: Soccer Betting
Date: 2026-10-06
Capture hour: 15:00
Organic results collected: 9
------------------------------------------------------------
1. 10bet | 10bet.co.za
2. Worldsportsbetting | worldsportsbetting.co.za
3. Sportingbet | sportingbet.co.za
4. Bet | bet.co.za
5. Hollywoodbets | hollywoodbets.net
6. Betway | betway.com
7. Sportpesa | sportpesa.co.za
8. Reddit | reddit.com
9. LiveScore | livescore.com
------------------------------------------------------------
Hollywoodbets rank: 5
Results saved: C:\Users\santhm\Desktop\SERP_Monitor\SERP_Monitor\scripts\soccer_betting_rankings.xlsx
============================================================
2026-10-06 15:01:19,740 [INFO] Browser closed.
SEO_SERP_Monitor_soccer_betting completed successfully.
Starting Excel to PostgreSQL sync (first pass)...
aviator_rankings.xlsx: SYNC SKIPPED: (psycopg.OperationalError) failed to resolve host 'host.docker.internal': [Errno 11001] getaddrinfo failed
(Background on this error at: https://sqlalche.me/e/20/e3q8)
lucky_numbers_rankings.xlsx: SYNC SKIPPED: (psycopg.OperationalError) failed to resolve host 'host.docker.internal': [Errno 11001] getaddrinfo failed
(Background on this error at: https://sqlalche.me/e/20/e3q8)
online_slots_rankings.xlsx: SYNC SKIPPED: (psycopg.OperationalError) failed to resolve host 'host.docker.internal': [Errno 11001] getaddrinfo failed
(Background on this error at: https://sqlalche.me/e/20/e3q8)
soccer_betting_rankings.xlsx: SYNC SKIPPED: (psycopg.OperationalError) failed to resolve host 'host.docker.internal': [Errno 11001] getaddrinfo failed
(Background on this error at: https://sqlalche.me/e/20/e3q8)
Imported all real Excel data: captures created=0, existing captures refreshed=0.
Excel to PostgreSQL sync completed successfully (first pass).
============================================================
[2026/10/06 15:01:20,87] CAPTURE + SYNC COMPLETE
============================================================
============================================================
[2026/10/06 15:04:06,69] CAPTURE + SYNC START
============================================================
------------------------------------------------------------
Starting SEO_SERP_Monitor_aviator...
2026-10-06 15:04:07,220 [INFO] ============================================================
2026-10-06 15:04:07,220 [INFO] Run start: 2026-10-06T15:04:07.220320+02:00 | keyword=Aviator
2026-10-06 15:04:07,220 [INFO] Starting Playwright with dedicated SERP Chrome profile: C:\Users\santhm\Desktop\SERP_Monitor\SERP_Monitor\scripts\serp_chrome_profile_aviator
2026-10-06 15:04:07,220 [INFO] Headless mode: False
2026-10-06 15:04:07,919 [INFO] Persistent Chrome context ready.
2026-10-06 15:04:07,971 [INFO] GET https://www.google.com/search?q=Aviator&hl=en&gl=za&num=20&pws=0
2026-10-06 15:04:11,850 [INFO] SERP loaded.
2026-10-06 15:04:11,853 [INFO] SERP candidates found (H3): 11
2026-10-06 15:04:12,263 [INFO] Rank 1 | hollywoodbets.net | Play Aviator | Aviator Game | Hollywoodbets SA
2026-10-06 15:04:12,946 [INFO] Rank 2 | betway.co.za | Play Aviator and reach for the sky | Betway Sports betting
2026-10-06 15:04:12,990 [INFO] Rank 3 | play.google.com | Aviator – Apps on Google Play
2026-10-06 15:04:13,621 [INFO] Rank 4 | betway.co.za | Play Online Casino Games - Register ...
2026-10-06 15:04:14,117 [INFO] Rank 5 | merriam-webster.com | AI Mode replied:
2026-10-06 15:04:15,866 [INFO] Rank 6 | 10bet.co.za | Play Aviator Game Online | Crash Game by Spribe
2026-10-06 15:04:16,292 [INFO] Rank 7 | livescore.com | How to Play Aviator on Betway 2026: Get 10 Free Flights
2026-10-06 15:04:20,795 [INFO] Rank 8 | netflix.com | Watch The Aviator
2026-10-06 15:04:22,352 [INFO] Rank 9 | spribe.co | Aviator
2026-10-06 15:04:22,956 [INFO] Rank 10 | supersportbet.com | Crash Casino Games | Aviator 50 Free Bets
2026-10-06 15:04:22,956 [INFO] SERP extraction complete: 10/10 organic results
2026-10-06 15:04:22,976 [INFO] Updated 10 SERP rows for 2026-10-06 at 15:00
2026-10-06 15:04:23,003 [WARNING] Excel file is locked; retrying save (1/5)...
2026-10-06 15:04:24,525 [INFO] Excel workbook saved: C:\Users\santhm\Desktop\SERP_Monitor\SERP_Monitor\scripts\aviator_rankings.xlsx
============================================================
HOLLYWOODBETS SEO SERP CHECK
============================================================
Keyword: Aviator
Date: 2026-10-06
Capture hour: 15:00
Organic results collected: 10
------------------------------------------------------------
1. Hollywoodbets | hollywoodbets.net
2. Betway | betway.co.za
3. Google Play | play.google.com
4. Betway | betway.co.za
5. Merriam webster | merriam-webster.com
6. 10bet | 10bet.co.za
7. LiveScore | livescore.com
8. Netflix | netflix.com
9. SPRIBE | spribe.co
10. Supersportbet | supersportbet.com
------------------------------------------------------------
Hollywoodbets rank: 1
Results saved: C:\Users\santhm\Desktop\SERP_Monitor\SERP_Monitor\scripts\aviator_rankings.xlsx
============================================================
2026-10-06 15:04:24,751 [INFO] Browser closed.
SEO_SERP_Monitor_aviator completed successfully.
------------------------------------------------------------
Starting SEO_SERP_Monitor_lucky_numbers...
2026-10-06 15:04:25,266 [INFO] ============================================================
2026-10-06 15:04:25,266 [INFO] Run start: 2026-10-06T15:04:25.266069+02:00 | keyword=Lucky Numbers
2026-10-06 15:04:25,266 [INFO] Starting Playwright with dedicated SERP Chrome profile: C:\Users\santhm\Desktop\SERP_Monitor\SERP_Monitor\scripts\serp_chrome_profile_lucky_numbers
2026-10-06 15:04:25,266 [INFO] Headless mode: False
2026-10-06 15:04:25,863 [INFO] Persistent Chrome context ready.
2026-10-06 15:04:25,886 [INFO] GET https://www.google.com/search?q=Lucky+Numbers&hl=en&gl=za&num=20&pws=0
2026-10-06 15:04:30,906 [INFO] SERP loaded.
2026-10-06 15:04:30,910 [INFO] SERP candidates found (H3): 11
2026-10-06 15:04:33,972 [INFO] Rank 1 | betway.co.za | Place your Lucky Numbers bets with ...
2026-10-06 15:04:34,709 [INFO] Rank 2 | tiktok.com | AI Mode replied:
2026-10-06 15:04:34,734 [INFO] Rank 3 | play.google.com | My Lucky Numbers – Apps on Google Play
2026-10-06 15:04:41,678 [INFO] Rank 4 | hollywoodbets.net | Lucky Numbers for today
2026-10-06 15:04:42,387 [INFO] Rank 5 | worldsportsbetting.co.za | Play Powerball Online | Lucky Numbers & Jackpots
2026-10-06 15:04:43,395 [INFO] Rank 6 | luckynumber.today | Today Lucky Number
2026-10-06 15:04:44,499 [INFO] Rank 7 | supersportbet.com | Dream Guide: How to Bet on Lucky Numbers and Lotteries
2026-10-06 15:04:45,972 [INFO] Rank 8 | sportybet.co.za | Lucky numbers
2026-10-06 15:04:47,108 [INFO] Rank 9 | za.pinterest.com | Lucky numbers for lottery
2026-10-06 15:04:49,077 [INFO] Rank 10 | en.wikipedia.org | Lucky number
2026-10-06 15:04:49,077 [INFO] SERP extraction complete: 10/10 organic results
2026-10-06 15:04:49,093 [INFO] Updated 10 SERP rows for 2026-10-06 at 15:00
2026-10-06 15:04:49,118 [INFO] Excel workbook saved: C:\Users\santhm\Desktop\SERP_Monitor\SERP_Monitor\scripts\lucky_numbers_rankings.xlsx
============================================================
HOLLYWOODBETS SEO SERP CHECK
============================================================
Keyword: Lucky Numbers
Date: 2026-10-06
Capture hour: 15:00
Organic results collected: 10
------------------------------------------------------------
1. Betway | betway.co.za
2. Tiktok | tiktok.com
3. Google Play | play.google.com
4. Hollywoodbets | hollywoodbets.net
5. Worldsportsbetting | worldsportsbetting.co.za
6. Luckynumber | luckynumber.today
7. Supersportbet | supersportbet.com
8. Sportybet | sportybet.co.za
9. Za | za.pinterest.com
10. En | en.wikipedia.org
------------------------------------------------------------
Hollywoodbets rank: 4
Results saved: C:\Users\santhm\Desktop\SERP_Monitor\SERP_Monitor\scripts\lucky_numbers_rankings.xlsx
============================================================
2026-10-06 15:04:49,460 [INFO] Browser closed.
SEO_SERP_Monitor_lucky_numbers completed successfully.
------------------------------------------------------------
Starting SEO_SERP_Monitor_online_slots...
2026-10-06 15:04:50,042 [INFO] ============================================================
2026-10-06 15:04:50,042 [INFO] Run start: 2026-10-06T15:04:50.042383+02:00 | keyword=Online Slots
2026-10-06 15:04:50,042 [INFO] Starting Playwright with dedicated SERP Chrome profile: C:\Users\santhm\Desktop\SERP_Monitor\SERP_Monitor\scripts\serp_chrome_profile_online_slots
2026-10-06 15:04:50,042 [INFO] Headless mode: False
2026-10-06 15:04:50,606 [INFO] Persistent Chrome context ready.
2026-10-06 15:04:50,629 [INFO] GET https://www.google.com/search?q=Online+Slots&hl=en&gl=za&num=20&pws=0
2026-10-06 15:04:54,379 [INFO] SERP loaded.
2026-10-06 15:04:54,381 [INFO] SERP candidates found (H3): 10
2026-10-06 15:04:55,053 [INFO] Rank 1 | betway.co.za | Online Slots Games | Betway | Register & Get Free Spins
2026-10-06 15:04:55,648 [INFO] Rank 2 | hollywoodbets.net | Online Slot Games
2026-10-06 15:04:55,683 [INFO] Rank 3 | play.google.com | Slots online – Apps on Google Play
2026-10-06 15:04:56,102 [INFO] Rank 4 | foxybingo.com | Play Online Slots UK | Foxy Games
2026-10-06 15:05:00,187 [INFO] Rank 5 | betolimp.co.za | Play Online Slots for Real Money in South Africa
2026-10-06 15:05:02,609 [INFO] Rank 6 | playojo.com | Online Slots - Play slot games in UK at PlayOJO
2026-10-06 15:05:03,697 [INFO] Rank 7 | playtsogo.co.za | playTSOGO | Online Sportsbook Betting in South Africa
2026-10-06 15:05:05,411 [INFO] Rank 8 | youtube.com | Most Popular Online Slots: Top 5 Games You Need to Try!
2026-10-06 15:05:36,709 [INFO] Rank 9 | supersportbet.com | Online Casino Games | Slots, Crash & Live Dealer
2026-10-06 15:05:36,709 [INFO] SERP extraction complete: 9/10 organic results
2026-10-06 15:05:36,730 [INFO] Updated 9 SERP rows for 2026-10-06 at 15:00
2026-10-06 15:05:36,757 [WARNING] Excel file is locked; retrying save (1/5)...
2026-10-06 15:05:38,274 [INFO] Excel workbook saved: C:\Users\santhm\Desktop\SERP_Monitor\SERP_Monitor\scripts\online_slots_rankings.xlsx
============================================================
HOLLYWOODBETS SEO SERP CHECK
============================================================
Keyword: Online Slots
Date: 2026-10-06
Capture hour: 15:00
Organic results collected: 9
------------------------------------------------------------
1. Betway | betway.co.za
2. Hollywoodbets | hollywoodbets.net
3. Google Play | play.google.com
4. Foxybingo | foxybingo.com
5. Betolimp | betolimp.co.za
6. Playojo | playojo.com
7. Playtsogo | playtsogo.co.za
8. Youtube | youtube.com
9. Supersportbet | supersportbet.com
------------------------------------------------------------
Hollywoodbets rank: 2
Results saved: C:\Users\santhm\Desktop\SERP_Monitor\SERP_Monitor\scripts\online_slots_rankings.xlsx
============================================================
2026-10-06 15:05:38,522 [INFO] Browser closed.
SEO_SERP_Monitor_online_slots completed successfully.
------------------------------------------------------------
Starting SEO_SERP_Monitor_soccer_betting...
============================================================
[2026/10/06 15:36:33,96] CAPTURE + SYNC START
============================================================
------------------------------------------------------------
Starting SEO_SERP_Monitor_aviator...
2026-10-06 15:36:34,518 [INFO] ============================================================
2026-10-06 15:36:34,518 [INFO] Run start: 2026-10-06T15:36:34.518261+02:00 | keyword=Aviator
2026-10-06 15:36:34,518 [INFO] Starting Playwright with dedicated SERP Chrome profile: C:\Users\santhm\Desktop\SERP_Monitor\SERP_Monitor\scripts\serp_chrome_profile_aviator
2026-10-06 15:36:34,518 [INFO] Headless mode: False
2026-10-06 15:36:35,201 [INFO] Persistent Chrome context ready.
2026-10-06 15:36:35,279 [INFO] GET https://www.google.com/search?q=Aviator&hl=en&gl=za&num=20&pws=0
2026-10-06 15:36:39,109 [INFO] SERP loaded.
2026-10-06 15:36:39,112 [INFO] SERP candidates found (H3): 11
2026-10-06 15:36:39,832 [INFO] Rank 1 | hollywoodbets.net | Play Aviator | Aviator Game | Hollywoodbets SA
2026-10-06 15:36:40,558 [INFO] Rank 2 | betway.co.za | Play Online Casino Games - Register ...
2026-10-06 15:36:41,737 [INFO] Rank 3 | merriam-webster.com | AI Mode replied:
2026-10-06 15:36:42,373 [INFO] Rank 4 | betway.co.za | Play Aviator and reach for the sky | Betway Sports betting
2026-10-06 15:36:42,417 [INFO] Rank 5 | play.google.com | Aviator – Apps on Google Play
2026-10-06 15:36:43,687 [INFO] Rank 6 | 10bet.co.za | Play Aviator Game Online | Crash Game by Spribe
2026-10-06 15:36:45,063 [INFO] Rank 7 | livescore.com | How to Play Aviator on Betway 2026: Get 10 Free Flights
2026-10-06 15:36:49,052 [INFO] Rank 8 | netflix.com | Watch The Aviator
2026-10-06 15:36:50,485 [INFO] Rank 9 | lottostar.co.za | Aviator | Quick Games
2026-10-06 15:36:51,245 [INFO] Rank 10 | spribe.co | Aviator
2026-10-06 15:36:51,246 [INFO] SERP extraction complete: 10/10 organic results
2026-10-06 15:36:51,261 [INFO] Updated 10 SERP rows for 2026-10-06 at 15:00
2026-10-06 15:36:51,291 [INFO] Excel workbook saved: C:\Users\santhm\Desktop\SERP_Monitor\SERP_Monitor\scripts\aviator_rankings.xlsx
============================================================
HOLLYWOODBETS SEO SERP CHECK
============================================================
Keyword: Aviator
Date: 2026-10-06
Capture hour: 15:00
Organic results collected: 10
------------------------------------------------------------
1. Hollywoodbets | hollywoodbets.net
2. Betway | betway.co.za
3. Merriam webster | merriam-webster.com
4. Betway | betway.co.za
5. Google Play | play.google.com
6. 10bet | 10bet.co.za
7. LiveScore | livescore.com
8. Netflix | netflix.com
9. Lottostar | lottostar.co.za
10. SPRIBE | spribe.co
------------------------------------------------------------
Hollywoodbets rank: 1
Results saved: C:\Users\santhm\Desktop\SERP_Monitor\SERP_Monitor\scripts\aviator_rankings.xlsx
============================================================
2026-10-06 15:36:51,641 [INFO] Browser closed.
SEO_SERP_Monitor_aviator completed successfully.
------------------------------------------------------------
Starting SEO_SERP_Monitor_lucky_numbers...
2026-10-06 15:36:52,171 [INFO] ============================================================
2026-10-06 15:36:52,171 [INFO] Run start: 2026-10-06T15:36:52.171106+02:00 | keyword=Lucky Numbers
2026-10-06 15:36:52,171 [INFO] Starting Playwright with dedicated SERP Chrome profile: C:\Users\santhm\Desktop\SERP_Monitor\SERP_Monitor\scripts\serp_chrome_profile_lucky_numbers
2026-10-06 15:36:52,171 [INFO] Headless mode: False
2026-10-06 15:36:53,159 [INFO] Persistent Chrome context ready.
2026-10-06 15:36:53,184 [INFO] GET https://www.google.com/search?q=Lucky+Numbers&hl=en&gl=za&num=20&pws=0
2026-10-06 15:36:56,811 [INFO] SERP loaded.
2026-10-06 15:36:56,813 [INFO] SERP candidates found (H3): 11
2026-10-06 15:36:57,563 [INFO] Rank 1 | betway.co.za | Place your Lucky Numbers bets with ...
2026-10-06 15:36:58,314 [INFO] Rank 2 | tiktok.com | AI Mode replied:
2026-10-06 15:36:58,342 [INFO] Rank 3 | play.google.com | My Lucky Numbers – Apps on Google Play
2026-10-06 15:36:58,770 [INFO] Rank 4 | hollywoodbets.net | Lucky Numbers for today
2026-10-06 15:36:59,487 [INFO] Rank 5 | worldsportsbetting.co.za | Play Powerball Online | Lucky Numbers & Jackpots
2026-10-06 15:37:00,485 [INFO] Rank 6 | luckynumber.today | Today Lucky Number
2026-10-06 15:37:01,689 [INFO] Rank 7 | supersportbet.com | Dream Guide: How to Bet on Lucky Numbers and Lotteries
2026-10-06 15:37:03,383 [INFO] Rank 8 | sportybet.co.za | Lucky numbers
2026-10-06 15:37:05,129 [INFO] Rank 9 | za.pinterest.com | Lucky numbers for lottery
2026-10-06 15:37:07,553 [INFO] Rank 10 | interbet.co.za | Play Lucky Numbers Online at Interbet
2026-10-06 15:37:07,553 [INFO] SERP extraction complete: 10/10 organic results
2026-10-06 15:37:07,566 [INFO] Updated 10 SERP rows for 2026-10-06 at 15:00
2026-10-06 15:37:07,592 [INFO] Excel workbook saved: C:\Users\santhm\Desktop\SERP_Monitor\SERP_Monitor\scripts\lucky_numbers_rankings.xlsx
============================================================
HOLLYWOODBETS SEO SERP CHECK
============================================================
Keyword: Lucky Numbers
Date: 2026-10-06
Capture hour: 15:00
Organic results collected: 10
------------------------------------------------------------
1. Betway | betway.co.za
2. Tiktok | tiktok.com
3. Google Play | play.google.com
4. Hollywoodbets | hollywoodbets.net
5. Worldsportsbetting | worldsportsbetting.co.za
6. Luckynumber | luckynumber.today
7. Supersportbet | supersportbet.com
8. Sportybet | sportybet.co.za
9. Za | za.pinterest.com
10. Interbet | interbet.co.za
------------------------------------------------------------
Hollywoodbets rank: 4
Results saved: C:\Users\santhm\Desktop\SERP_Monitor\SERP_Monitor\scripts\lucky_numbers_rankings.xlsx
============================================================
2026-10-06 15:37:07,890 [INFO] Browser closed.
SEO_SERP_Monitor_lucky_numbers completed successfully.
------------------------------------------------------------
Starting SEO_SERP_Monitor_online_slots...
2026-10-06 15:37:08,463 [INFO] ============================================================
2026-10-06 15:37:08,463 [INFO] Run start: 2026-10-06T15:37:08.463722+02:00 | keyword=Online Slots
2026-10-06 15:37:08,464 [INFO] Starting Playwright with dedicated SERP Chrome profile: C:\Users\santhm\Desktop\SERP_Monitor\SERP_Monitor\scripts\serp_chrome_profile_online_slots
2026-10-06 15:37:08,464 [INFO] Headless mode: False
2026-10-06 15:37:09,478 [INFO] Persistent Chrome context ready.
2026-10-06 15:37:09,503 [INFO] GET https://www.google.com/search?q=Online+Slots&hl=en&gl=za&num=20&pws=0
2026-10-06 15:37:13,306 [INFO] SERP loaded.
2026-10-06 15:37:13,309 [INFO] SERP candidates found (H3): 10
2026-10-06 15:37:14,076 [INFO] Rank 1 | worldsportsbetting.co.za | Online Slot Games | Play Real Money ...
2026-10-06 15:37:14,748 [INFO] Rank 2 | betway.co.za | Online Slots Games | Betway | Register & Get Free Spins
2026-10-06 15:37:15,166 [INFO] Rank 3 | hollywoodbets.net | Online Slot Games
2026-10-06 15:37:15,199 [INFO] Rank 4 | play.google.com | Slots online – Apps on Google Play
2026-10-06 15:37:16,991 [INFO] Rank 5 | fortunesultimateslots.com | Caesars Slots – Free Slots & Online Social Casino
2026-10-06 15:37:18,166 [INFO] Rank 6 | foxybingo.com | Play Online Slots UK | Foxy Games
2026-10-06 15:37:24,719 [INFO] Rank 7 | betolimp.co.za | Play Online Slots for Real Money in South Africa
2026-10-06 15:37:26,998 [INFO] Rank 8 | apps.apple.com | Cashman Casino Slots Games - App Store
2026-10-06 15:37:43,682 [INFO] Rank 9 | playojo.com | Online Slots - Play slot games in UK at PlayOJO
2026-10-06 15:37:44,981 [INFO] Rank 10 | supersportbet.com | Casino Games: Slots, Aviator, Roulette & More
2026-10-06 15:37:44,981 [INFO] SERP extraction complete: 10/10 organic results
2026-10-06 15:37:44,995 [INFO] Updated 10 SERP rows for 2026-10-06 at 15:00
2026-10-06 15:37:45,019 [INFO] Excel workbook saved: C:\Users\santhm\Desktop\SERP_Monitor\SERP_Monitor\scripts\online_slots_rankings.xlsx
============================================================
HOLLYWOODBETS SEO SERP CHECK
============================================================
Keyword: Online Slots
Date: 2026-10-06
Capture hour: 15:00
Organic results collected: 10
------------------------------------------------------------
1. Worldsportsbetting | worldsportsbetting.co.za
2. Betway | betway.co.za
3. Hollywoodbets | hollywoodbets.net
4. Google Play | play.google.com
5. Fortunesultimateslots | fortunesultimateslots.com
6. Foxybingo | foxybingo.com
7. Betolimp | betolimp.co.za
8. Apps | apps.apple.com
9. Playojo | playojo.com
10. Supersportbet | supersportbet.com
------------------------------------------------------------
Hollywoodbets rank: 3
Results saved: C:\Users\santhm\Desktop\SERP_Monitor\SERP_Monitor\scripts\online_slots_rankings.xlsx
============================================================
2026-10-06 15:37:45,289 [INFO] Browser closed.
SEO_SERP_Monitor_online_slots completed successfully.
------------------------------------------------------------
Starting SEO_SERP_Monitor_soccer_betting...
2026-10-06 15:37:45,832 [INFO] ============================================================
2026-10-06 15:37:45,832 [INFO] Run start: 2026-10-06T15:37:45.832616+02:00 | keyword=Soccer Betting
2026-10-06 15:37:45,833 [INFO] Starting Playwright with dedicated SERP Chrome profile: C:\Users\santhm\Desktop\SERP_Monitor\SERP_Monitor\scripts\serp_chrome_profile_soccer_betting
2026-10-06 15:37:45,833 [INFO] Headless mode: False
2026-10-06 15:37:46,751 [INFO] Persistent Chrome context ready.
2026-10-06 15:37:46,811 [INFO] GET https://www.google.com/search?q=Soccer+Betting&hl=en&gl=za&num=20&pws=0
2026-10-06 15:37:50,626 [INFO] SERP loaded.
2026-10-06 15:37:50,629 [INFO] SERP candidates found (H3): 9
2026-10-06 15:37:51,392 [INFO] Rank 1 | worldsportsbetting.co.za | Soccer Betting | Premier League, PSL & More
2026-10-06 15:37:52,508 [INFO] Rank 2 | sportingbet.co.za | Soccer Betting & Football Betting South Africa
2026-10-06 15:37:58,214 [INFO] Rank 3 | bet.co.za | Sports - Soccer - Competitions
2026-10-06 15:38:01,655 [INFO] Rank 4 | betolimp.co.za | Soccer Betting South Africa
2026-10-06 15:38:02,996 [INFO] Rank 5 | livescore.com | AI Mode replied:
2026-10-06 15:38:04,873 [INFO] Rank 6 | betway.com | Football Betting & Football Odds 2026
2026-10-06 15:38:05,571 [INFO] Rank 7 | easybet.co.za | Soccer
2026-10-06 15:38:07,539 [INFO] Rank 8 | sportpesa.co.za | Soccer betting odds | SportPesa South Africa
2026-10-06 15:38:09,458 [INFO] Rank 9 | youtube.com | How To Bet On Soccer - The Complete Guide
2026-10-06 15:38:09,458 [INFO] SERP extraction complete: 9/10 organic results
2026-10-06 15:38:09,472 [INFO] Updated 9 SERP rows for 2026-10-06 at 15:00
2026-10-06 15:38:09,495 [INFO] Excel workbook saved: C:\Users\santhm\Desktop\SERP_Monitor\SERP_Monitor\scripts\soccer_betting_rankings.xlsx
============================================================
HOLLYWOODBETS SEO SERP CHECK
============================================================
Keyword: Soccer Betting
Date: 2026-10-06
Capture hour: 15:00
Organic results collected: 9
------------------------------------------------------------
1. Worldsportsbetting | worldsportsbetting.co.za
2. Sportingbet | sportingbet.co.za
3. Bet | bet.co.za
4. Betolimp | betolimp.co.za
5. LiveScore | livescore.com
6. Betway | betway.com
7. Easybet | easybet.co.za
8. Sportpesa | sportpesa.co.za
9. Youtube | youtube.com
------------------------------------------------------------
Hollywoodbets rank: None
Results saved: C:\Users\santhm\Desktop\SERP_Monitor\SERP_Monitor\scripts\soccer_betting_rankings.xlsx
============================================================
2026-10-06 15:38:09,734 [INFO] Browser closed.
SEO_SERP_Monitor_soccer_betting completed successfully.
Starting Excel to PostgreSQL sync (first pass)...
aviator_rankings.xlsx: captures created=0, existing captures refreshed=1.
lucky_numbers_rankings.xlsx: captures created=0, existing captures refreshed=1.
online_slots_rankings.xlsx: captures created=0, existing captures refreshed=1.
soccer_betting_rankings.xlsx: captures created=0, existing captures refreshed=4.
Imported all real Excel data: captures created=0, existing captures refreshed=7.
Excel to PostgreSQL sync completed successfully (first pass).
============================================================
[2026/10/06 15:38:10,92] CAPTURE + SYNC COMPLETE
============================================================
============================================================
[2026/10/06 16:00:02,84] CAPTURE + SYNC START
============================================================
------------------------------------------------------------
Starting SEO_SERP_Monitor_aviator...
2026-10-06 16:00:03,380 [INFO] ============================================================
2026-10-06 16:00:03,381 [INFO] Run start: 2026-10-06T16:00:03.380396+02:00 | keyword=Aviator
2026-10-06 16:00:03,382 [INFO] Starting Playwright with dedicated SERP Chrome profile: C:\Users\santhm\Desktop\SERP_Monitor\SERP_Monitor\scripts\serp_chrome_profile_aviator
2026-10-06 16:00:03,382 [INFO] Headless mode: False
2026-10-06 16:00:04,296 [INFO] Persistent Chrome context ready.
2026-10-06 16:00:04,334 [INFO] GET https://www.google.com/search?q=Aviator&hl=en&gl=za&num=20&pws=0
2026-10-06 16:00:08,023 [INFO] SERP loaded.
2026-10-06 16:00:08,026 [INFO] SERP candidates found (H3): 11
2026-10-06 16:00:08,544 [INFO] Rank 1 | hollywoodbets.net | Play Aviator | Aviator Game | Hollywoodbets SA
2026-10-06 16:00:09,226 [INFO] Rank 2 | betway.co.za | Play Online Casino Games - Register ...
2026-10-06 16:00:10,385 [INFO] Rank 3 | merriam-webster.com | AI Mode replied:
2026-10-06 16:00:11,677 [INFO] Rank 4 | 10bet.co.za | Play Aviator Game Online | Crash Game by Spribe
2026-10-06 16:00:12,359 [INFO] Rank 5 | betway.co.za | Play Aviator and reach for the sky | Betway Sports betting
2026-10-06 16:00:13,268 [INFO] Rank 6 | livescore.com | How to Play Aviator on Betway 2026: Get 10 Free Flights
2026-10-06 16:00:14,288 [INFO] Rank 7 | spribe.co | Aviator
2026-10-06 16:00:17,859 [INFO] Rank 8 | aviator.aero | AVIATOR | Airline Market Intelligence
2026-10-06 16:00:20,254 [INFO] Rank 9 | aviator.co | Aviator — Ship AI-generated code at velocity you trust
2026-10-06 16:00:22,776 [INFO] Rank 10 | youtube.com | Betway Aviator - Picking up a Quick Big Win
2026-10-06 16:00:22,776 [INFO] SERP extraction complete: 10/10 organic results
2026-10-06 16:00:22,789 [INFO] Updated 10 SERP rows for 2026-10-06 at 16:00
2026-10-06 16:00:22,813 [INFO] Excel workbook saved: C:\Users\santhm\Desktop\SERP_Monitor\SERP_Monitor\scripts\aviator_rankings.xlsx
============================================================
HOLLYWOODBETS SEO SERP CHECK
============================================================
Keyword: Aviator
Date: 2026-10-06
Capture hour: 16:00
Organic results collected: 10
------------------------------------------------------------
1. Hollywoodbets | hollywoodbets.net
2. Betway | betway.co.za
3. Merriam webster | merriam-webster.com
4. 10bet | 10bet.co.za
5. Betway | betway.co.za
6. LiveScore | livescore.com
7. SPRIBE | spribe.co
8. Aviator | aviator.aero
9. Aviator | aviator.co
10. Youtube | youtube.com
------------------------------------------------------------
Hollywoodbets rank: 1
Results saved: C:\Users\santhm\Desktop\SERP_Monitor\SERP_Monitor\scripts\aviator_rankings.xlsx
============================================================
2026-10-06 16:00:23,090 [INFO] Browser closed.
SEO_SERP_Monitor_aviator completed successfully.
------------------------------------------------------------
Starting SEO_SERP_Monitor_lucky_numbers...
2026-10-06 16:00:23,639 [INFO] ============================================================
2026-10-06 16:00:23,639 [INFO] Run start: 2026-10-06T16:00:23.639402+02:00 | keyword=Lucky Numbers
2026-10-06 16:00:23,639 [INFO] Starting Playwright with dedicated SERP Chrome profile: C:\Users\santhm\Desktop\SERP_Monitor\SERP_Monitor\scripts\serp_chrome_profile_lucky_numbers
2026-10-06 16:00:23,639 [INFO] Headless mode: False
2026-10-06 16:00:24,222 [INFO] Persistent Chrome context ready.
2026-10-06 16:00:24,251 [INFO] GET https://www.google.com/search?q=Lucky+Numbers&hl=en&gl=za&num=20&pws=0
2026-10-06 16:00:28,092 [INFO] SERP loaded.
2026-10-06 16:00:28,095 [INFO] SERP candidates found (H3): 11
2026-10-06 16:00:28,804 [INFO] Rank 1 | betway.co.za | Place your Lucky Numbers bets with ...
2026-10-06 16:00:29,749 [INFO] Rank 2 | tiktok.com | AI Mode replied:
2026-10-06 16:00:29,778 [INFO] Rank 3 | play.google.com | Today Lucky Numbers – Apps on Google Play
2026-10-06 16:00:30,249 [INFO] Rank 4 | hollywoodbets.net | Lucky Numbers for today
2026-10-06 16:00:30,957 [INFO] Rank 5 | worldsportsbetting.co.za | Play Powerball Online | Lucky Numbers & Jackpots
2026-10-06 16:00:31,968 [INFO] Rank 6 | luckynumber.today | Lucky Numbers
2026-10-06 16:00:33,939 [INFO] Rank 7 | en.wikipedia.org | Lucky number
2026-10-06 16:00:35,019 [INFO] Rank 8 | za.pinterest.com | Lucky numbers for lottery
2026-10-06 16:00:35,355 [INFO] Rank 9 | aiminghigh.aimssec.ac.za | LUCKY NUMBERS HELP - Lesson Activities
2026-10-06 16:00:36,993 [INFO] Rank 10 | yesplay.bet | Check Winning Lottery Numbers Online - Lottery Results List
2026-10-06 16:00:36,993 [INFO] SERP extraction complete: 10/10 organic results
2026-10-06 16:00:37,011 [INFO] Updated 10 SERP rows for 2026-10-06 at 16:00
2026-10-06 16:00:37,035 [INFO] Excel workbook saved: C:\Users\santhm\Desktop\SERP_Monitor\SERP_Monitor\scripts\lucky_numbers_rankings.xlsx
============================================================
HOLLYWOODBETS SEO SERP CHECK
============================================================
Keyword: Lucky Numbers
Date: 2026-10-06
Capture hour: 16:00
Organic results collected: 10
------------------------------------------------------------
1. Betway | betway.co.za
2. Tiktok | tiktok.com
3. Google Play | play.google.com
4. Hollywoodbets | hollywoodbets.net
5. Worldsportsbetting | worldsportsbetting.co.za
6. Luckynumber | luckynumber.today
7. En | en.wikipedia.org
8. Za | za.pinterest.com
9. Aiminghigh | aiminghigh.aimssec.ac.za
10. Yesplay | yesplay.bet
------------------------------------------------------------
Hollywoodbets rank: 4
Results saved: C:\Users\santhm\Desktop\SERP_Monitor\SERP_Monitor\scripts\lucky_numbers_rankings.xlsx
============================================================
2026-10-06 16:00:37,271 [INFO] Browser closed.
SEO_SERP_Monitor_lucky_numbers completed successfully.
------------------------------------------------------------
Starting SEO_SERP_Monitor_online_slots...
2026-10-06 16:00:37,831 [INFO] ============================================================
2026-10-06 16:00:37,831 [INFO] Run start: 2026-10-06T16:00:37.831486+02:00 | keyword=Online Slots
2026-10-06 16:00:37,831 [INFO] Starting Playwright with dedicated SERP Chrome profile: C:\Users\santhm\Desktop\SERP_Monitor\SERP_Monitor\scripts\serp_chrome_profile_online_slots
2026-10-06 16:00:37,832 [INFO] Headless mode: False
2026-10-06 16:00:38,406 [INFO] Persistent Chrome context ready.
2026-10-06 16:00:38,428 [INFO] GET https://www.google.com/search?q=Online+Slots&hl=en&gl=za&num=20&pws=0
2026-10-06 16:00:42,450 [INFO] SERP loaded.
2026-10-06 16:00:42,453 [INFO] SERP candidates found (H3): 10
2026-10-06 16:00:43,102 [INFO] Rank 1 | betway.co.za | Online Slots Games | Betway | Register & Get Free Spins
2026-10-06 16:00:43,525 [INFO] Rank 2 | hollywoodbets.net | Online Slot Games
2026-10-06 16:00:43,572 [INFO] Rank 3 | play.google.com | Slots online – Apps on Google Play
2026-10-06 16:00:44,245 [INFO] Rank 4 | foxybingo.com | Play Online Slots UK | Foxy Games
2026-10-06 16:00:47,487 [INFO] Rank 5 | betolimp.co.za | Play Online Slots for Real Money in South Africa
2026-10-06 16:00:49,702 [INFO] Rank 6 | playojo.com | Online Slots - Play slot games in UK at PlayOJO
2026-10-06 16:00:50,351 [INFO] Rank 7 | playtsogo.co.za | playTSOGO | Online Sportsbook Betting in South Africa
2026-10-06 16:00:52,155 [INFO] Rank 8 | youtube.com | Most Popular Online Slots: Top 5 Games You Need to Try!
2026-10-06 16:01:23,208 [INFO] Rank 9 | supersportbet.com | Online Casino Games | Slots, Crash & Live Dealer
2026-10-06 16:01:23,209 [INFO] SERP extraction complete: 9/10 organic results
2026-10-06 16:01:23,222 [INFO] Updated 9 SERP rows for 2026-10-06 at 16:00
2026-10-06 16:01:23,247 [INFO] Excel workbook saved: C:\Users\santhm\Desktop\SERP_Monitor\SERP_Monitor\scripts\online_slots_rankings.xlsx
============================================================
HOLLYWOODBETS SEO SERP CHECK
============================================================
Keyword: Online Slots
Date: 2026-10-06
Capture hour: 16:00
Organic results collected: 9
------------------------------------------------------------
1. Betway | betway.co.za
2. Hollywoodbets | hollywoodbets.net
3. Google Play | play.google.com
4. Foxybingo | foxybingo.com
5. Betolimp | betolimp.co.za
6. Playojo | playojo.com
7. Playtsogo | playtsogo.co.za
8. Youtube | youtube.com
9. Supersportbet | supersportbet.com
------------------------------------------------------------
Hollywoodbets rank: 2
Results saved: C:\Users\santhm\Desktop\SERP_Monitor\SERP_Monitor\scripts\online_slots_rankings.xlsx
============================================================
2026-10-06 16:01:23,459 [INFO] Browser closed.
SEO_SERP_Monitor_online_slots completed successfully.
------------------------------------------------------------
Starting SEO_SERP_Monitor_soccer_betting...
2026-10-06 16:01:24,001 [INFO] ============================================================
2026-10-06 16:01:24,002 [INFO] Run start: 2026-10-06T16:01:24.001535+02:00 | keyword=Soccer Betting
2026-10-06 16:01:24,002 [INFO] Starting Playwright with dedicated SERP Chrome profile: C:\Users\santhm\Desktop\SERP_Monitor\SERP_Monitor\scripts\serp_chrome_profile_soccer_betting
2026-10-06 16:01:24,002 [INFO] Headless mode: False
2026-10-06 16:01:25,012 [INFO] Persistent Chrome context ready.
2026-10-06 16:01:25,137 [INFO] GET https://www.google.com/search?q=Soccer+Betting&hl=en&gl=za&num=20&pws=0
2026-10-06 16:01:28,993 [INFO] SERP loaded.
2026-10-06 16:01:28,996 [INFO] SERP candidates found (H3): 9
2026-10-06 16:01:29,872 [INFO] Rank 1 | worldsportsbetting.co.za | Soccer Betting | Premier League, PSL & More
2026-10-06 16:01:31,015 [INFO] Rank 2 | sportingbet.co.za | Soccer Betting & Football Betting South Africa
2026-10-06 16:01:31,669 [INFO] Rank 3 | bet.co.za | Sports - Soccer - Competitions
2026-10-06 16:01:33,945 [INFO] Rank 4 | betolimp.co.za | Soccer Betting South Africa
2026-10-06 16:01:34,408 [INFO] Rank 5 | livescore.com | AI Mode replied:
2026-10-06 16:01:36,522 [INFO] Rank 6 | betway.com | Football Betting & Football Odds 2026
2026-10-06 16:01:37,192 [INFO] Rank 7 | easybet.co.za | Soccer
2026-10-06 16:01:38,985 [INFO] Rank 8 | sportpesa.co.za | Soccer betting odds | SportPesa South Africa
2026-10-06 16:01:41,241 [INFO] Rank 9 | youtube.com | How To Bet On Soccer - The Complete Guide
2026-10-06 16:01:41,242 [INFO] SERP extraction complete: 9/10 organic results
2026-10-06 16:01:41,255 [INFO] Updated 9 SERP rows for 2026-10-06 at 16:00
2026-10-06 16:01:41,278 [INFO] Excel workbook saved: C:\Users\santhm\Desktop\SERP_Monitor\SERP_Monitor\scripts\soccer_betting_rankings.xlsx
============================================================
HOLLYWOODBETS SEO SERP CHECK
============================================================
Keyword: Soccer Betting
Date: 2026-10-06
Capture hour: 16:00
Organic results collected: 9
------------------------------------------------------------
1. Worldsportsbetting | worldsportsbetting.co.za
2. Sportingbet | sportingbet.co.za
3. Bet | bet.co.za
4. Betolimp | betolimp.co.za
5. LiveScore | livescore.com
6. Betway | betway.com
7. Easybet | easybet.co.za
8. Sportpesa | sportpesa.co.za
9. Youtube | youtube.com
------------------------------------------------------------
Hollywoodbets rank: None
Results saved: C:\Users\santhm\Desktop\SERP_Monitor\SERP_Monitor\scripts\soccer_betting_rankings.xlsx
============================================================
2026-10-06 16:01:41,537 [INFO] Browser closed.
SEO_SERP_Monitor_soccer_betting completed successfully.
Starting Excel to PostgreSQL sync (first pass)...
aviator_rankings.xlsx: captures created=1, existing captures refreshed=1.
lucky_numbers_rankings.xlsx: captures created=1, existing captures refreshed=1.
online_slots_rankings.xlsx: captures created=1, existing captures refreshed=1.
soccer_betting_rankings.xlsx: captures created=1, existing captures refreshed=4.
Imported all real Excel data: captures created=4, existing captures refreshed=7.
Excel to PostgreSQL sync completed successfully (first pass).
============================================================
[2026/10/06 16:01:42,79] CAPTURE + SYNC COMPLETE
============================================================
============================================================
[2026/10/06 17:00:04,04] CAPTURE + SYNC START
============================================================
------------------------------------------------------------
Starting SEO_SERP_Monitor_aviator...
2026-10-06 17:00:04,595 [INFO] ============================================================
2026-10-06 17:00:04,595 [INFO] Run start: 2026-10-06T17:00:04.595197+02:00 | keyword=Aviator
2026-10-06 17:00:04,595 [INFO] Starting Playwright with dedicated SERP Chrome profile: C:\Users\santhm\Desktop\SERP_Monitor\SERP_Monitor\scripts\serp_chrome_profile_aviator
2026-10-06 17:00:04,596 [INFO] Headless mode: False
2026-10-06 17:00:05,525 [INFO] Persistent Chrome context ready.
2026-10-06 17:00:05,564 [INFO] GET https://www.google.com/search?q=Aviator&hl=en&gl=za&num=20&pws=0
2026-10-06 17:00:09,268 [INFO] SERP loaded.
2026-10-06 17:00:09,270 [INFO] SERP candidates found (H3): 11
2026-10-06 17:00:09,852 [INFO] Rank 1 | hollywoodbets.net | Play Aviator | Aviator Game | Hollywoodbets SA
2026-10-06 17:00:10,528 [INFO] Rank 2 | betway.co.za | Play Online Casino Games - Register ...
2026-10-06 17:00:11,171 [INFO] Rank 3 | betway.co.za | Play Aviator and reach for the sky | Betway Sports betting
2026-10-06 17:00:13,059 [INFO] Rank 4 | merriam-webster.com | AI Mode replied:
2026-10-06 17:00:13,095 [INFO] Rank 5 | play.google.com | Aviator – Apps on Google Play
2026-10-06 17:00:14,975 [INFO] Rank 6 | 10bet.co.za | Play Aviator Game Online | Crash Game by Spribe
2026-10-06 17:00:15,577 [INFO] Rank 7 | livescore.com | How to Play Aviator on Betway 2026: Get 10 Free Flights
2026-10-06 17:00:19,547 [INFO] Rank 8 | netflix.com | Watch The Aviator
2026-10-06 17:00:20,854 [INFO] Rank 9 | spribe.co | Aviator
2026-10-06 17:00:21,453 [INFO] Rank 10 | supersportbet.com | Crash Casino Games | Aviator 50 Free Bets
2026-10-06 17:00:21,453 [INFO] SERP extraction complete: 10/10 organic results
2026-10-06 17:00:21,470 [INFO] Updated 10 SERP rows for 2026-10-06 at 17:00
2026-10-06 17:00:21,494 [INFO] Excel workbook saved: C:\Users\santhm\Desktop\SERP_Monitor\SERP_Monitor\scripts\aviator_rankings.xlsx
============================================================
HOLLYWOODBETS SEO SERP CHECK
============================================================
Keyword: Aviator
Date: 2026-10-06
Capture hour: 17:00
Organic results collected: 10
------------------------------------------------------------
1. Hollywoodbets | hollywoodbets.net
2. Betway | betway.co.za
3. Betway | betway.co.za
4. Merriam webster | merriam-webster.com
5. Google Play | play.google.com
6. 10bet | 10bet.co.za
7. LiveScore | livescore.com
8. Netflix | netflix.com
9. SPRIBE | spribe.co
10. Supersportbet | supersportbet.com
------------------------------------------------------------
Hollywoodbets rank: 1
Results saved: C:\Users\santhm\Desktop\SERP_Monitor\SERP_Monitor\scripts\aviator_rankings.xlsx
============================================================
2026-10-06 17:00:21,713 [INFO] Browser closed.
SEO_SERP_Monitor_aviator completed successfully.
------------------------------------------------------------
Starting SEO_SERP_Monitor_lucky_numbers...
2026-10-06 17:00:22,246 [INFO] ============================================================
2026-10-06 17:00:22,247 [INFO] Run start: 2026-10-06T17:00:22.246184+02:00 | keyword=Lucky Numbers
2026-10-06 17:00:22,248 [INFO] Starting Playwright with dedicated SERP Chrome profile: C:\Users\santhm\Desktop\SERP_Monitor\SERP_Monitor\scripts\serp_chrome_profile_lucky_numbers
2026-10-06 17:00:22,248 [INFO] Headless mode: False
2026-10-06 17:00:22,835 [INFO] Persistent Chrome context ready.
2026-10-06 17:00:22,859 [INFO] GET https://www.google.com/search?q=Lucky+Numbers&hl=en&gl=za&num=20&pws=0
2026-10-06 17:00:39,324 [WARNING] SERP H3 elements did not appear within the expected time.
2026-10-06 17:00:39,329 [INFO] SERP loaded.
2026-10-06 17:00:39,331 [INFO] SERP candidates found (H3): 9
2026-10-06 17:00:41,454 [INFO] Rank 1 | en.wikipedia.org | AI Mode replied:
2026-10-06 17:00:42,165 [INFO] Rank 2 | betway.co.za | Place your Lucky Numbers bets with ...
2026-10-06 17:00:42,201 [INFO] Rank 3 | play.google.com | My Lucky Numbers – Apps on Google Play
2026-10-06 17:00:42,610 [INFO] Rank 4 | hollywoodbets.net | Lucky Numbers for today
2026-10-06 17:00:44,091 [INFO] Rank 5 | worldsportsbetting.co.za | Play Powerball Online | Lucky Numbers & Jackpots
2026-10-06 17:00:45,168 [INFO] Rank 6 | luckynumber.today | Today Lucky Number
2026-10-06 17:00:46,289 [INFO] Rank 7 | supersportbet.com | Dream Guide: How to Bet on Lucky Numbers and Lotteries
2026-10-06 17:00:47,312 [INFO] Rank 8 | sportybet.co.za | Lucky numbers
2026-10-06 17:00:47,312 [INFO] SERP extraction complete: 8/10 organic results
2026-10-06 17:00:47,326 [INFO] Updated 8 SERP rows for 2026-10-06 at 17:00
2026-10-06 17:00:47,350 [INFO] Excel workbook saved: C:\Users\santhm\Desktop\SERP_Monitor\SERP_Monitor\scripts\lucky_numbers_rankings.xlsx
============================================================
HOLLYWOODBETS SEO SERP CHECK
============================================================
Keyword: Lucky Numbers
Date: 2026-10-06
Capture hour: 17:00
Organic results collected: 8
------------------------------------------------------------
1. En | en.wikipedia.org
2. Betway | betway.co.za
3. Google Play | play.google.com
4. Hollywoodbets | hollywoodbets.net
5. Worldsportsbetting | worldsportsbetting.co.za
6. Luckynumber | luckynumber.today
7. Supersportbet | supersportbet.com
8. Sportybet | sportybet.co.za
------------------------------------------------------------
Hollywoodbets rank: 4
Results saved: C:\Users\santhm\Desktop\SERP_Monitor\SERP_Monitor\scripts\lucky_numbers_rankings.xlsx
============================================================
2026-10-06 17:00:47,611 [INFO] Browser closed.
SEO_SERP_Monitor_lucky_numbers completed successfully.
------------------------------------------------------------
Starting SEO_SERP_Monitor_online_slots...
2026-10-06 17:00:48,169 [INFO] ============================================================
2026-10-06 17:00:48,170 [INFO] Run start: 2026-10-06T17:00:48.169829+02:00 | keyword=Online Slots
2026-10-06 17:00:48,170 [INFO] Starting Playwright with dedicated SERP Chrome profile: C:\Users\santhm\Desktop\SERP_Monitor\SERP_Monitor\scripts\serp_chrome_profile_online_slots
2026-10-06 17:00:48,170 [INFO] Headless mode: False
2026-10-06 17:00:48,736 [INFO] Persistent Chrome context ready.
2026-10-06 17:00:48,758 [INFO] GET https://www.google.com/search?q=Online+Slots&hl=en&gl=za&num=20&pws=0
2026-10-06 17:00:52,781 [INFO] SERP loaded.
2026-10-06 17:00:52,784 [INFO] SERP candidates found (H3): 10
2026-10-06 17:00:53,433 [INFO] Rank 1 | betway.co.za | Online Slots Games | Betway | Register & Get Free Spins
2026-10-06 17:00:53,857 [INFO] Rank 2 | hollywoodbets.net | Online Slot Games
2026-10-06 17:00:54,782 [INFO] Rank 3 | worldsportsbetting.co.za | Online Slot Games | Play Real Money ...
2026-10-06 17:00:54,820 [INFO] Rank 4 | play.google.com | Slots online – Apps on Google Play
2026-10-06 17:00:57,471 [INFO] Rank 5 | betolimp.co.za | Play Online Slots for Real Money in South Africa
2026-10-06 17:00:58,410 [INFO] Rank 6 | foxybingo.com | Play Online Slots UK | Foxy Games
2026-10-06 17:00:59,277 [INFO] Rank 7 | apps.apple.com | Cashman Casino Slots Games - App Store
2026-10-06 17:01:00,410 [INFO] Rank 8 | fortunesultimateslots.com | Caesars Slots – Free Slots & Online Social Casino
2026-10-06 17:01:05,908 [INFO] Rank 9 | playojo.com | Online Slots - Play slot games in UK at PlayOJO
2026-10-06 17:01:06,520 [INFO] Rank 10 | supersportbet.com | Casino Games: Slots, Aviator, Roulette & More
2026-10-06 17:01:06,520 [INFO] SERP extraction complete: 10/10 organic results
2026-10-06 17:01:06,538 [INFO] Updated 10 SERP rows for 2026-10-06 at 17:00
2026-10-06 17:01:06,566 [INFO] Excel workbook saved: C:\Users\santhm\Desktop\SERP_Monitor\SERP_Monitor\scripts\online_slots_rankings.xlsx
============================================================
HOLLYWOODBETS SEO SERP CHECK
============================================================
Keyword: Online Slots
Date: 2026-10-06
Capture hour: 17:00
Organic results collected: 10
------------------------------------------------------------
1. Betway | betway.co.za
2. Hollywoodbets | hollywoodbets.net
3. Worldsportsbetting | worldsportsbetting.co.za
4. Google Play | play.google.com
5. Betolimp | betolimp.co.za
6. Foxybingo | foxybingo.com
7. Apps | apps.apple.com
8. Fortunesultimateslots | fortunesultimateslots.com
9. Playojo | playojo.com
10. Supersportbet | supersportbet.com
------------------------------------------------------------
Hollywoodbets rank: 2
Results saved: C:\Users\santhm\Desktop\SERP_Monitor\SERP_Monitor\scripts\online_slots_rankings.xlsx
============================================================
2026-10-06 17:01:06,829 [INFO] Browser closed.
SEO_SERP_Monitor_online_slots completed successfully.
------------------------------------------------------------
Starting SEO_SERP_Monitor_soccer_betting...
2026-10-06 17:01:07,368 [INFO] ============================================================
2026-10-06 17:01:07,368 [INFO] Run start: 2026-10-06T17:01:07.368694+02:00 | keyword=Soccer Betting
2026-10-06 17:01:07,369 [INFO] Starting Playwright with dedicated SERP Chrome profile: C:\Users\santhm\Desktop\SERP_Monitor\SERP_Monitor\scripts\serp_chrome_profile_soccer_betting
2026-10-06 17:01:07,369 [INFO] Headless mode: False
2026-10-06 17:01:07,893 [INFO] Persistent Chrome context ready.
2026-10-06 17:01:07,947 [INFO] GET https://www.google.com/search?q=Soccer+Betting&hl=en&gl=za&num=20&pws=0
2026-10-06 17:01:11,819 [INFO] SERP loaded.
2026-10-06 17:01:11,822 [INFO] SERP candidates found (H3): 10
2026-10-06 17:01:14,236 [INFO] Rank 1 | youtube.com | AI Mode reply for Soccer Betting
2026-10-06 17:01:15,051 [INFO] Rank 2 | worldsportsbetting.co.za | Soccer Betting | Premier League, PSL & More
2026-10-06 17:01:16,179 [INFO] Rank 3 | sportingbet.co.za | Soccer Betting & Football Betting South Africa
2026-10-06 17:01:16,897 [INFO] Rank 4 | betway.co.za | Betway | Soccer Betting & Get The latest Soccer Odds
2026-10-06 17:01:17,876 [INFO] Rank 5 | bet.co.za | Sports - Soccer - Competitions
2026-10-06 17:01:18,280 [INFO] Rank 6 | hollywoodbets.net | Hollywoodbets Soccer Betting | Latest Soccer Odds
2026-10-06 17:01:19,493 [INFO] Rank 7 | 10bet.co.za | Bet on Soccer and Check 10bet Odds!
2026-10-06 17:01:21,498 [INFO] Rank 8 | sportpesa.co.za | Soccer betting odds | SportPesa South Africa
2026-10-06 17:01:21,934 [INFO] Rank 9 | reddit.com | r/SoccerBetting
2026-10-06 17:01:23,233 [INFO] Rank 10 | livescore.com | Best Soccer Betting Sites South Africa | Top ZA Bookies
2026-10-06 17:01:23,233 [INFO] SERP extraction complete: 10/10 organic results
2026-10-06 17:01:23,251 [INFO] Updated 10 SERP rows for 2026-10-06 at 17:00
2026-10-06 17:01:23,271 [INFO] Excel workbook saved: C:\Users\santhm\Desktop\SERP_Monitor\SERP_Monitor\scripts\soccer_betting_rankings.xlsx
============================================================
HOLLYWOODBETS SEO SERP CHECK
============================================================
Keyword: Soccer Betting
Date: 2026-10-06
Capture hour: 17:00
Organic results collected: 10
------------------------------------------------------------
1. Youtube | youtube.com
2. Worldsportsbetting | worldsportsbetting.co.za
3. Sportingbet | sportingbet.co.za
4. Betway | betway.co.za
5. Bet | bet.co.za
6. Hollywoodbets | hollywoodbets.net
7. 10bet | 10bet.co.za
8. Sportpesa | sportpesa.co.za
9. Reddit | reddit.com
10. LiveScore | livescore.com
------------------------------------------------------------
Hollywoodbets rank: 6
Results saved: C:\Users\santhm\Desktop\SERP_Monitor\SERP_Monitor\scripts\soccer_betting_rankings.xlsx
============================================================
2026-10-06 17:01:23,539 [INFO] Browser closed.
SEO_SERP_Monitor_soccer_betting completed successfully.
Starting Excel to PostgreSQL sync (first pass)...
aviator_rankings.xlsx: captures created=1, existing captures refreshed=2.
lucky_numbers_rankings.xlsx: captures created=1, existing captures refreshed=2.
online_slots_rankings.xlsx: captures created=1, existing captures refreshed=2.
soccer_betting_rankings.xlsx: captures created=1, existing captures refreshed=2.
Imported all real Excel data: captures created=4, existing captures refreshed=8.
Excel to PostgreSQL sync completed successfully (first pass).
============================================================
[2026/10/06 17:01:24,67] CAPTURE + SYNC COMPLETE
============================================================
============================================================
[2026/10/06 18:00:04,92] CAPTURE + SYNC START
============================================================
------------------------------------------------------------
Starting SEO_SERP_Monitor_aviator...
2026-10-06 18:00:05,460 [INFO] ============================================================
2026-10-06 18:00:05,460 [INFO] Run start: 2026-10-06T18:00:05.460712+02:00 | keyword=Aviator
2026-10-06 18:00:05,461 [INFO] Starting Playwright with dedicated SERP Chrome profile: C:\Users\santhm\Desktop\SERP_Monitor\SERP_Monitor\scripts\serp_chrome_profile_aviator
2026-10-06 18:00:05,461 [INFO] Headless mode: False
2026-10-06 18:00:06,322 [INFO] Persistent Chrome context ready.
2026-10-06 18:00:06,384 [INFO] GET https://www.google.com/search?q=Aviator&hl=en&gl=za&num=20&pws=0
2026-10-06 18:00:10,720 [INFO] SERP loaded.
2026-10-06 18:00:10,723 [INFO] SERP candidates found (H3): 10
2026-10-06 18:00:11,123 [INFO] Rank 1 | hollywoodbets.net | Play Aviator | Aviator Game | Hollywoodbets SA
2026-10-06 18:00:11,784 [INFO] Rank 2 | betway.co.za | Play Online Casino Games - Register ...
2026-10-06 18:00:11,820 [INFO] Rank 3 | play.google.com | Aviator – Apps on Google Play
2026-10-06 18:00:12,465 [INFO] Rank 4 | betway.co.za | Play Aviator and reach for the sky | Betway Sports betting
2026-10-06 18:00:14,166 [INFO] Rank 5 | 10bet.co.za | Play Aviator Game Online | Crash Game by Spribe
2026-10-06 18:00:15,507 [INFO] Rank 6 | livescore.com | How to Play Aviator on Betway 2026: Get 10 Free Flights
2026-10-06 18:00:16,324 [INFO] Rank 7 | lottostar.co.za | Aviator | Quick Games
2026-10-06 18:00:21,038 [INFO] Rank 8 | app.aviator.co | Login - Aviator
2026-10-06 18:00:22,011 [INFO] Rank 9 | spribe.co | Aviator
2026-10-06 18:00:23,026 [INFO] Rank 10 | merriam-webster.com | AVIATOR Definition & Meaning
2026-10-06 18:00:23,026 [INFO] SERP extraction complete: 10/10 organic results
2026-10-06 18:00:23,043 [INFO] Updated 10 SERP rows for 2026-10-06 at 18:00
2026-10-06 18:00:23,068 [INFO] Excel workbook saved: C:\Users\santhm\Desktop\SERP_Monitor\SERP_Monitor\scripts\aviator_rankings.xlsx
============================================================
HOLLYWOODBETS SEO SERP CHECK
============================================================
Keyword: Aviator
Date: 2026-10-06
Capture hour: 18:00
Organic results collected: 10
------------------------------------------------------------
1. Hollywoodbets | hollywoodbets.net
2. Betway | betway.co.za
3. Google Play | play.google.com
4. Betway | betway.co.za
5. 10bet | 10bet.co.za
6. LiveScore | livescore.com
7. Lottostar | lottostar.co.za
8. App | app.aviator.co
9. SPRIBE | spribe.co
10. Merriam webster | merriam-webster.com
------------------------------------------------------------
Hollywoodbets rank: 1
Results saved: C:\Users\santhm\Desktop\SERP_Monitor\SERP_Monitor\scripts\aviator_rankings.xlsx
============================================================
2026-10-06 18:00:23,384 [INFO] Browser closed.
SEO_SERP_Monitor_aviator completed successfully.
------------------------------------------------------------
Starting SEO_SERP_Monitor_lucky_numbers...
2026-10-06 18:00:23,933 [INFO] ============================================================
2026-10-06 18:00:23,934 [INFO] Run start: 2026-10-06T18:00:23.933629+02:00 | keyword=Lucky Numbers
2026-10-06 18:00:23,935 [INFO] Starting Playwright with dedicated SERP Chrome profile: C:\Users\santhm\Desktop\SERP_Monitor\SERP_Monitor\scripts\serp_chrome_profile_lucky_numbers
2026-10-06 18:00:23,935 [INFO] Headless mode: False
2026-10-06 18:00:24,814 [INFO] Persistent Chrome context ready.
2026-10-06 18:00:24,836 [INFO] GET https://www.google.com/search?q=Lucky+Numbers&hl=en&gl=za&num=20&pws=0
2026-10-06 18:00:29,201 [INFO] SERP loaded.
2026-10-06 18:00:29,204 [INFO] SERP candidates found (H3): 11
2026-10-06 18:00:29,881 [INFO] Rank 1 | betway.co.za | Place your Lucky Numbers bets with ...
2026-10-06 18:00:30,695 [INFO] Rank 2 | tiktok.com | AI Mode replied:
2026-10-06 18:00:30,723 [INFO] Rank 3 | play.google.com | Today Lucky Numbers – Apps on Google Play
2026-10-06 18:00:31,352 [INFO] Rank 4 | hollywoodbets.net | Lucky Numbers for today
2026-10-06 18:00:32,076 [INFO] Rank 5 | worldsportsbetting.co.za | Play Powerball Online | Lucky Numbers & Jackpots
2026-10-06 18:00:34,294 [INFO] Rank 6 | luckynumber.today | Lucky Numbers
2026-10-06 18:00:36,699 [INFO] Rank 7 | en.wikipedia.org | Lucky number
2026-10-06 18:00:38,079 [INFO] Rank 8 | za.pinterest.com | Lucky numbers for lottery
2026-10-06 18:00:38,433 [INFO] Rank 9 | aiminghigh.aimssec.ac.za | LUCKY NUMBERS HELP - Lesson Activities
2026-10-06 18:00:41,201 [INFO] Rank 10 | yesplay.bet | Check Winning Lottery Numbers Online - Lottery Results List
2026-10-06 18:00:41,201 [INFO] SERP extraction complete: 10/10 organic results
2026-10-06 18:00:41,216 [INFO] Updated 10 SERP rows for 2026-10-06 at 18:00
2026-10-06 18:00:41,241 [INFO] Excel workbook saved: C:\Users\santhm\Desktop\SERP_Monitor\SERP_Monitor\scripts\lucky_numbers_rankings.xlsx
============================================================
HOLLYWOODBETS SEO SERP CHECK
============================================================
Keyword: Lucky Numbers
Date: 2026-10-06
Capture hour: 18:00
Organic results collected: 10
------------------------------------------------------------
1. Betway | betway.co.za
2. Tiktok | tiktok.com
3. Google Play | play.google.com
4. Hollywoodbets | hollywoodbets.net
5. Worldsportsbetting | worldsportsbetting.co.za
6. Luckynumber | luckynumber.today
7. En | en.wikipedia.org
8. Za | za.pinterest.com
9. Aiminghigh | aiminghigh.aimssec.ac.za
10. Yesplay | yesplay.bet
------------------------------------------------------------
Hollywoodbets rank: 4
Results saved: C:\Users\santhm\Desktop\SERP_Monitor\SERP_Monitor\scripts\lucky_numbers_rankings.xlsx
============================================================
2026-10-06 18:00:41,506 [INFO] Browser closed.
SEO_SERP_Monitor_lucky_numbers completed successfully.
------------------------------------------------------------
Starting SEO_SERP_Monitor_online_slots...
2026-10-06 18:00:42,043 [INFO] ============================================================
2026-10-06 18:00:42,043 [INFO] Run start: 2026-10-06T18:00:42.043126+02:00 | keyword=Online Slots
2026-10-06 18:00:42,043 [INFO] Starting Playwright with dedicated SERP Chrome profile: C:\Users\santhm\Desktop\SERP_Monitor\SERP_Monitor\scripts\serp_chrome_profile_online_slots
2026-10-06 18:00:42,044 [INFO] Headless mode: False
2026-10-06 18:00:42,958 [INFO] Persistent Chrome context ready.
2026-10-06 18:00:42,981 [INFO] GET https://www.google.com/search?q=Online+Slots&hl=en&gl=za&num=20&pws=0
2026-10-06 18:00:47,411 [INFO] SERP loaded.
2026-10-06 18:00:47,414 [INFO] SERP candidates found (H3): 10
2026-10-06 18:00:48,070 [INFO] Rank 1 | betway.co.za | Online Slots Games | Betway | Register & Get Free Spins
2026-10-06 18:00:48,748 [INFO] Rank 2 | hollywoodbets.net | Online Slot Games
2026-10-06 18:00:49,504 [INFO] Rank 3 | worldsportsbetting.co.za | Online Slot Games | Play Real Money ...
2026-10-06 18:00:49,539 [INFO] Rank 4 | play.google.com | Slots online – Apps on Google Play
2026-10-06 18:00:52,236 [INFO] Rank 5 | betolimp.co.za | Play Online Slots for Real Money in South Africa
2026-10-06 18:00:52,697 [INFO] Rank 6 | foxybingo.com | Play Online Slots UK | Foxy Games
2026-10-06 18:00:54,452 [INFO] Rank 7 | apps.apple.com | Cashman Casino Slots Games - App Store
2026-10-06 18:00:55,464 [INFO] Rank 8 | fortunesultimateslots.com | Caesars Slots – Free Slots & Online Social Casino
2026-10-06 18:00:57,615 [INFO] Rank 9 | playojo.com | Online Slots - Play slot games in UK at PlayOJO
2026-10-06 18:00:58,249 [INFO] Rank 10 | supersportbet.com | Casino Games: Slots, Aviator, Roulette & More
2026-10-06 18:00:58,249 [INFO] SERP extraction complete: 10/10 organic results
2026-10-06 18:00:58,266 [INFO] Updated 10 SERP rows for 2026-10-06 at 18:00
2026-10-06 18:00:58,292 [INFO] Excel workbook saved: C:\Users\santhm\Desktop\SERP_Monitor\SERP_Monitor\scripts\online_slots_rankings.xlsx
============================================================
HOLLYWOODBETS SEO SERP CHECK
============================================================
Keyword: Online Slots
Date: 2026-10-06
Capture hour: 18:00
Organic results collected: 10
------------------------------------------------------------
1. Betway | betway.co.za
2. Hollywoodbets | hollywoodbets.net
3. Worldsportsbetting | worldsportsbetting.co.za
4. Google Play | play.google.com
5. Betolimp | betolimp.co.za
6. Foxybingo | foxybingo.com
7. Apps | apps.apple.com
8. Fortunesultimateslots | fortunesultimateslots.com
9. Playojo | playojo.com
10. Supersportbet | supersportbet.com
------------------------------------------------------------
Hollywoodbets rank: 2
Results saved: C:\Users\santhm\Desktop\SERP_Monitor\SERP_Monitor\scripts\online_slots_rankings.xlsx
============================================================
2026-10-06 18:00:58,567 [INFO] Browser closed.
SEO_SERP_Monitor_online_slots completed successfully.
------------------------------------------------------------
Starting SEO_SERP_Monitor_soccer_betting...
2026-10-06 18:00:59,104 [INFO] ============================================================
2026-10-06 18:00:59,105 [INFO] Run start: 2026-10-06T18:00:59.104858+02:00 | keyword=Soccer Betting
2026-10-06 18:00:59,105 [INFO] Starting Playwright with dedicated SERP Chrome profile: C:\Users\santhm\Desktop\SERP_Monitor\SERP_Monitor\scripts\serp_chrome_profile_soccer_betting
2026-10-06 18:00:59,105 [INFO] Headless mode: False
2026-10-06 18:01:00,052 [INFO] Persistent Chrome context ready.
2026-10-06 18:01:00,097 [INFO] GET https://www.google.com/search?q=Soccer+Betting&hl=en&gl=za&num=20&pws=0
2026-10-06 18:01:04,625 [INFO] SERP loaded.
2026-10-06 18:01:04,630 [INFO] SERP candidates found (H3): 10
2026-10-06 18:01:05,552 [INFO] Rank 1 | sportingbet.co.za | AI Mode reply for Soccer Betting
2026-10-06 18:01:06,318 [INFO] Rank 2 | worldsportsbetting.co.za | Soccer Betting | Premier League, PSL & More
2026-10-06 18:01:08,206 [INFO] Rank 3 | bet.co.za | Sports - Soccer - Competitions
2026-10-06 18:01:10,451 [INFO] Rank 4 | betolimp.co.za | Soccer Betting South Africa
2026-10-06 18:01:12,962 [INFO] Rank 5 | betway.com | Football Betting & Football Odds 2026
2026-10-06 18:01:16,505 [INFO] Rank 6 | sportpesa.co.za | Soccer betting odds | SportPesa South Africa
2026-10-06 18:01:17,878 [INFO] Rank 7 | easybet.co.za | Soccer
2026-10-06 18:01:19,278 [INFO] Rank 8 | supersportbet.com | soccer betting
2026-10-06 18:01:21,857 [INFO] Rank 9 | youtube.com | How To Bet On Soccer - The Complete Guide
2026-10-06 18:01:21,858 [INFO] SERP extraction complete: 9/10 organic results
2026-10-06 18:01:21,875 [INFO] Updated 9 SERP rows for 2026-10-06 at 18:00
2026-10-06 18:01:21,898 [INFO] Excel workbook saved: C:\Users\santhm\Desktop\SERP_Monitor\SERP_Monitor\scripts\soccer_betting_rankings.xlsx
============================================================
HOLLYWOODBETS SEO SERP CHECK
============================================================
Keyword: Soccer Betting
Date: 2026-10-06
Capture hour: 18:00
Organic results collected: 9
------------------------------------------------------------
1. Sportingbet | sportingbet.co.za
2. Worldsportsbetting | worldsportsbetting.co.za
3. Bet | bet.co.za
4. Betolimp | betolimp.co.za
5. Betway | betway.com
6. Sportpesa | sportpesa.co.za
7. Easybet | easybet.co.za
8. Supersportbet | supersportbet.com
9. Youtube | youtube.com
------------------------------------------------------------
Hollywoodbets rank: None
Results saved: C:\Users\santhm\Desktop\SERP_Monitor\SERP_Monitor\scripts\soccer_betting_rankings.xlsx
============================================================
2026-10-06 18:01:22,182 [INFO] Browser closed.
SEO_SERP_Monitor_soccer_betting completed successfully.
Starting Excel to PostgreSQL sync (first pass)...
aviator_rankings.xlsx: captures created=1, existing captures refreshed=3.
lucky_numbers_rankings.xlsx: captures created=1, existing captures refreshed=3.
online_slots_rankings.xlsx: captures created=1, existing captures refreshed=3.
soccer_betting_rankings.xlsx: captures created=1, existing captures refreshed=3.
Imported all real Excel data: captures created=4, existing captures refreshed=12.
Excel to PostgreSQL sync completed successfully (first pass).
============================================================
[2026/10/06 18:01:23,35] CAPTURE + SYNC COMPLETE
============================================================
============================================================
[2026/10/06 19:00:04,05] CAPTURE + SYNC START
============================================================
------------------------------------------------------------
Starting SEO_SERP_Monitor_aviator...
2026-10-06 19:00:04,620 [INFO] ============================================================
2026-10-06 19:00:04,620 [INFO] Run start: 2026-10-06T19:00:04.620603+02:00 | keyword=Aviator
2026-10-06 19:00:04,621 [INFO] Starting Playwright with dedicated SERP Chrome profile: C:\Users\santhm\Desktop\SERP_Monitor\SERP_Monitor\scripts\serp_chrome_profile_aviator
2026-10-06 19:00:04,621 [INFO] Headless mode: False
2026-10-06 19:00:05,478 [INFO] Persistent Chrome context ready.
2026-10-06 19:00:05,539 [INFO] GET https://www.google.com/search?q=Aviator&hl=en&gl=za&num=20&pws=0
2026-10-06 19:00:09,645 [INFO] SERP loaded.
2026-10-06 19:00:09,649 [INFO] SERP candidates found (H3): 10
2026-10-06 19:00:10,064 [INFO] Rank 1 | hollywoodbets.net | Play Aviator | Aviator Game | Hollywoodbets SA
2026-10-06 19:00:10,752 [INFO] Rank 2 | betway.co.za | Play Aviator and reach for the sky | Betway Sports betting
2026-10-06 19:00:10,786 [INFO] Rank 3 | play.google.com | Aviator – Apps on Google Play
2026-10-06 19:00:11,457 [INFO] Rank 4 | betway.co.za | Play Online Casino Games - Register ...
2026-10-06 19:00:12,500 [INFO] Rank 5 | 10bet.co.za | Play Aviator Game Online | Crash Game by Spribe
2026-10-06 19:00:13,225 [INFO] Rank 6 | livescore.com | How to Play Aviator on Betway 2026: Get 10 Free Flights
2026-10-06 19:00:15,720 [INFO] Rank 7 | app.aviator.co | Login - Aviator
2026-10-06 19:00:16,463 [INFO] Rank 8 | spribe.co | Aviator
2026-10-06 19:00:17,050 [INFO] Rank 9 | lottostar.co.za | Aviator | Quick Games
2026-10-06 19:00:18,080 [INFO] Rank 10 | merriam-webster.com | AVIATOR Definition & Meaning
2026-10-06 19:00:18,080 [INFO] SERP extraction complete: 10/10 organic results
2026-10-06 19:00:18,096 [INFO] Updated 10 SERP rows for 2026-10-06 at 19:00
2026-10-06 19:00:18,120 [WARNING] Excel file is locked; retrying save (1/5)...
2026-10-06 19:00:19,632 [INFO] Excel workbook saved: C:\Users\santhm\Desktop\SERP_Monitor\SERP_Monitor\scripts\aviator_rankings.xlsx
============================================================
HOLLYWOODBETS SEO SERP CHECK
============================================================
Keyword: Aviator
Date: 2026-10-06
Capture hour: 19:00
Organic results collected: 10
------------------------------------------------------------
1. Hollywoodbets | hollywoodbets.net
2. Betway | betway.co.za
3. Google Play | play.google.com
4. Betway | betway.co.za
5. 10bet | 10bet.co.za
6. LiveScore | livescore.com
7. App | app.aviator.co
8. SPRIBE | spribe.co
9. Lottostar | lottostar.co.za
10. Merriam webster | merriam-webster.com
------------------------------------------------------------
Hollywoodbets rank: 1
Results saved: C:\Users\santhm\Desktop\SERP_Monitor\SERP_Monitor\scripts\aviator_rankings.xlsx
============================================================
2026-10-06 19:00:19,906 [INFO] Browser closed.
SEO_SERP_Monitor_aviator completed successfully.
------------------------------------------------------------
Starting SEO_SERP_Monitor_lucky_numbers...
2026-10-06 19:00:20,441 [INFO] ============================================================
2026-10-06 19:00:20,441 [INFO] Run start: 2026-10-06T19:00:20.441424+02:00 | keyword=Lucky Numbers
2026-10-06 19:00:20,442 [INFO] Starting Playwright with dedicated SERP Chrome profile: C:\Users\santhm\Desktop\SERP_Monitor\SERP_Monitor\scripts\serp_chrome_profile_lucky_numbers
2026-10-06 19:00:20,442 [INFO] Headless mode: False
2026-10-06 19:00:21,387 [INFO] Persistent Chrome context ready.
2026-10-06 19:00:21,419 [INFO] GET https://www.google.com/search?q=Lucky+Numbers&hl=en&gl=za&num=20&pws=0
2026-10-06 19:00:25,689 [INFO] SERP loaded.
2026-10-06 19:00:25,692 [INFO] SERP candidates found (H3): 11
2026-10-06 19:00:26,364 [INFO] Rank 1 | betway.co.za | Place your Lucky Numbers bets with ...
2026-10-06 19:00:26,402 [INFO] Rank 2 | play.google.com | Today Lucky Numbers – Apps on Google Play
2026-10-06 19:00:27,488 [INFO] Rank 3 | tiktok.com | AI Mode replied:
2026-10-06 19:00:27,959 [INFO] Rank 4 | hollywoodbets.net | Lucky Numbers for today
2026-10-06 19:00:28,771 [INFO] Rank 5 | worldsportsbetting.co.za | Play Powerball Online | Lucky Numbers & Jackpots
2026-10-06 19:00:29,972 [INFO] Rank 6 | luckynumber.today | Lucky Numbers
2026-10-06 19:00:31,909 [INFO] Rank 7 | en.wikipedia.org | Lucky number
2026-10-06 19:00:34,884 [INFO] Rank 8 | za.pinterest.com | Lucky numbers for lottery
2026-10-06 19:00:35,248 [INFO] Rank 9 | aiminghigh.aimssec.ac.za | LUCKY NUMBERS HELP - Lesson Activities
2026-10-06 19:00:38,035 [INFO] Rank 10 | facebook.com | Those are some great lucky numbers
2026-10-06 19:00:38,035 [INFO] SERP extraction complete: 10/10 organic results
2026-10-06 19:00:38,061 [INFO] Updated 10 SERP rows for 2026-10-06 at 19:00
2026-10-06 19:00:38,090 [INFO] Excel workbook saved: C:\Users\santhm\Desktop\SERP_Monitor\SERP_Monitor\scripts\lucky_numbers_rankings.xlsx
============================================================
HOLLYWOODBETS SEO SERP CHECK
============================================================
Keyword: Lucky Numbers
Date: 2026-10-06
Capture hour: 19:00
Organic results collected: 10
------------------------------------------------------------
1. Betway | betway.co.za
2. Google Play | play.google.com
3. Tiktok | tiktok.com
4. Hollywoodbets | hollywoodbets.net
5. Worldsportsbetting | worldsportsbetting.co.za
6. Luckynumber | luckynumber.today
7. En | en.wikipedia.org
8. Za | za.pinterest.com
9. Aiminghigh | aiminghigh.aimssec.ac.za
10. Facebook | facebook.com
------------------------------------------------------------
Hollywoodbets rank: 4
Results saved: C:\Users\santhm\Desktop\SERP_Monitor\SERP_Monitor\scripts\lucky_numbers_rankings.xlsx
============================================================
2026-10-06 19:00:38,354 [INFO] Browser closed.
SEO_SERP_Monitor_lucky_numbers completed successfully.
------------------------------------------------------------
Starting SEO_SERP_Monitor_online_slots...
2026-10-06 19:00:38,904 [INFO] ============================================================
2026-10-06 19:00:38,904 [INFO] Run start: 2026-10-06T19:00:38.904227+02:00 | keyword=Online Slots
2026-10-06 19:00:38,904 [INFO] Starting Playwright with dedicated SERP Chrome profile: C:\Users\santhm\Desktop\SERP_Monitor\SERP_Monitor\scripts\serp_chrome_profile_online_slots
2026-10-06 19:00:38,905 [INFO] Headless mode: False
2026-10-06 19:00:39,830 [INFO] Persistent Chrome context ready.
2026-10-06 19:00:39,854 [INFO] GET https://www.google.com/search?q=Online+Slots&hl=en&gl=za&num=20&pws=0
2026-10-06 19:00:44,193 [INFO] SERP loaded.
2026-10-06 19:00:44,195 [INFO] SERP candidates found (H3): 10
2026-10-06 19:00:44,855 [INFO] Rank 1 | betway.co.za | Online Slots Games | Betway | Register & Get Free Spins
2026-10-06 19:00:45,332 [INFO] Rank 2 | hollywoodbets.net | Online Slot Games
2026-10-06 19:00:46,166 [INFO] Rank 3 | worldsportsbetting.co.za | Online Slot Games | Play Real Money ...
2026-10-06 19:00:46,205 [INFO] Rank 4 | play.google.com | Slots online – Apps on Google Play
2026-10-06 19:00:46,780 [INFO] Rank 5 | foxybingo.com | Play Online Slots UK | Foxy Games
2026-10-06 19:00:50,715 [INFO] Rank 6 | playojo.com | Online Slots - Play slot games in UK at PlayOJO
2026-10-06 19:00:53,711 [INFO] Rank 7 | betolimp.co.za | Play Online Slots for Real Money in South Africa
2026-10-06 19:00:59,798 [INFO] Rank 8 | hltv.org | Best Online Slot Games in September 2026
2026-10-06 19:01:03,978 [INFO] Rank 9 | youtube.com | How to Win Online Slots Every Time: 5 Strategies to Play
2026-10-06 19:01:05,131 [INFO] Rank 10 | playtsogo.co.za | playTSOGO | Online Sportsbook Betting in South Africa
2026-10-06 19:01:05,132 [INFO] SERP extraction complete: 10/10 organic results
2026-10-06 19:01:05,149 [INFO] Updated 10 SERP rows for 2026-10-06 at 19:00
2026-10-06 19:01:05,176 [INFO] Excel workbook saved: C:\Users\santhm\Desktop\SERP_Monitor\SERP_Monitor\scripts\online_slots_rankings.xlsx
============================================================
HOLLYWOODBETS SEO SERP CHECK
============================================================
Keyword: Online Slots
Date: 2026-10-06
Capture hour: 19:00
Organic results collected: 10
------------------------------------------------------------
1. Betway | betway.co.za
2. Hollywoodbets | hollywoodbets.net
3. Worldsportsbetting | worldsportsbetting.co.za
4. Google Play | play.google.com
5. Foxybingo | foxybingo.com
6. Playojo | playojo.com
7. Betolimp | betolimp.co.za
8. Hltv | hltv.org
9. Youtube | youtube.com
10. Playtsogo | playtsogo.co.za
------------------------------------------------------------
Hollywoodbets rank: 2
Results saved: C:\Users\santhm\Desktop\SERP_Monitor\SERP_Monitor\scripts\online_slots_rankings.xlsx
============================================================
2026-10-06 19:01:05,459 [INFO] Browser closed.
SEO_SERP_Monitor_online_slots completed successfully.
------------------------------------------------------------
Starting SEO_SERP_Monitor_soccer_betting...
2026-10-06 19:01:05,980 [INFO] ============================================================
2026-10-06 19:01:05,980 [INFO] Run start: 2026-10-06T19:01:05.980207+02:00 | keyword=Soccer Betting
2026-10-06 19:01:05,981 [INFO] Starting Playwright with dedicated SERP Chrome profile: C:\Users\santhm\Desktop\SERP_Monitor\SERP_Monitor\scripts\serp_chrome_profile_soccer_betting
2026-10-06 19:01:05,981 [INFO] Headless mode: False
2026-10-06 19:01:06,912 [INFO] Persistent Chrome context ready.
2026-10-06 19:01:06,938 [INFO] GET https://www.google.com/search?q=Soccer+Betting&hl=en&gl=za&num=20&pws=0
2026-10-06 19:01:11,582 [INFO] SERP loaded.
2026-10-06 19:01:11,584 [INFO] SERP candidates found (H3): 10
2026-10-06 19:01:12,480 [INFO] Rank 1 | worldsportsbetting.co.za | AI Mode reply for Soccer Betting
2026-10-06 19:01:14,253 [INFO] Rank 2 | sportingbet.co.za | Soccer Betting & Football Betting South Africa
2026-10-06 19:01:14,965 [INFO] Rank 3 | bet.co.za | Sports - Soccer - Competitions
2026-10-06 19:01:17,069 [INFO] Rank 4 | betolimp.co.za | Soccer Betting South Africa
2026-10-06 19:01:19,025 [INFO] Rank 5 | betway.com | Football Betting & Football Odds 2026
2026-10-06 19:01:20,736 [INFO] Rank 6 | sportpesa.co.za | Soccer betting odds | SportPesa South Africa
2026-10-06 19:01:21,463 [INFO] Rank 7 | easybet.co.za | Soccer
2026-10-06 19:01:22,600 [INFO] Rank 8 | supersportbet.com | soccer betting
2026-10-06 19:01:24,869 [INFO] Rank 9 | youtube.com | How To Bet On Soccer - The Complete Guide
2026-10-06 19:01:24,869 [INFO] SERP extraction complete: 9/10 organic results
2026-10-06 19:01:24,883 [INFO] Updated 9 SERP rows for 2026-10-06 at 19:00
2026-10-06 19:01:24,909 [INFO] Excel workbook saved: C:\Users\santhm\Desktop\SERP_Monitor\SERP_Monitor\scripts\soccer_betting_rankings.xlsx
============================================================
HOLLYWOODBETS SEO SERP CHECK
============================================================
Keyword: Soccer Betting
Date: 2026-10-06
Capture hour: 19:00
Organic results collected: 9
------------------------------------------------------------
1. Worldsportsbetting | worldsportsbetting.co.za
2. Sportingbet | sportingbet.co.za
3. Bet | bet.co.za
4. Betolimp | betolimp.co.za
5. Betway | betway.com
6. Sportpesa | sportpesa.co.za
7. Easybet | easybet.co.za
8. Supersportbet | supersportbet.com
9. Youtube | youtube.com
------------------------------------------------------------
Hollywoodbets rank: None
Results saved: C:\Users\santhm\Desktop\SERP_Monitor\SERP_Monitor\scripts\soccer_betting_rankings.xlsx
============================================================
2026-10-06 19:01:25,211 [INFO] Browser closed.
SEO_SERP_Monitor_soccer_betting completed successfully.
Starting Excel to PostgreSQL sync (first pass)...
aviator_rankings.xlsx: captures created=1, existing captures refreshed=4.
lucky_numbers_rankings.xlsx: captures created=1, existing captures refreshed=4.
online_slots_rankings.xlsx: captures created=1, existing captures refreshed=4.
soccer_betting_rankings.xlsx: captures created=1, existing captures refreshed=4.
Imported all real Excel data: captures created=4, existing captures refreshed=16.
Excel to PostgreSQL sync completed successfully (first pass).
============================================================
[2026/10/06 19:01:26,62] CAPTURE + SYNC COMPLETE
============================================================
============================================================
[2026/10/06 20:00:01,68] CAPTURE + SYNC START
============================================================
------------------------------------------------------------
Starting SEO_SERP_Monitor_aviator...
2026-10-06 20:00:02,250 [INFO] ============================================================
2026-10-06 20:00:02,250 [INFO] Run start: 2026-10-06T20:00:02.250160+02:00 | keyword=Aviator
2026-10-06 20:00:02,250 [INFO] Starting Playwright with dedicated SERP Chrome profile: C:\Users\santhm\Desktop\SERP_Monitor\SERP_Monitor\scripts\serp_chrome_profile_aviator
2026-10-06 20:00:02,251 [INFO] Headless mode: False
2026-10-06 20:00:03,133 [INFO] Persistent Chrome context ready.
2026-10-06 20:00:03,194 [INFO] GET https://www.google.com/search?q=Aviator&hl=en&gl=za&num=20&pws=0
2026-10-06 20:00:07,338 [INFO] SERP loaded.
2026-10-06 20:00:07,341 [INFO] SERP candidates found (H3): 10
2026-10-06 20:00:07,997 [INFO] Rank 1 | hollywoodbets.net | Play Aviator | Aviator Game | Hollywoodbets SA
2026-10-06 20:00:08,692 [INFO] Rank 2 | betway.co.za | Play Online Casino Games - Register ...
2026-10-06 20:00:09,327 [INFO] Rank 3 | betway.co.za | Play Aviator and reach for the sky | Betway Sports betting
2026-10-06 20:00:09,360 [INFO] Rank 4 | play.google.com | Aviator – Apps on Google Play
2026-10-06 20:00:10,465 [INFO] Rank 5 | 10bet.co.za | Play Aviator Game Online | Crash Game by Spribe
2026-10-06 20:00:11,466 [INFO] Rank 6 | livescore.com | How to Play Aviator on Betway 2026: Get 10 Free Flights
2026-10-06 20:00:12,226 [INFO] Rank 7 | lottostar.co.za | Aviator | Quick Games
2026-10-06 20:00:14,880 [INFO] Rank 8 | app.aviator.co | Login - Aviator
2026-10-06 20:00:15,836 [INFO] Rank 9 | spribe.co | Aviator
2026-10-06 20:00:16,270 [INFO] Rank 10 | merriam-webster.com | AVIATOR Definition & Meaning
2026-10-06 20:00:16,270 [INFO] SERP extraction complete: 10/10 organic results
2026-10-06 20:00:16,287 [INFO] Updated 10 SERP rows for 2026-10-06 at 20:00
2026-10-06 20:00:16,308 [INFO] Excel workbook saved: C:\Users\santhm\Desktop\SERP_Monitor\SERP_Monitor\scripts\aviator_rankings.xlsx
============================================================
HOLLYWOODBETS SEO SERP CHECK
============================================================
Keyword: Aviator
Date: 2026-10-06
Capture hour: 20:00
Organic results collected: 10
------------------------------------------------------------
1. Hollywoodbets | hollywoodbets.net
2. Betway | betway.co.za
3. Betway | betway.co.za
4. Google Play | play.google.com
5. 10bet | 10bet.co.za
6. LiveScore | livescore.com
7. Lottostar | lottostar.co.za
8. App | app.aviator.co
9. SPRIBE | spribe.co
10. Merriam webster | merriam-webster.com
------------------------------------------------------------
Hollywoodbets rank: 1
Results saved: C:\Users\santhm\Desktop\SERP_Monitor\SERP_Monitor\scripts\aviator_rankings.xlsx
============================================================
2026-10-06 20:00:16,529 [INFO] Browser closed.
SEO_SERP_Monitor_aviator completed successfully.
------------------------------------------------------------
Starting SEO_SERP_Monitor_lucky_numbers...
2026-10-06 20:00:17,079 [INFO] ============================================================
2026-10-06 20:00:17,079 [INFO] Run start: 2026-10-06T20:00:17.079340+02:00 | keyword=Lucky Numbers
2026-10-06 20:00:17,079 [INFO] Starting Playwright with dedicated SERP Chrome profile: C:\Users\santhm\Desktop\SERP_Monitor\SERP_Monitor\scripts\serp_chrome_profile_lucky_numbers
2026-10-06 20:00:17,079 [INFO] Headless mode: False
2026-10-06 20:00:18,008 [INFO] Persistent Chrome context ready.
2026-10-06 20:00:18,053 [INFO] GET https://www.google.com/search?q=Lucky+Numbers&hl=en&gl=za&num=20&pws=0
2026-10-06 20:00:22,640 [INFO] SERP loaded.
2026-10-06 20:00:22,642 [INFO] SERP candidates found (H3): 11
2026-10-06 20:00:23,324 [INFO] Rank 1 | betway.co.za | Place your Lucky Numbers bets with ...
2026-10-06 20:00:24,491 [INFO] Rank 2 | tiktok.com | AI Mode replied:
2026-10-06 20:00:24,523 [INFO] Rank 3 | play.google.com | My Lucky Numbers – Apps on Google Play
2026-10-06 20:00:24,937 [INFO] Rank 4 | hollywoodbets.net | Lucky Numbers for today
2026-10-06 20:00:25,730 [INFO] Rank 5 | worldsportsbetting.co.za | Play Powerball Online | Lucky Numbers & Jackpots
2026-10-06 20:00:26,822 [INFO] Rank 6 | luckynumber.today | Today Lucky Number
2026-10-06 20:00:28,776 [INFO] Rank 7 | supersportbet.com | Dream Guide: How to Bet on Lucky Numbers and Lotteries
2026-10-06 20:00:29,943 [INFO] Rank 8 | sportybet.co.za | Lucky numbers
2026-10-06 20:00:32,247 [INFO] Rank 9 | en.wikipedia.org | Lucky number
2026-10-06 20:00:57,259 [INFO] Rank 10 | za.pinterest.com | Lucky numbers for lottery
2026-10-06 20:00:57,259 [INFO] SERP extraction complete: 10/10 organic results
2026-10-06 20:00:57,273 [INFO] Updated 10 SERP rows for 2026-10-06 at 20:00
2026-10-06 20:00:57,299 [INFO] Excel workbook saved: C:\Users\santhm\Desktop\SERP_Monitor\SERP_Monitor\scripts\lucky_numbers_rankings.xlsx
============================================================
HOLLYWOODBETS SEO SERP CHECK
============================================================
Keyword: Lucky Numbers
Date: 2026-10-06
Capture hour: 20:00
Organic results collected: 10
------------------------------------------------------------
1. Betway | betway.co.za
2. Tiktok | tiktok.com
3. Google Play | play.google.com
4. Hollywoodbets | hollywoodbets.net
5. Worldsportsbetting | worldsportsbetting.co.za
6. Luckynumber | luckynumber.today
7. Supersportbet | supersportbet.com
8. Sportybet | sportybet.co.za
9. En | en.wikipedia.org
10. Za | za.pinterest.com
------------------------------------------------------------
Hollywoodbets rank: 4
Results saved: C:\Users\santhm\Desktop\SERP_Monitor\SERP_Monitor\scripts\lucky_numbers_rankings.xlsx
============================================================
2026-10-06 20:00:57,512 [INFO] Browser closed.
SEO_SERP_Monitor_lucky_numbers completed successfully.
------------------------------------------------------------
Starting SEO_SERP_Monitor_online_slots...
2026-10-06 20:00:58,027 [INFO] ============================================================
2026-10-06 20:00:58,027 [INFO] Run start: 2026-10-06T20:00:58.027564+02:00 | keyword=Online Slots
2026-10-06 20:00:58,028 [INFO] Starting Playwright with dedicated SERP Chrome profile: C:\Users\santhm\Desktop\SERP_Monitor\SERP_Monitor\scripts\serp_chrome_profile_online_slots
2026-10-06 20:00:58,028 [INFO] Headless mode: False
2026-10-06 20:00:58,976 [INFO] Persistent Chrome context ready.
2026-10-06 20:00:59,003 [INFO] GET https://www.google.com/search?q=Online+Slots&hl=en&gl=za&num=20&pws=0
2026-10-06 20:01:03,356 [INFO] SERP loaded.
2026-10-06 20:01:03,359 [INFO] SERP candidates found (H3): 10
2026-10-06 20:01:04,185 [INFO] Rank 1 | worldsportsbetting.co.za | Online Slot Games | Play Real Money ...
2026-10-06 20:01:04,859 [INFO] Rank 2 | betway.co.za | Online Slots Games | Betway | Register & Get Free Spins
2026-10-06 20:01:05,277 [INFO] Rank 3 | hollywoodbets.net | Online Slot Games
2026-10-06 20:01:05,309 [INFO] Rank 4 | play.google.com | Slots online – Apps on Google Play
2026-10-06 20:01:14,031 [INFO] Rank 5 | betolimp.co.za | Play Online Slots for Real Money in South Africa
2026-10-06 20:01:16,693 [INFO] Rank 6 | fortunesultimateslots.com | Caesars Slots – Free Slots & Online Social Casino
2026-10-06 20:01:17,513 [INFO] Rank 7 | foxybingo.com | Play Online Slots UK | Foxy Games
2026-10-06 20:01:20,595 [INFO] Rank 8 | apps.apple.com | Cashman Casino Slots Games - App Store
2026-10-06 20:01:24,965 [INFO] Rank 9 | playojo.com | Online Slots - Play slot games in UK at PlayOJO
2026-10-06 20:01:25,607 [INFO] Rank 10 | supersportbet.com | Casino Games: Slots, Aviator, Roulette & More
2026-10-06 20:01:25,607 [INFO] SERP extraction complete: 10/10 organic results
2026-10-06 20:01:25,625 [INFO] Updated 10 SERP rows for 2026-10-06 at 20:00
2026-10-06 20:01:25,650 [INFO] Excel workbook saved: C:\Users\santhm\Desktop\SERP_Monitor\SERP_Monitor\scripts\online_slots_rankings.xlsx
============================================================
HOLLYWOODBETS SEO SERP CHECK
============================================================
Keyword: Online Slots
Date: 2026-10-06
Capture hour: 20:00
Organic results collected: 10
------------------------------------------------------------
1. Worldsportsbetting | worldsportsbetting.co.za
2. Betway | betway.co.za
3. Hollywoodbets | hollywoodbets.net
4. Google Play | play.google.com
5. Betolimp | betolimp.co.za
6. Fortunesultimateslots | fortunesultimateslots.com
7. Foxybingo | foxybingo.com
8. Apps | apps.apple.com
9. Playojo | playojo.com
10. Supersportbet | supersportbet.com
------------------------------------------------------------
Hollywoodbets rank: 3
Results saved: C:\Users\santhm\Desktop\SERP_Monitor\SERP_Monitor\scripts\online_slots_rankings.xlsx
============================================================
2026-10-06 20:01:25,893 [INFO] Browser closed.
SEO_SERP_Monitor_online_slots completed successfully.
------------------------------------------------------------
Starting SEO_SERP_Monitor_soccer_betting...
2026-10-06 20:01:26,449 [INFO] ============================================================
2026-10-06 20:01:26,449 [INFO] Run start: 2026-10-06T20:01:26.448997+02:00 | keyword=Soccer Betting
2026-10-06 20:01:26,449 [INFO] Starting Playwright with dedicated SERP Chrome profile: C:\Users\santhm\Desktop\SERP_Monitor\SERP_Monitor\scripts\serp_chrome_profile_soccer_betting
2026-10-06 20:01:26,449 [INFO] Headless mode: False
2026-10-06 20:01:27,384 [INFO] Persistent Chrome context ready.
2026-10-06 20:01:27,409 [INFO] GET https://www.google.com/search?q=Soccer+Betting&hl=en&gl=za&num=20&pws=0
2026-10-06 20:01:31,711 [INFO] SERP loaded.
2026-10-06 20:01:31,713 [INFO] SERP candidates found (H3): 10
2026-10-06 20:01:32,364 [INFO] Rank 1 | hollywoodbets.net | AI Mode reply for Soccer Betting
2026-10-06 20:01:33,119 [INFO] Rank 2 | worldsportsbetting.co.za | Soccer Betting | Premier League, PSL & More
2026-10-06 20:01:33,993 [INFO] Rank 3 | sportingbet.co.za | Soccer Betting & Football Betting South Africa
2026-10-06 20:01:35,515 [INFO] Rank 4 | bet.co.za | Sports - Soccer - Competitions
2026-10-06 20:01:36,196 [INFO] Rank 5 | betway.co.za | Betway | Soccer Betting & Get The latest Soccer Odds
2026-10-06 20:01:37,967 [INFO] Rank 6 | 10bet.co.za | Bet on Soccer and Check 10bet Odds!
2026-10-06 20:01:40,403 [INFO] Rank 7 | sportpesa.co.za | Soccer betting odds | SportPesa South Africa
2026-10-06 20:01:41,158 [INFO] Rank 8 | reddit.com | r/SoccerBetting
2026-10-06 20:01:42,973 [INFO] Rank 9 | livescore.com | Best Soccer Betting Sites South Africa | Top ZA Bookies
2026-10-06 20:01:42,973 [INFO] SERP extraction complete: 9/10 organic results
2026-10-06 20:01:42,989 [INFO] Updated 9 SERP rows for 2026-10-06 at 20:00
2026-10-06 20:01:43,012 [INFO] Excel workbook saved: C:\Users\santhm\Desktop\SERP_Monitor\SERP_Monitor\scripts\soccer_betting_rankings.xlsx
============================================================
HOLLYWOODBETS SEO SERP CHECK
============================================================
Keyword: Soccer Betting
Date: 2026-10-06
Capture hour: 20:00
Organic results collected: 9
------------------------------------------------------------
1. Hollywoodbets | hollywoodbets.net
2. Worldsportsbetting | worldsportsbetting.co.za
3. Sportingbet | sportingbet.co.za
4. Bet | bet.co.za
5. Betway | betway.co.za
6. 10bet | 10bet.co.za
7. Sportpesa | sportpesa.co.za
8. Reddit | reddit.com
9. LiveScore | livescore.com
------------------------------------------------------------
Hollywoodbets rank: 1
Results saved: C:\Users\santhm\Desktop\SERP_Monitor\SERP_Monitor\scripts\soccer_betting_rankings.xlsx
============================================================
2026-10-06 20:01:43,291 [INFO] Browser closed.
SEO_SERP_Monitor_soccer_betting completed successfully.
Starting Excel to PostgreSQL sync (first pass)...
aviator_rankings.xlsx: captures created=1, existing captures refreshed=5.
lucky_numbers_rankings.xlsx: captures created=1, existing captures refreshed=5.
online_slots_rankings.xlsx: captures created=1, existing captures refreshed=5.
soccer_betting_rankings.xlsx: captures created=1, existing captures refreshed=5.
Imported all real Excel data: captures created=4, existing captures refreshed=20.
Excel to PostgreSQL sync completed successfully (first pass).
============================================================
[2026/10/06 20:01:44,50] CAPTURE + SYNC COMPLETE
============================================================
============================================================
[2026/10/06 21:00:02,85] CAPTURE + SYNC START
============================================================
------------------------------------------------------------
Starting SEO_SERP_Monitor_aviator...
2026-10-06 21:00:03,377 [INFO] ============================================================
2026-10-06 21:00:03,377 [INFO] Run start: 2026-10-06T21:00:03.377434+02:00 | keyword=Aviator
2026-10-06 21:00:03,378 [INFO] Starting Playwright with dedicated SERP Chrome profile: C:\Users\santhm\Desktop\SERP_Monitor\SERP_Monitor\scripts\serp_chrome_profile_aviator
2026-10-06 21:00:03,378 [INFO] Headless mode: False
2026-10-06 21:00:04,257 [INFO] Persistent Chrome context ready.
2026-10-06 21:00:04,320 [INFO] GET https://www.google.com/search?q=Aviator&hl=en&gl=za&num=20&pws=0
2026-10-06 21:00:08,355 [INFO] SERP loaded.
2026-10-06 21:00:08,358 [INFO] SERP candidates found (H3): 10
2026-10-06 21:00:08,917 [INFO] Rank 1 | hollywoodbets.net | Play Aviator | Aviator Game | Hollywoodbets SA
2026-10-06 21:00:09,596 [INFO] Rank 2 | betway.co.za | Play Online Casino Games - Register ...
2026-10-06 21:00:10,223 [INFO] Rank 3 | betway.co.za | Play Aviator and reach for the sky | Betway Sports betting
2026-10-06 21:00:10,260 [INFO] Rank 4 | play.google.com | Aviator – Apps on Google Play
2026-10-06 21:00:12,026 [INFO] Rank 5 | 10bet.co.za | Play Aviator Game Online | Crash Game by Spribe
2026-10-06 21:00:12,765 [INFO] Rank 6 | livescore.com | How to Play Aviator on Betway 2026: Get 10 Free Flights
2026-10-06 21:00:13,310 [INFO] Rank 7 | lottostar.co.za | Aviator | Quick Games
2026-10-06 21:00:16,010 [INFO] Rank 8 | app.aviator.co | Login - Aviator
2026-10-06 21:00:17,023 [INFO] Rank 9 | spribe.co | Aviator
2026-10-06 21:00:18,019 [INFO] Rank 10 | merriam-webster.com | AVIATOR Definition & Meaning
2026-10-06 21:00:18,019 [INFO] SERP extraction complete: 10/10 organic results
2026-10-06 21:00:18,035 [INFO] Updated 10 SERP rows for 2026-10-06 at 21:00
2026-10-06 21:00:18,059 [INFO] Excel workbook saved: C:\Users\santhm\Desktop\SERP_Monitor\SERP_Monitor\scripts\aviator_rankings.xlsx
============================================================
HOLLYWOODBETS SEO SERP CHECK
============================================================
Keyword: Aviator
Date: 2026-10-06
Capture hour: 21:00
Organic results collected: 10
------------------------------------------------------------
1. Hollywoodbets | hollywoodbets.net
2. Betway | betway.co.za
3. Betway | betway.co.za
4. Google Play | play.google.com
5. 10bet | 10bet.co.za
6. LiveScore | livescore.com
7. Lottostar | lottostar.co.za
8. App | app.aviator.co
9. SPRIBE | spribe.co
10. Merriam webster | merriam-webster.com
------------------------------------------------------------
Hollywoodbets rank: 1
Results saved: C:\Users\santhm\Desktop\SERP_Monitor\SERP_Monitor\scripts\aviator_rankings.xlsx
============================================================
2026-10-06 21:00:18,292 [INFO] Browser closed.
SEO_SERP_Monitor_aviator completed successfully.
------------------------------------------------------------
Starting SEO_SERP_Monitor_lucky_numbers...
2026-10-06 21:00:18,828 [INFO] ============================================================
2026-10-06 21:00:18,829 [INFO] Run start: 2026-10-06T21:00:18.828814+02:00 | keyword=Lucky Numbers
2026-10-06 21:00:18,829 [INFO] Starting Playwright with dedicated SERP Chrome profile: C:\Users\santhm\Desktop\SERP_Monitor\SERP_Monitor\scripts\serp_chrome_profile_lucky_numbers
2026-10-06 21:00:18,829 [INFO] Headless mode: False
2026-10-06 21:00:19,742 [INFO] Persistent Chrome context ready.
2026-10-06 21:00:19,781 [INFO] GET https://www.google.com/search?q=Lucky+Numbers&hl=en&gl=za&num=20&pws=0
2026-10-06 21:00:23,877 [INFO] SERP loaded.
2026-10-06 21:00:23,880 [INFO] SERP candidates found (H3): 11
2026-10-06 21:00:24,548 [INFO] Rank 1 | betway.co.za | Place your Lucky Numbers bets with ...
2026-10-06 21:00:25,487 [INFO] Rank 2 | tiktok.com | AI Mode replied:
2026-10-06 21:00:25,514 [INFO] Rank 3 | play.google.com | Today Lucky Numbers – Apps on Google Play
2026-10-06 21:00:25,910 [INFO] Rank 4 | hollywoodbets.net | Lucky Numbers for today
2026-10-06 21:00:26,617 [INFO] Rank 5 | worldsportsbetting.co.za | Play Powerball Online | Lucky Numbers & Jackpots
2026-10-06 21:00:27,854 [INFO] Rank 6 | luckynumber.today | Lucky Numbers
2026-10-06 21:00:30,175 [INFO] Rank 7 | en.wikipedia.org | Lucky number
2026-10-06 21:00:31,457 [INFO] Rank 8 | za.pinterest.com | Lucky numbers for lottery
2026-10-06 21:00:31,817 [INFO] Rank 9 | aiminghigh.aimssec.ac.za | LUCKY NUMBERS HELP - Lesson Activities
2026-10-06 21:00:35,321 [INFO] Rank 10 | facebook.com | Those are some great lucky numbers
2026-10-06 21:00:35,321 [INFO] SERP extraction complete: 10/10 organic results
2026-10-06 21:00:35,335 [INFO] Updated 10 SERP rows for 2026-10-06 at 21:00
2026-10-06 21:00:35,357 [WARNING] Excel file is locked; retrying save (1/5)...
2026-10-06 21:00:36,873 [INFO] Excel workbook saved: C:\Users\santhm\Desktop\SERP_Monitor\SERP_Monitor\scripts\lucky_numbers_rankings.xlsx
============================================================
HOLLYWOODBETS SEO SERP CHECK
============================================================
Keyword: Lucky Numbers
Date: 2026-10-06
Capture hour: 21:00
Organic results collected: 10
------------------------------------------------------------
1. Betway | betway.co.za
2. Tiktok | tiktok.com
3. Google Play | play.google.com
4. Hollywoodbets | hollywoodbets.net
5. Worldsportsbetting | worldsportsbetting.co.za
6. Luckynumber | luckynumber.today
7. En | en.wikipedia.org
8. Za | za.pinterest.com
9. Aiminghigh | aiminghigh.aimssec.ac.za
10. Facebook | facebook.com
------------------------------------------------------------
Hollywoodbets rank: 4
Results saved: C:\Users\santhm\Desktop\SERP_Monitor\SERP_Monitor\scripts\lucky_numbers_rankings.xlsx
============================================================
2026-10-06 21:00:37,167 [INFO] Browser closed.
SEO_SERP_Monitor_lucky_numbers completed successfully.
------------------------------------------------------------
Starting SEO_SERP_Monitor_online_slots...
2026-10-06 21:00:37,730 [INFO] ============================================================
2026-10-06 21:00:37,731 [INFO] Run start: 2026-10-06T21:00:37.730588+02:00 | keyword=Online Slots
2026-10-06 21:00:37,731 [INFO] Starting Playwright with dedicated SERP Chrome profile: C:\Users\santhm\Desktop\SERP_Monitor\SERP_Monitor\scripts\serp_chrome_profile_online_slots
2026-10-06 21:00:37,731 [INFO] Headless mode: False
2026-10-06 21:00:38,693 [INFO] Persistent Chrome context ready.
2026-10-06 21:00:38,716 [INFO] GET https://www.google.com/search?q=Online+Slots&hl=en&gl=za&num=20&pws=0
2026-10-06 21:00:42,997 [INFO] SERP loaded.
2026-10-06 21:00:43,001 [INFO] SERP candidates found (H3): 10
2026-10-06 21:00:43,676 [INFO] Rank 1 | betway.co.za | Online Slots Games | Betway | Register & Get Free Spins
2026-10-06 21:00:44,092 [INFO] Rank 2 | hollywoodbets.net | Online Slot Games
2026-10-06 21:00:44,866 [INFO] Rank 3 | worldsportsbetting.co.za | Online Slot Games | Play Real Money ...
2026-10-06 21:00:44,900 [INFO] Rank 4 | play.google.com | Slots online – Apps on Google Play
2026-10-06 21:00:47,955 [INFO] Rank 5 | playojo.com | Online Slots - Play slot games in UK at PlayOJO
2026-10-06 21:00:48,735 [INFO] Rank 6 | foxybingo.com | Play Online Slots UK | Foxy Games
2026-10-06 21:00:51,791 [INFO] Rank 7 | betolimp.co.za | Play Online Slots for Real Money in South Africa
2026-10-06 21:00:54,724 [INFO] Rank 8 | youtube.com | How to Win Online Slots Every Time: 5 Strategies to Play
2026-10-06 21:00:55,801 [INFO] Rank 9 | playtsogo.co.za | playTSOGO | Online Sportsbook Betting in South Africa
2026-10-06 21:00:57,759 [INFO] Rank 10 | zalebs.com | Top 20 Online Casinos in South Africa
2026-10-06 21:00:57,759 [INFO] SERP extraction complete: 10/10 organic results
2026-10-06 21:00:57,777 [INFO] Updated 10 SERP rows for 2026-10-06 at 21:00
2026-10-06 21:00:57,801 [INFO] Excel workbook saved: C:\Users\santhm\Desktop\SERP_Monitor\SERP_Monitor\scripts\online_slots_rankings.xlsx
============================================================
HOLLYWOODBETS SEO SERP CHECK
============================================================
Keyword: Online Slots
Date: 2026-10-06
Capture hour: 21:00
Organic results collected: 10
------------------------------------------------------------
1. Betway | betway.co.za
2. Hollywoodbets | hollywoodbets.net
3. Worldsportsbetting | worldsportsbetting.co.za
4. Google Play | play.google.com
5. Playojo | playojo.com
6. Foxybingo | foxybingo.com
7. Betolimp | betolimp.co.za
8. Youtube | youtube.com
9. Playtsogo | playtsogo.co.za
10. Zalebs | zalebs.com
------------------------------------------------------------
Hollywoodbets rank: 2
Results saved: C:\Users\santhm\Desktop\SERP_Monitor\SERP_Monitor\scripts\online_slots_rankings.xlsx
============================================================
2026-10-06 21:00:58,088 [INFO] Browser closed.
SEO_SERP_Monitor_online_slots completed successfully.
------------------------------------------------------------
Starting SEO_SERP_Monitor_soccer_betting...
2026-10-06 21:00:58,630 [INFO] ============================================================
2026-10-06 21:00:58,630 [INFO] Run start: 2026-10-06T21:00:58.630204+02:00 | keyword=Soccer Betting
2026-10-06 21:00:58,630 [INFO] Starting Playwright with dedicated SERP Chrome profile: C:\Users\santhm\Desktop\SERP_Monitor\SERP_Monitor\scripts\serp_chrome_profile_soccer_betting
2026-10-06 21:00:58,630 [INFO] Headless mode: False
2026-10-06 21:00:59,566 [INFO] Persistent Chrome context ready.
2026-10-06 21:00:59,589 [INFO] GET https://www.google.com/search?q=Soccer+Betting&hl=en&gl=za&num=20&pws=0
2026-10-06 21:01:03,640 [INFO] SERP loaded.
2026-10-06 21:01:03,643 [INFO] SERP candidates found (H3): 10
2026-10-06 21:01:04,581 [INFO] Rank 1 | sports.betway.co.za | AI Mode reply for Soccer Betting
2026-10-06 21:01:05,352 [INFO] Rank 2 | worldsportsbetting.co.za | Soccer Betting | Premier League, PSL & More
2026-10-06 21:01:06,925 [INFO] Rank 3 | sportingbet.co.za | Soccer Betting & Football Betting South Africa
2026-10-06 21:01:07,960 [INFO] Rank 4 | bet.co.za | Sports - Soccer - Competitions
2026-10-06 21:01:09,837 [INFO] Rank 5 | betolimp.co.za | Soccer Betting South Africa
2026-10-06 21:01:12,042 [INFO] Rank 6 | betway.com | Football Betting & Football Odds 2026
2026-10-06 21:01:13,630 [INFO] Rank 7 | sportpesa.co.za | Soccer betting odds | SportPesa South Africa
2026-10-06 21:01:14,682 [INFO] Rank 8 | easybet.co.za | Soccer
2026-10-06 21:01:16,478 [INFO] Rank 9 | supersportbet.com | soccer betting
2026-10-06 21:01:19,827 [INFO] Rank 10 | youtube.com | How To Bet On Soccer - The Complete Guide
2026-10-06 21:01:19,827 [INFO] SERP extraction complete: 10/10 organic results
2026-10-06 21:01:19,845 [INFO] Updated 10 SERP rows for 2026-10-06 at 21:00
2026-10-06 21:01:19,870 [INFO] Excel workbook saved: C:\Users\santhm\Desktop\SERP_Monitor\SERP_Monitor\scripts\soccer_betting_rankings.xlsx
============================================================
HOLLYWOODBETS SEO SERP CHECK
============================================================
Keyword: Soccer Betting
Date: 2026-10-06
Capture hour: 21:00
Organic results collected: 10
------------------------------------------------------------
1. Betway | sports.betway.co.za
2. Worldsportsbetting | worldsportsbetting.co.za
3. Sportingbet | sportingbet.co.za
4. Bet | bet.co.za
5. Betolimp | betolimp.co.za
6. Betway | betway.com
7. Sportpesa | sportpesa.co.za
8. Easybet | easybet.co.za
9. Supersportbet | supersportbet.com
10. Youtube | youtube.com
------------------------------------------------------------
Hollywoodbets rank: None
Results saved: C:\Users\santhm\Desktop\SERP_Monitor\SERP_Monitor\scripts\soccer_betting_rankings.xlsx
============================================================
2026-10-06 21:01:20,145 [INFO] Browser closed.
SEO_SERP_Monitor_soccer_betting completed successfully.
Starting Excel to PostgreSQL sync (first pass)...
aviator_rankings.xlsx: captures created=1, existing captures refreshed=6.
lucky_numbers_rankings.xlsx: captures created=1, existing captures refreshed=6.
online_slots_rankings.xlsx: captures created=1, existing captures refreshed=6.
soccer_betting_rankings.xlsx: captures created=1, existing captures refreshed=6.
Imported all real Excel data: captures created=4, existing captures refreshed=24.
Excel to PostgreSQL sync completed successfully (first pass).
============================================================
[2026/10/06 21:01:21,35] CAPTURE + SYNC COMPLETE
============================================================
============================================================
[2026/10/06 22:00:03,27] CAPTURE + SYNC START
============================================================
------------------------------------------------------------
Starting SEO_SERP_Monitor_aviator...
2026-10-06 22:00:03,840 [INFO] ============================================================
2026-10-06 22:00:03,840 [INFO] Run start: 2026-10-06T22:00:03.840392+02:00 | keyword=Aviator
2026-10-06 22:00:03,841 [INFO] Starting Playwright with dedicated SERP Chrome profile: C:\Users\santhm\Desktop\SERP_Monitor\SERP_Monitor\scripts\serp_chrome_profile_aviator
2026-10-06 22:00:03,841 [INFO] Headless mode: False
2026-10-06 22:00:04,784 [INFO] Persistent Chrome context ready.
2026-10-06 22:00:04,808 [INFO] GET https://www.google.com/search?q=Aviator&hl=en&gl=za&num=20&pws=0
2026-10-06 22:00:09,826 [INFO] SERP loaded.
2026-10-06 22:00:09,828 [INFO] SERP candidates found (H3): 10
2026-10-06 22:00:10,246 [INFO] Rank 1 | hollywoodbets.net | Play Aviator | Aviator Game | Hollywoodbets SA
2026-10-06 22:00:10,933 [INFO] Rank 2 | betway.co.za | Play Online Casino Games - Register ...
2026-10-06 22:00:11,551 [INFO] Rank 3 | betway.co.za | Play Aviator and reach for the sky | Betway Sports betting
2026-10-06 22:00:11,585 [INFO] Rank 4 | play.google.com | Aviator – Apps on Google Play
2026-10-06 22:00:12,594 [INFO] Rank 5 | 10bet.co.za | Play Aviator Game Online | Crash Game by Spribe
2026-10-06 22:00:13,612 [INFO] Rank 6 | livescore.com | How to Play Aviator on Betway 2026: Get 10 Free Flights
2026-10-06 22:00:14,592 [INFO] Rank 7 | spribe.co | Aviator
2026-10-06 22:00:16,906 [INFO] Rank 8 | app.aviator.co | Login - Aviator
2026-10-06 22:00:17,548 [INFO] Rank 9 | lottostar.co.za | Aviator | Quick Games
2026-10-06 22:00:18,565 [INFO] Rank 10 | merriam-webster.com | AVIATOR Definition & Meaning
2026-10-06 22:00:18,565 [INFO] SERP extraction complete: 10/10 organic results
2026-10-06 22:00:18,583 [INFO] Updated 10 SERP rows for 2026-10-06 at 22:00
2026-10-06 22:00:18,608 [WARNING] Excel file is locked; retrying save (1/5)...
2026-10-06 22:00:20,124 [INFO] Excel workbook saved: C:\Users\santhm\Desktop\SERP_Monitor\SERP_Monitor\scripts\aviator_rankings.xlsx
============================================================
HOLLYWOODBETS SEO SERP CHECK
============================================================
Keyword: Aviator
Date: 2026-10-06
Capture hour: 22:00
Organic results collected: 10
------------------------------------------------------------
1. Hollywoodbets | hollywoodbets.net
2. Betway | betway.co.za
3. Betway | betway.co.za
4. Google Play | play.google.com
5. 10bet | 10bet.co.za
6. LiveScore | livescore.com
7. SPRIBE | spribe.co
8. App | app.aviator.co
9. Lottostar | lottostar.co.za
10. Merriam webster | merriam-webster.com
------------------------------------------------------------
Hollywoodbets rank: 1
Results saved: C:\Users\santhm\Desktop\SERP_Monitor\SERP_Monitor\scripts\aviator_rankings.xlsx
============================================================
2026-10-06 22:00:20,397 [INFO] Browser closed.
SEO_SERP_Monitor_aviator completed successfully.
------------------------------------------------------------
Starting SEO_SERP_Monitor_lucky_numbers...
2026-10-06 22:00:20,922 [INFO] ============================================================
2026-10-06 22:00:20,923 [INFO] Run start: 2026-10-06T22:00:20.922639+02:00 | keyword=Lucky Numbers
2026-10-06 22:00:20,923 [INFO] Starting Playwright with dedicated SERP Chrome profile: C:\Users\santhm\Desktop\SERP_Monitor\SERP_Monitor\scripts\serp_chrome_profile_lucky_numbers
2026-10-06 22:00:20,923 [INFO] Headless mode: False
2026-10-06 22:00:21,486 [INFO] Persistent Chrome context ready.
2026-10-06 22:00:21,521 [INFO] GET https://www.google.com/search?q=Lucky+Numbers&hl=en&gl=za&num=20&pws=0
2026-10-06 22:00:25,630 [INFO] SERP loaded.
2026-10-06 22:00:25,633 [INFO] SERP candidates found (H3): 11
2026-10-06 22:00:26,278 [INFO] Rank 1 | betway.co.za | Place your Lucky Numbers bets with ...
2026-10-06 22:00:27,031 [INFO] Rank 2 | tiktok.com | AI Mode replied:
2026-10-06 22:00:27,071 [INFO] Rank 3 | play.google.com | Today Lucky Numbers – Apps on Google Play
2026-10-06 22:00:27,542 [INFO] Rank 4 | hollywoodbets.net | Lucky Numbers for today
2026-10-06 22:00:28,352 [INFO] Rank 5 | worldsportsbetting.co.za | Play Powerball Online | Lucky Numbers & Jackpots
2026-10-06 22:00:29,450 [INFO] Rank 6 | luckynumber.today | Lucky Numbers
2026-10-06 22:00:31,379 [INFO] Rank 7 | en.wikipedia.org | Lucky number
2026-10-06 22:00:32,425 [INFO] Rank 8 | za.pinterest.com | Lucky numbers for lottery
2026-10-06 22:00:32,753 [INFO] Rank 9 | aiminghigh.aimssec.ac.za | LUCKY NUMBERS HELP - Lesson Activities
2026-10-06 22:00:34,485 [INFO] Rank 10 | facebook.com | Those are some great lucky numbers
2026-10-06 22:00:34,485 [INFO] SERP extraction complete: 10/10 organic results
2026-10-06 22:00:34,497 [INFO] Updated 10 SERP rows for 2026-10-06 at 22:00
2026-10-06 22:00:34,517 [INFO] Excel workbook saved: C:\Users\santhm\Desktop\SERP_Monitor\SERP_Monitor\scripts\lucky_numbers_rankings.xlsx
============================================================
HOLLYWOODBETS SEO SERP CHECK
============================================================
Keyword: Lucky Numbers
Date: 2026-10-06
Capture hour: 22:00
Organic results collected: 10
------------------------------------------------------------
1. Betway | betway.co.za
2. Tiktok | tiktok.com
3. Google Play | play.google.com
4. Hollywoodbets | hollywoodbets.net
5. Worldsportsbetting | worldsportsbetting.co.za
6. Luckynumber | luckynumber.today
7. En | en.wikipedia.org
8. Za | za.pinterest.com
9. Aiminghigh | aiminghigh.aimssec.ac.za
10. Facebook | facebook.com
------------------------------------------------------------
Hollywoodbets rank: 4
Results saved: C:\Users\santhm\Desktop\SERP_Monitor\SERP_Monitor\scripts\lucky_numbers_rankings.xlsx
============================================================
2026-10-06 22:00:34,774 [INFO] Browser closed.
SEO_SERP_Monitor_lucky_numbers completed successfully.
------------------------------------------------------------
Starting SEO_SERP_Monitor_online_slots...
2026-10-06 22:00:35,308 [INFO] ============================================================
2026-10-06 22:00:35,309 [INFO] Run start: 2026-10-06T22:00:35.308579+02:00 | keyword=Online Slots
2026-10-06 22:00:35,309 [INFO] Starting Playwright with dedicated SERP Chrome profile: C:\Users\santhm\Desktop\SERP_Monitor\SERP_Monitor\scripts\serp_chrome_profile_online_slots
2026-10-06 22:00:35,309 [INFO] Headless mode: False
2026-10-06 22:00:35,893 [INFO] Persistent Chrome context ready.
2026-10-06 22:00:35,919 [INFO] GET https://www.google.com/search?q=Online+Slots&hl=en&gl=za&num=20&pws=0
2026-10-06 22:00:40,068 [INFO] SERP loaded.
2026-10-06 22:00:40,071 [INFO] SERP candidates found (H3): 10
2026-10-06 22:00:40,724 [INFO] Rank 1 | betway.co.za | Online Slots Games | Betway | Register & Get Free Spins
2026-10-06 22:00:41,217 [INFO] Rank 2 | hollywoodbets.net | Online Slot Games
2026-10-06 22:00:42,049 [INFO] Rank 3 | worldsportsbetting.co.za | Online Slot Games | Play Real Money ...
2026-10-06 22:00:42,083 [INFO] Rank 4 | play.google.com | Slots online – Apps on Google Play
2026-10-06 22:00:46,266 [INFO] Rank 5 | playojo.com | Online Slots - Play slot games in UK at PlayOJO
2026-10-06 22:00:47,070 [INFO] Rank 6 | foxybingo.com | Play Online Slots UK | Foxy Games
2026-10-06 22:00:49,573 [INFO] Rank 7 | betolimp.co.za | Play Online Slots for Real Money in South Africa
2026-10-06 22:00:51,615 [INFO] Rank 8 | youtube.com | How to Win Online Slots Every Time: 5 Strategies to Play
2026-10-06 22:00:52,370 [INFO] Rank 9 | playtsogo.co.za | playTSOGO | Online Sportsbook Betting in South Africa
2026-10-06 22:00:58,425 [INFO] Rank 10 | zalebs.com | Top 20 Online Casinos in South Africa
2026-10-06 22:00:58,425 [INFO] SERP extraction complete: 10/10 organic results
2026-10-06 22:00:58,438 [INFO] Updated 10 SERP rows for 2026-10-06 at 22:00
2026-10-06 22:00:58,457 [INFO] Excel workbook saved: C:\Users\santhm\Desktop\SERP_Monitor\SERP_Monitor\scripts\online_slots_rankings.xlsx
============================================================
HOLLYWOODBETS SEO SERP CHECK
============================================================
Keyword: Online Slots
Date: 2026-10-06
Capture hour: 22:00
Organic results collected: 10
------------------------------------------------------------
1. Betway | betway.co.za
2. Hollywoodbets | hollywoodbets.net
3. Worldsportsbetting | worldsportsbetting.co.za
4. Google Play | play.google.com
5. Playojo | playojo.com
6. Foxybingo | foxybingo.com
7. Betolimp | betolimp.co.za
8. Youtube | youtube.com
9. Playtsogo | playtsogo.co.za
10. Zalebs | zalebs.com
------------------------------------------------------------
Hollywoodbets rank: 2
Results saved: C:\Users\santhm\Desktop\SERP_Monitor\SERP_Monitor\scripts\online_slots_rankings.xlsx
============================================================
2026-10-06 22:00:58,750 [INFO] Browser closed.
SEO_SERP_Monitor_online_slots completed successfully.
------------------------------------------------------------
Starting SEO_SERP_Monitor_soccer_betting...
2026-10-06 22:00:59,277 [INFO] ============================================================
2026-10-06 22:00:59,278 [INFO] Run start: 2026-10-06T22:00:59.277816+02:00 | keyword=Soccer Betting
2026-10-06 22:00:59,278 [INFO] Starting Playwright with dedicated SERP Chrome profile: C:\Users\santhm\Desktop\SERP_Monitor\SERP_Monitor\scripts\serp_chrome_profile_soccer_betting
2026-10-06 22:00:59,278 [INFO] Headless mode: False
2026-10-06 22:00:59,857 [INFO] Persistent Chrome context ready.
2026-10-06 22:00:59,881 [INFO] GET https://www.google.com/search?q=Soccer+Betting&hl=en&gl=za&num=20&pws=0
2026-10-06 22:01:03,940 [INFO] SERP loaded.
2026-10-06 22:01:03,944 [INFO] SERP candidates found (H3): 10
2026-10-06 22:01:04,626 [INFO] Rank 1 | betway.co.za | AI Mode reply for Soccer Betting
2026-10-06 22:01:05,494 [INFO] Rank 2 | worldsportsbetting.co.za | Soccer Betting | Premier League, PSL & More
2026-10-06 22:01:06,585 [INFO] Rank 3 | sportingbet.co.za | Soccer Betting & Football Betting South Africa
2026-10-06 22:01:06,977 [INFO] Rank 4 | hollywoodbets.net | Hollywoodbets Soccer Betting | Latest Soccer Odds
2026-10-06 22:01:07,846 [INFO] Rank 5 | bet.co.za | Sports - Soccer - Competitions
2026-10-06 22:01:09,523 [INFO] Rank 6 | 10bet.co.za | Soccer Betting South Africa | Football Odds on 10bet
2026-10-06 22:01:11,367 [INFO] Rank 7 | sportpesa.co.za | Soccer betting odds | SportPesa South Africa
2026-10-06 22:01:11,804 [INFO] Rank 8 | reddit.com | Soccer Betting Guide
2026-10-06 22:01:13,055 [INFO] Rank 9 | livescore.com | Best Soccer Betting Sites South Africa | Top ZA Bookies
2026-10-06 22:01:13,055 [INFO] SERP extraction complete: 9/10 organic results
2026-10-06 22:01:13,070 [INFO] Updated 9 SERP rows for 2026-10-06 at 22:00
2026-10-06 22:01:13,092 [INFO] Excel workbook saved: C:\Users\santhm\Desktop\SERP_Monitor\SERP_Monitor\scripts\soccer_betting_rankings.xlsx
============================================================
HOLLYWOODBETS SEO SERP CHECK
============================================================
Keyword: Soccer Betting
Date: 2026-10-06
Capture hour: 22:00
Organic results collected: 9
------------------------------------------------------------
1. Betway | betway.co.za
2. Worldsportsbetting | worldsportsbetting.co.za
3. Sportingbet | sportingbet.co.za
4. Hollywoodbets | hollywoodbets.net
5. Bet | bet.co.za
6. 10bet | 10bet.co.za
7. Sportpesa | sportpesa.co.za
8. Reddit | reddit.com
9. LiveScore | livescore.com
------------------------------------------------------------
Hollywoodbets rank: 4
Results saved: C:\Users\santhm\Desktop\SERP_Monitor\SERP_Monitor\scripts\soccer_betting_rankings.xlsx
============================================================
2026-10-06 22:01:13,372 [INFO] Browser closed.
SEO_SERP_Monitor_soccer_betting completed successfully.
Starting Excel to PostgreSQL sync (first pass)...
aviator_rankings.xlsx: captures created=1, existing captures refreshed=7.
lucky_numbers_rankings.xlsx: captures created=1, existing captures refreshed=7.
online_slots_rankings.xlsx: captures created=1, existing captures refreshed=7.
soccer_betting_rankings.xlsx: captures created=1, existing captures refreshed=7.
Imported all real Excel data: captures created=4, existing captures refreshed=28.
Excel to PostgreSQL sync completed successfully (first pass).
============================================================
[2026/10/06 22:01:14,57] CAPTURE + SYNC COMPLETE
============================================================
============================================================
[2026/10/06 23:00:02,57] CAPTURE + SYNC START
============================================================
------------------------------------------------------------
Starting SEO_SERP_Monitor_aviator...
2026-10-06 23:00:03,129 [INFO] ============================================================
2026-10-06 23:00:03,129 [INFO] Run start: 2026-10-06T23:00:03.129494+02:00 | keyword=Aviator
2026-10-06 23:00:03,130 [INFO] Starting Playwright with dedicated SERP Chrome profile: C:\Users\santhm\Desktop\SERP_Monitor\SERP_Monitor\scripts\serp_chrome_profile_aviator
2026-10-06 23:00:03,130 [INFO] Headless mode: False
2026-10-06 23:00:03,939 [INFO] Persistent Chrome context ready.
2026-10-06 23:00:03,975 [INFO] GET https://www.google.com/search?q=Aviator&hl=en&gl=za&num=20&pws=0
2026-10-06 23:00:08,146 [INFO] SERP loaded.
2026-10-06 23:00:08,149 [INFO] SERP candidates found (H3): 10
2026-10-06 23:00:08,543 [INFO] Rank 1 | hollywoodbets.net | Play Aviator | Aviator Game | Hollywoodbets SA
2026-10-06 23:00:09,194 [INFO] Rank 2 | betway.co.za | Play Aviator and reach for the sky | Betway Sports betting
2026-10-06 23:00:09,231 [INFO] Rank 3 | play.google.com | Aviator – Apps on Google Play
2026-10-06 23:00:09,850 [INFO] Rank 4 | betway.co.za | Play Online Casino Games - Register ...
2026-10-06 23:00:11,703 [INFO] Rank 5 | 10bet.co.za | Play Aviator Game Online | Crash Game by Spribe
2026-10-06 23:00:12,660 [INFO] Rank 6 | spribe.co | Aviator
2026-10-06 23:00:13,412 [INFO] Rank 7 | livescore.com | How to Play Aviator on Betway 2026: Get 10 Free Flights
2026-10-06 23:00:16,085 [INFO] Rank 8 | app.aviator.co | Login - Aviator
2026-10-06 23:00:16,627 [INFO] Rank 9 | lottostar.co.za | Aviator | Quick Games
2026-10-06 23:00:17,966 [INFO] Rank 10 | merriam-webster.com | AVIATOR Definition & Meaning
2026-10-06 23:00:17,966 [INFO] SERP extraction complete: 10/10 organic results
2026-10-06 23:00:17,983 [INFO] Updated 10 SERP rows for 2026-10-06 at 23:00
2026-10-06 23:00:18,009 [INFO] Excel workbook saved: C:\Users\santhm\Desktop\SERP_Monitor\SERP_Monitor\scripts\aviator_rankings.xlsx
============================================================
HOLLYWOODBETS SEO SERP CHECK
============================================================
Keyword: Aviator
Date: 2026-10-06
Capture hour: 23:00
Organic results collected: 10
------------------------------------------------------------
1. Hollywoodbets | hollywoodbets.net
2. Betway | betway.co.za
3. Google Play | play.google.com
4. Betway | betway.co.za
5. 10bet | 10bet.co.za
6. SPRIBE | spribe.co
7. LiveScore | livescore.com
8. App | app.aviator.co
9. Lottostar | lottostar.co.za
10. Merriam webster | merriam-webster.com
------------------------------------------------------------
Hollywoodbets rank: 1
Results saved: C:\Users\santhm\Desktop\SERP_Monitor\SERP_Monitor\scripts\aviator_rankings.xlsx
============================================================
2026-10-06 23:00:18,301 [INFO] Browser closed.
SEO_SERP_Monitor_aviator completed successfully.
------------------------------------------------------------
Starting SEO_SERP_Monitor_lucky_numbers...
2026-10-06 23:00:18,836 [INFO] ============================================================
2026-10-06 23:00:18,836 [INFO] Run start: 2026-10-06T23:00:18.836343+02:00 | keyword=Lucky Numbers
2026-10-06 23:00:18,836 [INFO] Starting Playwright with dedicated SERP Chrome profile: C:\Users\santhm\Desktop\SERP_Monitor\SERP_Monitor\scripts\serp_chrome_profile_lucky_numbers
2026-10-06 23:00:18,836 [INFO] Headless mode: False
2026-10-06 23:00:19,405 [INFO] Persistent Chrome context ready.
2026-10-06 23:00:19,434 [INFO] GET https://www.google.com/search?q=Lucky+Numbers&hl=en&gl=za&num=20&pws=0
2026-10-06 23:00:23,660 [INFO] SERP loaded.
2026-10-06 23:00:23,663 [INFO] SERP candidates found (H3): 11
2026-10-06 23:00:24,313 [INFO] Rank 1 | betway.co.za | Place your Lucky Numbers bets with ...
2026-10-06 23:00:25,113 [INFO] Rank 2 | tiktok.com | AI Mode replied:
2026-10-06 23:00:25,139 [INFO] Rank 3 | play.google.com | Today Lucky Numbers – Apps on Google Play
2026-10-06 23:00:25,532 [INFO] Rank 4 | hollywoodbets.net | Lucky Numbers for today
2026-10-06 23:00:26,320 [INFO] Rank 5 | worldsportsbetting.co.za | Play Powerball Online | Lucky Numbers & Jackpots
2026-10-06 23:00:27,375 [INFO] Rank 6 | luckynumber.today | Lucky Numbers
2026-10-06 23:00:29,389 [INFO] Rank 7 | en.wikipedia.org | Lucky number
2026-10-06 23:00:30,841 [INFO] Rank 8 | za.pinterest.com | Lucky numbers for lottery
2026-10-06 23:00:31,185 [INFO] Rank 9 | aiminghigh.aimssec.ac.za | LUCKY NUMBERS HELP - Lesson Activities
2026-10-06 23:00:33,176 [INFO] Rank 10 | facebook.com | Those are some great lucky numbers
2026-10-06 23:00:33,176 [INFO] SERP extraction complete: 10/10 organic results
2026-10-06 23:00:33,190 [INFO] Updated 10 SERP rows for 2026-10-06 at 23:00
2026-10-06 23:00:33,212 [INFO] Excel workbook saved: C:\Users\santhm\Desktop\SERP_Monitor\SERP_Monitor\scripts\lucky_numbers_rankings.xlsx
============================================================
HOLLYWOODBETS SEO SERP CHECK
============================================================
Keyword: Lucky Numbers
Date: 2026-10-06
Capture hour: 23:00
Organic results collected: 10
------------------------------------------------------------
1. Betway | betway.co.za
2. Tiktok | tiktok.com
3. Google Play | play.google.com
4. Hollywoodbets | hollywoodbets.net
5. Worldsportsbetting | worldsportsbetting.co.za
6. Luckynumber | luckynumber.today
7. En | en.wikipedia.org
8. Za | za.pinterest.com
9. Aiminghigh | aiminghigh.aimssec.ac.za
10. Facebook | facebook.com
------------------------------------------------------------
Hollywoodbets rank: 4
Results saved: C:\Users\santhm\Desktop\SERP_Monitor\SERP_Monitor\scripts\lucky_numbers_rankings.xlsx
============================================================
2026-10-06 23:00:33,553 [INFO] Browser closed.
SEO_SERP_Monitor_lucky_numbers completed successfully.
------------------------------------------------------------
Starting SEO_SERP_Monitor_online_slots...
2026-10-06 23:00:34,075 [INFO] ============================================================
2026-10-06 23:00:34,075 [INFO] Run start: 2026-10-06T23:00:34.074988+02:00 | keyword=Online Slots
2026-10-06 23:00:34,075 [INFO] Starting Playwright with dedicated SERP Chrome profile: C:\Users\santhm\Desktop\SERP_Monitor\SERP_Monitor\scripts\serp_chrome_profile_online_slots
2026-10-06 23:00:34,075 [INFO] Headless mode: False
2026-10-06 23:00:34,625 [INFO] Persistent Chrome context ready.
2026-10-06 23:00:34,664 [INFO] GET https://www.google.com/search?q=Online+Slots&hl=en&gl=za&num=20&pws=0
2026-10-06 23:00:39,169 [INFO] SERP loaded.
2026-10-06 23:00:39,171 [INFO] SERP candidates found (H3): 10
2026-10-06 23:00:39,817 [INFO] Rank 1 | betway.co.za | Online Slots Games | Betway | Register & Get Free Spins
2026-10-06 23:00:40,215 [INFO] Rank 2 | hollywoodbets.net | Online Slot Games
2026-10-06 23:00:41,052 [INFO] Rank 3 | worldsportsbetting.co.za | Online Slot Games | Play Real Money ...
2026-10-06 23:00:41,087 [INFO] Rank 4 | play.google.com | Slots online – Apps on Google Play
2026-10-06 23:00:41,822 [INFO] Rank 5 | foxybingo.com | Play Online Slots UK | Foxy Games
2026-10-06 23:00:44,696 [INFO] Rank 6 | playojo.com | Online Slots - Play slot games in UK at PlayOJO
2026-10-06 23:00:49,783 [INFO] Rank 7 | betolimp.co.za | Play Online Slots for Real Money in South Africa
2026-10-06 23:00:50,679 [INFO] Rank 8 | playtsogo.co.za | playTSOGO | Online Sportsbook Betting in South Africa
2026-10-06 23:00:52,578 [INFO] Rank 9 | youtube.com | How to Win Online Slots Every Time: 5 Strategies to Play
2026-10-06 23:00:53,717 [INFO] Rank 10 | supersportbet.com | Online Casino Games | Slots, Crash & Live Dealer
2026-10-06 23:00:53,717 [INFO] SERP extraction complete: 10/10 organic results
2026-10-06 23:00:53,735 [INFO] Updated 10 SERP rows for 2026-10-06 at 23:00
2026-10-06 23:00:53,762 [INFO] Excel workbook saved: C:\Users\santhm\Desktop\SERP_Monitor\SERP_Monitor\scripts\online_slots_rankings.xlsx
============================================================
HOLLYWOODBETS SEO SERP CHECK
============================================================
Keyword: Online Slots
Date: 2026-10-06
Capture hour: 23:00
Organic results collected: 10
------------------------------------------------------------
1. Betway | betway.co.za
2. Hollywoodbets | hollywoodbets.net
3. Worldsportsbetting | worldsportsbetting.co.za
4. Google Play | play.google.com
5. Foxybingo | foxybingo.com
6. Playojo | playojo.com
7. Betolimp | betolimp.co.za
8. Playtsogo | playtsogo.co.za
9. Youtube | youtube.com
10. Supersportbet | supersportbet.com
------------------------------------------------------------
Hollywoodbets rank: 2
Results saved: C:\Users\santhm\Desktop\SERP_Monitor\SERP_Monitor\scripts\online_slots_rankings.xlsx
============================================================
2026-10-06 23:00:54,126 [INFO] Browser closed.
SEO_SERP_Monitor_online_slots completed successfully.
------------------------------------------------------------
Starting SEO_SERP_Monitor_soccer_betting...
2026-10-06 23:00:54,687 [INFO] ============================================================
2026-10-06 23:00:54,687 [INFO] Run start: 2026-10-06T23:00:54.687193+02:00 | keyword=Soccer Betting
2026-10-06 23:00:54,687 [INFO] Starting Playwright with dedicated SERP Chrome profile: C:\Users\santhm\Desktop\SERP_Monitor\SERP_Monitor\scripts\serp_chrome_profile_soccer_betting
2026-10-06 23:00:54,688 [INFO] Headless mode: False
2026-10-06 23:00:55,511 [INFO] Persistent Chrome context ready.
2026-10-06 23:00:55,534 [INFO] GET https://www.google.com/search?q=Soccer+Betting&hl=en&gl=za&num=20&pws=0
2026-10-06 23:00:59,593 [INFO] SERP loaded.
2026-10-06 23:00:59,595 [INFO] SERP candidates found (H3): 10
2026-10-06 23:01:00,855 [INFO] Rank 1 | sportingbet.co.za | AI Mode reply for Soccer Betting
2026-10-06 23:01:01,605 [INFO] Rank 2 | worldsportsbetting.co.za | Soccer Betting | Premier League, PSL & More
2026-10-06 23:01:03,560 [INFO] Rank 3 | bet.co.za | Sports - Soccer - Competitions
2026-10-06 23:01:06,116 [INFO] Rank 4 | betolimp.co.za | Soccer Betting South Africa
2026-10-06 23:01:07,804 [INFO] Rank 5 | betway.com | Football Betting & Football Odds 2026
2026-10-06 23:01:09,575 [INFO] Rank 6 | sportpesa.co.za | Soccer betting odds | SportPesa South Africa
2026-10-06 23:01:10,289 [INFO] Rank 7 | easybet.co.za | Soccer
2026-10-06 23:01:11,196 [INFO] Rank 8 | supersportbet.com | soccer betting
2026-10-06 23:01:13,123 [INFO] Rank 9 | youtube.com | How To Bet On Soccer - The Complete Guide
2026-10-06 23:01:13,123 [INFO] SERP extraction complete: 9/10 organic results
2026-10-06 23:01:13,140 [INFO] Updated 9 SERP rows for 2026-10-06 at 23:00
2026-10-06 23:01:13,162 [INFO] Excel workbook saved: C:\Users\santhm\Desktop\SERP_Monitor\SERP_Monitor\scripts\soccer_betting_rankings.xlsx
============================================================
HOLLYWOODBETS SEO SERP CHECK
============================================================
Keyword: Soccer Betting
Date: 2026-10-06
Capture hour: 23:00
Organic results collected: 9
------------------------------------------------------------
1. Sportingbet | sportingbet.co.za
2. Worldsportsbetting | worldsportsbetting.co.za
3. Bet | bet.co.za
4. Betolimp | betolimp.co.za
5. Betway | betway.com
6. Sportpesa | sportpesa.co.za
7. Easybet | easybet.co.za
8. Supersportbet | supersportbet.com
9. Youtube | youtube.com
------------------------------------------------------------
Hollywoodbets rank: None
Results saved: C:\Users\santhm\Desktop\SERP_Monitor\SERP_Monitor\scripts\soccer_betting_rankings.xlsx
============================================================
2026-10-06 23:01:13,460 [INFO] Browser closed.
SEO_SERP_Monitor_soccer_betting completed successfully.
Starting Excel to PostgreSQL sync (first pass)...
aviator_rankings.xlsx: captures created=1, existing captures refreshed=8.
lucky_numbers_rankings.xlsx: captures created=1, existing captures refreshed=8.
online_slots_rankings.xlsx: captures created=1, existing captures refreshed=8.
soccer_betting_rankings.xlsx: captures created=1, existing captures refreshed=8.
Imported all real Excel data: captures created=4, existing captures refreshed=32.
Excel to PostgreSQL sync completed successfully (first pass).
============================================================
[2026/10/06 23:01:14,67] CAPTURE + SYNC COMPLETE
============================================================
============================================================
[2026/10/07  0:00:04,43] CAPTURE + SYNC START
============================================================
------------------------------------------------------------
Starting SEO_SERP_Monitor_aviator...
2026-10-07 00:00:04,974 [INFO] ============================================================
2026-10-07 00:00:04,975 [INFO] Run start: 2026-10-07T00:00:04.974900+02:00 | keyword=Aviator
2026-10-07 00:00:04,975 [INFO] Starting Playwright with dedicated SERP Chrome profile: C:\Users\santhm\Desktop\SERP_Monitor\SERP_Monitor\scripts\serp_chrome_profile_aviator
2026-10-07 00:00:04,975 [INFO] Headless mode: False
2026-10-07 00:00:05,831 [INFO] Persistent Chrome context ready.
2026-10-07 00:00:05,873 [INFO] GET https://www.google.com/search?q=Aviator&hl=en&gl=za&num=20&pws=0
2026-10-07 00:00:09,886 [INFO] SERP loaded.
2026-10-07 00:00:09,888 [INFO] SERP candidates found (H3): 10
2026-10-07 00:00:10,380 [INFO] Rank 1 | hollywoodbets.net | Play Aviator | Aviator Game | Hollywoodbets SA
2026-10-07 00:00:11,034 [INFO] Rank 2 | betway.co.za | Play Aviator and reach for the sky | Betway Sports betting
2026-10-07 00:00:11,070 [INFO] Rank 3 | play.google.com | Aviator – Apps on Google Play
2026-10-07 00:00:11,677 [INFO] Rank 4 | betway.co.za | Play Online Casino Games - Register ...
2026-10-07 00:00:12,833 [INFO] Rank 5 | 10bet.co.za | Play Aviator Game Online | Crash Game by Spribe
2026-10-07 00:00:13,806 [INFO] Rank 6 | spribe.co | Aviator
2026-10-07 00:00:14,954 [INFO] Rank 7 | livescore.com | How to Play Aviator on Betway 2026: Get 10 Free Flights
2026-10-07 00:00:18,427 [INFO] Rank 8 | app.aviator.co | Login - Aviator
2026-10-07 00:00:19,024 [INFO] Rank 9 | lottostar.co.za | Aviator | Quick Games
2026-10-07 00:00:21,276 [INFO] Rank 10 | merriam-webster.com | AVIATOR Definition & Meaning
2026-10-07 00:00:21,276 [INFO] SERP extraction complete: 10/10 organic results
2026-10-07 00:00:21,321 [INFO] Updated 10 SERP rows for 2026-10-07 at 00:00
2026-10-07 00:00:21,353 [INFO] Excel workbook saved: C:\Users\santhm\Desktop\SERP_Monitor\SERP_Monitor\scripts\aviator_rankings.xlsx
============================================================
HOLLYWOODBETS SEO SERP CHECK
============================================================
Keyword: Aviator
Date: 2026-10-07
Capture hour: 00:00
Organic results collected: 10
------------------------------------------------------------
1. Hollywoodbets | hollywoodbets.net
2. Betway | betway.co.za
3. Google Play | play.google.com
4. Betway | betway.co.za
5. 10bet | 10bet.co.za
6. SPRIBE | spribe.co
7. LiveScore | livescore.com
8. App | app.aviator.co
9. Lottostar | lottostar.co.za
10. Merriam webster | merriam-webster.com
------------------------------------------------------------
Hollywoodbets rank: 1
Results saved: C:\Users\santhm\Desktop\SERP_Monitor\SERP_Monitor\scripts\aviator_rankings.xlsx
============================================================
2026-10-07 00:00:21,607 [INFO] Browser closed.
SEO_SERP_Monitor_aviator completed successfully.
------------------------------------------------------------
Starting SEO_SERP_Monitor_lucky_numbers...
2026-10-07 00:00:22,161 [INFO] ============================================================
2026-10-07 00:00:22,161 [INFO] Run start: 2026-10-07T00:00:22.161251+02:00 | keyword=Lucky Numbers
2026-10-07 00:00:22,161 [INFO] Starting Playwright with dedicated SERP Chrome profile: C:\Users\santhm\Desktop\SERP_Monitor\SERP_Monitor\scripts\serp_chrome_profile_lucky_numbers
2026-10-07 00:00:22,161 [INFO] Headless mode: False
2026-10-07 00:00:23,002 [INFO] Persistent Chrome context ready.
2026-10-07 00:00:23,025 [INFO] GET https://www.google.com/search?q=Lucky+Numbers&hl=en&gl=za&num=20&pws=0
2026-10-07 00:00:27,637 [INFO] SERP loaded.
2026-10-07 00:00:27,640 [INFO] SERP candidates found (H3): 11
2026-10-07 00:00:28,333 [INFO] Rank 1 | betway.co.za | Place your Lucky Numbers bets with ...
2026-10-07 00:00:29,232 [INFO] Rank 2 | tiktok.com | AI Mode replied:
2026-10-07 00:00:29,261 [INFO] Rank 3 | play.google.com | Today Lucky Numbers – Apps on Google Play
2026-10-07 00:00:29,671 [INFO] Rank 4 | hollywoodbets.net | Lucky Numbers for today
2026-10-07 00:00:30,445 [INFO] Rank 5 | worldsportsbetting.co.za | Play Powerball Online | Lucky Numbers & Jackpots
2026-10-07 00:00:31,942 [INFO] Rank 6 | luckynumber.today | Lucky Numbers
2026-10-07 00:00:34,335 [INFO] Rank 7 | en.wikipedia.org | Lucky number
2026-10-07 00:00:35,759 [INFO] Rank 8 | za.pinterest.com | Lucky numbers for lottery
2026-10-07 00:00:36,118 [INFO] Rank 9 | aiminghigh.aimssec.ac.za | LUCKY NUMBERS HELP - Lesson Activities
2026-10-07 00:00:38,651 [INFO] Rank 10 | facebook.com | Those are some great lucky numbers
2026-10-07 00:00:38,652 [INFO] SERP extraction complete: 10/10 organic results
2026-10-07 00:00:38,672 [INFO] Updated 10 SERP rows for 2026-10-07 at 00:00
2026-10-07 00:00:38,701 [INFO] Excel workbook saved: C:\Users\santhm\Desktop\SERP_Monitor\SERP_Monitor\scripts\lucky_numbers_rankings.xlsx
============================================================
HOLLYWOODBETS SEO SERP CHECK
============================================================
Keyword: Lucky Numbers
Date: 2026-10-07
Capture hour: 00:00
Organic results collected: 10
------------------------------------------------------------
1. Betway | betway.co.za
2. Tiktok | tiktok.com
3. Google Play | play.google.com
4. Hollywoodbets | hollywoodbets.net
5. Worldsportsbetting | worldsportsbetting.co.za
6. Luckynumber | luckynumber.today
7. En | en.wikipedia.org
8. Za | za.pinterest.com
9. Aiminghigh | aiminghigh.aimssec.ac.za
10. Facebook | facebook.com
------------------------------------------------------------
Hollywoodbets rank: 4
Results saved: C:\Users\santhm\Desktop\SERP_Monitor\SERP_Monitor\scripts\lucky_numbers_rankings.xlsx
============================================================
2026-10-07 00:00:38,936 [INFO] Browser closed.
SEO_SERP_Monitor_lucky_numbers completed successfully.
------------------------------------------------------------
Starting SEO_SERP_Monitor_online_slots...
2026-10-07 00:00:39,490 [INFO] ============================================================
2026-10-07 00:00:39,490 [INFO] Run start: 2026-10-07T00:00:39.490320+02:00 | keyword=Online Slots
2026-10-07 00:00:39,490 [INFO] Starting Playwright with dedicated SERP Chrome profile: C:\Users\santhm\Desktop\SERP_Monitor\SERP_Monitor\scripts\serp_chrome_profile_online_slots
2026-10-07 00:00:39,490 [INFO] Headless mode: False
2026-10-07 00:00:40,444 [INFO] Persistent Chrome context ready.
2026-10-07 00:00:40,468 [INFO] GET https://www.google.com/search?q=Online+Slots&hl=en&gl=za&num=20&pws=0
2026-10-07 00:00:44,562 [INFO] SERP loaded.
2026-10-07 00:00:44,566 [INFO] SERP candidates found (H3): 11
2026-10-07 00:00:45,225 [INFO] Rank 1 | betway.co.za | Online Slots Games | Betway | Register & Get Free Spins
2026-10-07 00:00:45,663 [INFO] Rank 2 | hollywoodbets.net | Online Slot Games
2026-10-07 00:00:45,715 [INFO] Rank 3 | play.google.com | Slots online – Apps on Google Play
2026-10-07 00:00:46,584 [INFO] Rank 4 | worldsportsbetting.co.za | Online Slot Games | Play Real Money ...
2026-10-07 00:00:49,033 [INFO] Rank 5 | blog.10bet.co.za | AI Mode replied:
2026-10-07 00:00:49,470 [INFO] Rank 6 | foxybingo.com | Play Online Slots UK | Foxy Games
2026-10-07 00:00:53,794 [INFO] Rank 7 | playojo.com | Online Slots - Play slot games in UK at PlayOJO
2026-10-07 00:00:56,833 [INFO] Rank 8 | betolimp.co.za | Play Online Slots for Real Money in South Africa
2026-10-07 00:00:57,857 [INFO] Rank 9 | playtsogo.co.za | playTSOGO | Online Sportsbook Betting in South Africa
2026-10-07 00:00:59,995 [INFO] Rank 10 | youtube.com | How to Win Online Slots Every Time: 5 Strategies to Play
2026-10-07 00:00:59,995 [INFO] SERP extraction complete: 10/10 organic results
2026-10-07 00:01:00,013 [INFO] Updated 10 SERP rows for 2026-10-07 at 00:00
2026-10-07 00:01:00,039 [INFO] Excel workbook saved: C:\Users\santhm\Desktop\SERP_Monitor\SERP_Monitor\scripts\online_slots_rankings.xlsx
============================================================
HOLLYWOODBETS SEO SERP CHECK
============================================================
Keyword: Online Slots
Date: 2026-10-07
Capture hour: 00:00
Organic results collected: 10
------------------------------------------------------------
1. Betway | betway.co.za
2. Hollywoodbets | hollywoodbets.net
3. Google Play | play.google.com
4. Worldsportsbetting | worldsportsbetting.co.za
5. 10bet | blog.10bet.co.za
6. Foxybingo | foxybingo.com
7. Playojo | playojo.com
8. Betolimp | betolimp.co.za
9. Playtsogo | playtsogo.co.za
10. Youtube | youtube.com
------------------------------------------------------------
Hollywoodbets rank: 2
Results saved: C:\Users\santhm\Desktop\SERP_Monitor\SERP_Monitor\scripts\online_slots_rankings.xlsx
============================================================
2026-10-07 00:01:00,328 [INFO] Browser closed.
SEO_SERP_Monitor_online_slots completed successfully.
------------------------------------------------------------
Starting SEO_SERP_Monitor_soccer_betting...
2026-10-07 00:01:00,856 [INFO] ============================================================
2026-10-07 00:01:00,856 [INFO] Run start: 2026-10-07T00:01:00.856456+02:00 | keyword=Soccer Betting
2026-10-07 00:01:00,857 [INFO] Starting Playwright with dedicated SERP Chrome profile: C:\Users\santhm\Desktop\SERP_Monitor\SERP_Monitor\scripts\serp_chrome_profile_soccer_betting
2026-10-07 00:01:00,857 [INFO] Headless mode: False
2026-10-07 00:01:01,754 [INFO] Persistent Chrome context ready.
2026-10-07 00:01:01,776 [INFO] GET https://www.google.com/search?q=Soccer+Betting&hl=en&gl=za&num=20&pws=0
2026-10-07 00:01:05,825 [INFO] SERP loaded.
2026-10-07 00:01:05,828 [INFO] SERP candidates found (H3): 10
2026-10-07 00:01:06,545 [INFO] Rank 1 | betway.co.za | AI Mode reply for Soccer Betting
2026-10-07 00:01:07,348 [INFO] Rank 2 | worldsportsbetting.co.za | Soccer Betting | Premier League, PSL & More
2026-10-07 00:01:08,810 [INFO] Rank 3 | sportingbet.co.za | Soccer Betting & Football Betting South Africa
2026-10-07 00:01:10,313 [INFO] Rank 4 | bet.co.za | Sports - Soccer - Competitions
2026-10-07 00:01:10,810 [INFO] Rank 5 | hollywoodbets.net | Hollywoodbets Soccer Betting | Latest Soccer Odds
2026-10-07 00:01:12,929 [INFO] Rank 6 | 10bet.co.za | Soccer Betting South Africa | Football Odds on 10bet
2026-10-07 00:01:17,245 [INFO] Rank 7 | sportpesa.co.za | Soccer betting odds | SportPesa South Africa
2026-10-07 00:01:19,267 [INFO] Rank 8 | livescore.com | Best Soccer Betting Sites South Africa | Top ZA Bookies
2026-10-07 00:01:20,021 [INFO] Rank 9 | reddit.com | Soccer Betting Guide
2026-10-07 00:01:20,021 [INFO] SERP extraction complete: 9/10 organic results
2026-10-07 00:01:20,042 [INFO] Updated 9 SERP rows for 2026-10-07 at 00:00
2026-10-07 00:01:20,070 [INFO] Excel workbook saved: C:\Users\santhm\Desktop\SERP_Monitor\SERP_Monitor\scripts\soccer_betting_rankings.xlsx
============================================================
HOLLYWOODBETS SEO SERP CHECK
============================================================
Keyword: Soccer Betting
Date: 2026-10-07
Capture hour: 00:00
Organic results collected: 9
------------------------------------------------------------
1. Betway | betway.co.za
2. Worldsportsbetting | worldsportsbetting.co.za
3. Sportingbet | sportingbet.co.za
4. Bet | bet.co.za
5. Hollywoodbets | hollywoodbets.net
6. 10bet | 10bet.co.za
7. Sportpesa | sportpesa.co.za
8. LiveScore | livescore.com
9. Reddit | reddit.com
------------------------------------------------------------
Hollywoodbets rank: 5
Results saved: C:\Users\santhm\Desktop\SERP_Monitor\SERP_Monitor\scripts\soccer_betting_rankings.xlsx
============================================================
2026-10-07 00:01:20,336 [INFO] Browser closed.
SEO_SERP_Monitor_soccer_betting completed successfully.
Starting Excel to PostgreSQL sync (first pass)...
aviator_rankings.xlsx: captures created=1, existing captures refreshed=9.
lucky_numbers_rankings.xlsx: captures created=1, existing captures refreshed=9.
online_slots_rankings.xlsx: captures created=1, existing captures refreshed=9.
soccer_betting_rankings.xlsx: captures created=1, existing captures refreshed=9.
Imported all real Excel data: captures created=4, existing captures refreshed=36.
Excel to PostgreSQL sync completed successfully (first pass).
============================================================
[2026/10/07  0:01:21,53] CAPTURE + SYNC COMPLETE
============================================================
============================================================
[2026/10/07  1:00:04,04] CAPTURE + SYNC START
============================================================
------------------------------------------------------------
Starting SEO_SERP_Monitor_aviator...
2026-10-07 01:00:04,601 [INFO] ============================================================
2026-10-07 01:00:04,601 [INFO] Run start: 2026-10-07T01:00:04.601032+02:00 | keyword=Aviator
2026-10-07 01:00:04,601 [INFO] Starting Playwright with dedicated SERP Chrome profile: C:\Users\santhm\Desktop\SERP_Monitor\SERP_Monitor\scripts\serp_chrome_profile_aviator
2026-10-07 01:00:04,601 [INFO] Headless mode: False
2026-10-07 01:00:05,546 [INFO] Persistent Chrome context ready.
2026-10-07 01:00:05,570 [INFO] GET https://www.google.com/search?q=Aviator&hl=en&gl=za&num=20&pws=0
2026-10-07 01:00:09,630 [INFO] SERP loaded.
2026-10-07 01:00:09,633 [INFO] SERP candidates found (H3): 10
2026-10-07 01:00:10,045 [INFO] Rank 1 | hollywoodbets.net | Play Aviator | Aviator Game | Hollywoodbets SA
2026-10-07 01:00:10,725 [INFO] Rank 2 | betway.co.za | Play Online Casino Games - Register ...
2026-10-07 01:00:11,395 [INFO] Rank 3 | betway.co.za | Play Aviator and reach for the sky | Betway Sports betting
2026-10-07 01:00:13,225 [INFO] Rank 4 | 10bet.co.za | Play Aviator Game Online | Crash Game by Spribe
2026-10-07 01:00:13,263 [INFO] Rank 5 | play.google.com | Aviator – Apps on Google Play
2026-10-07 01:00:14,463 [INFO] Rank 6 | livescore.com | How to Play Aviator on Betway 2026: Get 10 Free Flights
2026-10-07 01:00:15,439 [INFO] Rank 7 | spribe.co | Aviator
2026-10-07 01:00:16,815 [INFO] Rank 8 | gbets.co.za | Play Aviator Slot by SPRIBE - Crash Games
2026-10-07 01:00:17,487 [INFO] Rank 9 | betway.co.za | Play Aviator | Register and Get 10 Free Flights
2026-10-07 01:00:26,078 [INFO] Rank 10 | en.wikipedia.org | Aircraft pilot
2026-10-07 01:00:26,078 [INFO] SERP extraction complete: 10/10 organic results
2026-10-07 01:00:26,096 [INFO] Updated 10 SERP rows for 2026-10-07 at 01:00
2026-10-07 01:00:26,127 [INFO] Excel workbook saved: C:\Users\santhm\Desktop\SERP_Monitor\SERP_Monitor\scripts\aviator_rankings.xlsx
============================================================
HOLLYWOODBETS SEO SERP CHECK
============================================================
Keyword: Aviator
Date: 2026-10-07
Capture hour: 01:00
Organic results collected: 10
------------------------------------------------------------
1. Hollywoodbets | hollywoodbets.net
2. Betway | betway.co.za
3. Betway | betway.co.za
4. 10bet | 10bet.co.za
5. Google Play | play.google.com
6. LiveScore | livescore.com
7. SPRIBE | spribe.co
8. Gbets | gbets.co.za
9. Betway | betway.co.za
10. En | en.wikipedia.org
------------------------------------------------------------
Hollywoodbets rank: 1
Results saved: C:\Users\santhm\Desktop\SERP_Monitor\SERP_Monitor\scripts\aviator_rankings.xlsx
============================================================
2026-10-07 01:00:26,395 [INFO] Browser closed.
SEO_SERP_Monitor_aviator completed successfully.
------------------------------------------------------------
Starting SEO_SERP_Monitor_lucky_numbers...
2026-10-07 01:00:26,984 [INFO] ============================================================
2026-10-07 01:00:26,984 [INFO] Run start: 2026-10-07T01:00:26.984693+02:00 | keyword=Lucky Numbers
2026-10-07 01:00:26,985 [INFO] Starting Playwright with dedicated SERP Chrome profile: C:\Users\santhm\Desktop\SERP_Monitor\SERP_Monitor\scripts\serp_chrome_profile_lucky_numbers
2026-10-07 01:00:26,985 [INFO] Headless mode: False
2026-10-07 01:00:27,549 [INFO] Persistent Chrome context ready.
2026-10-07 01:00:27,586 [INFO] GET https://www.google.com/search?q=Lucky+Numbers&hl=en&gl=za&num=20&pws=0
2026-10-07 01:00:31,719 [INFO] SERP loaded.
2026-10-07 01:00:31,722 [INFO] SERP candidates found (H3): 11
2026-10-07 01:00:32,381 [INFO] Rank 1 | betway.co.za | Place your Lucky Numbers bets with ...
2026-10-07 01:00:33,676 [INFO] Rank 2 | tiktok.com | AI Mode replied:
2026-10-07 01:00:33,841 [INFO] Rank 3 | play.google.com | Today Lucky Numbers – Apps on Google Play
2026-10-07 01:00:34,279 [INFO] Rank 4 | hollywoodbets.net | Lucky Numbers for today
2026-10-07 01:00:34,982 [INFO] Rank 5 | worldsportsbetting.co.za | Play Powerball Online | Lucky Numbers & Jackpots
2026-10-07 01:00:36,093 [INFO] Rank 6 | luckynumber.today | Lucky Numbers
2026-10-07 01:00:37,707 [INFO] Rank 7 | en.wikipedia.org | Lucky number
2026-10-07 01:00:38,640 [INFO] Rank 8 | za.pinterest.com | Lucky numbers for lottery
2026-10-07 01:00:39,002 [INFO] Rank 9 | aiminghigh.aimssec.ac.za | LUCKY NUMBERS HELP - Lesson Activities
2026-10-07 01:00:40,357 [INFO] Rank 10 | yesplay.bet | Check Winning Lottery Numbers Online - Lottery Results List
2026-10-07 01:00:40,357 [INFO] SERP extraction complete: 10/10 organic results
2026-10-07 01:00:40,380 [INFO] Updated 10 SERP rows for 2026-10-07 at 01:00
2026-10-07 01:00:40,409 [WARNING] Excel file is locked; retrying save (1/5)...
2026-10-07 01:00:41,929 [INFO] Excel workbook saved: C:\Users\santhm\Desktop\SERP_Monitor\SERP_Monitor\scripts\lucky_numbers_rankings.xlsx
============================================================
HOLLYWOODBETS SEO SERP CHECK
============================================================
Keyword: Lucky Numbers
Date: 2026-10-07
Capture hour: 01:00
Organic results collected: 10
------------------------------------------------------------
1. Betway | betway.co.za
2. Tiktok | tiktok.com
3. Google Play | play.google.com
4. Hollywoodbets | hollywoodbets.net
5. Worldsportsbetting | worldsportsbetting.co.za
6. Luckynumber | luckynumber.today
7. En | en.wikipedia.org
8. Za | za.pinterest.com
9. Aiminghigh | aiminghigh.aimssec.ac.za
10. Yesplay | yesplay.bet
------------------------------------------------------------
Hollywoodbets rank: 4
Results saved: C:\Users\santhm\Desktop\SERP_Monitor\SERP_Monitor\scripts\lucky_numbers_rankings.xlsx
============================================================
2026-10-07 01:00:42,193 [INFO] Browser closed.
SEO_SERP_Monitor_lucky_numbers completed successfully.
------------------------------------------------------------
Starting SEO_SERP_Monitor_online_slots...
2026-10-07 01:00:42,721 [INFO] ============================================================
2026-10-07 01:00:42,722 [INFO] Run start: 2026-10-07T01:00:42.721567+02:00 | keyword=Online Slots
2026-10-07 01:00:42,722 [INFO] Starting Playwright with dedicated SERP Chrome profile: C:\Users\santhm\Desktop\SERP_Monitor\SERP_Monitor\scripts\serp_chrome_profile_online_slots
2026-10-07 01:00:42,722 [INFO] Headless mode: False
2026-10-07 01:00:43,305 [INFO] Persistent Chrome context ready.
2026-10-07 01:00:43,327 [INFO] GET https://www.google.com/search?q=Online+Slots&hl=en&gl=za&num=20&pws=0
2026-10-07 01:00:47,466 [INFO] SERP loaded.
2026-10-07 01:00:47,469 [INFO] SERP candidates found (H3): 10
2026-10-07 01:00:48,105 [INFO] Rank 1 | betway.co.za | Online Slots Games | Betway | Register & Get Free Spins
2026-10-07 01:00:48,516 [INFO] Rank 2 | hollywoodbets.net | Online Slot Games
2026-10-07 01:00:48,550 [INFO] Rank 3 | play.google.com | Slots online – Apps on Google Play
2026-10-07 01:00:49,072 [INFO] Rank 4 | foxybingo.com | Play Online Slots UK | Foxy Games
2026-10-07 01:00:49,828 [INFO] Rank 5 | worldsportsbetting.co.za | Online Slot Games | Play Real Money ...
2026-10-07 01:00:51,950 [INFO] Rank 6 | playojo.com | Online Slots - Play slot games in UK at PlayOJO
2026-10-07 01:00:54,768 [INFO] Rank 7 | betolimp.co.za | Play Online Slots for Real Money in South Africa
2026-10-07 01:00:55,647 [INFO] Rank 8 | playtsogo.co.za | playTSOGO | Online Sportsbook Betting in South Africa
2026-10-07 01:00:57,181 [INFO] Rank 9 | youtube.com | How to Win Online Slots Every Time: 5 Strategies to Play
2026-10-07 01:00:59,650 [INFO] Rank 10 | zalebs.com | Top 20 Online Casinos in South Africa
2026-10-07 01:00:59,650 [INFO] SERP extraction complete: 10/10 organic results
2026-10-07 01:00:59,670 [INFO] Updated 10 SERP rows for 2026-10-07 at 01:00
2026-10-07 01:00:59,696 [INFO] Excel workbook saved: C:\Users\santhm\Desktop\SERP_Monitor\SERP_Monitor\scripts\online_slots_rankings.xlsx
============================================================
HOLLYWOODBETS SEO SERP CHECK
============================================================
Keyword: Online Slots
Date: 2026-10-07
Capture hour: 01:00
Organic results collected: 10
------------------------------------------------------------
1. Betway | betway.co.za
2. Hollywoodbets | hollywoodbets.net
3. Google Play | play.google.com
4. Foxybingo | foxybingo.com
5. Worldsportsbetting | worldsportsbetting.co.za
6. Playojo | playojo.com
7. Betolimp | betolimp.co.za
8. Playtsogo | playtsogo.co.za
9. Youtube | youtube.com
10. Zalebs | zalebs.com
------------------------------------------------------------
Hollywoodbets rank: 2
Results saved: C:\Users\santhm\Desktop\SERP_Monitor\SERP_Monitor\scripts\online_slots_rankings.xlsx
============================================================
2026-10-07 01:01:00,000 [INFO] Browser closed.
SEO_SERP_Monitor_online_slots completed successfully.
------------------------------------------------------------
Starting SEO_SERP_Monitor_soccer_betting...
2026-10-07 01:01:00,539 [INFO] ============================================================
2026-10-07 01:01:00,539 [INFO] Run start: 2026-10-07T01:01:00.539116+02:00 | keyword=Soccer Betting
2026-10-07 01:01:00,539 [INFO] Starting Playwright with dedicated SERP Chrome profile: C:\Users\santhm\Desktop\SERP_Monitor\SERP_Monitor\scripts\serp_chrome_profile_soccer_betting
2026-10-07 01:01:00,539 [INFO] Headless mode: False
2026-10-07 01:01:01,496 [INFO] Persistent Chrome context ready.
2026-10-07 01:01:01,520 [INFO] GET https://www.google.com/search?q=Soccer+Betting&hl=en&gl=za&num=20&pws=0
2026-10-07 01:01:05,646 [INFO] SERP loaded.
2026-10-07 01:01:05,648 [INFO] SERP candidates found (H3): 10
2026-10-07 01:01:07,236 [INFO] Rank 1 | youtube.com | AI Mode reply for Soccer Betting
--- Logging error ---
Traceback (most recent call last):
  File "C:\Python314\Lib\logging\__init__.py", line 1154, in emit
    stream.write(msg + self.terminator)
    ~~~~~~~~~~~~^^^^^^^^^^^^^^^^^^^^^^^
  File "C:\Python314\Lib\encodings\cp1252.py", line 19, in encode
    return codecs.charmap_encode(input,self.errors,encoding_table)[0]
           ~~~~~~~~~~~~~~~~~~~~~^^^^^^^^^^^^^^^^^^^^^^^^^^^^^^^^^^
UnicodeEncodeError: 'charmap' codec can't encode character '\u26bd' in position 67: character maps to <undefined>
Call stack:
  File "C:\Users\santhm\Desktop\SERP_Monitor\SERP_Monitor\scripts\SEO_SERP_Monitor_Soccer_Betting.py", line 1216, in <module>
    result = run_once()
  File "C:\Users\santhm\Desktop\SERP_Monitor\SERP_Monitor\scripts\SEO_SERP_Monitor_Soccer_Betting.py", line 1092, in run_once
    results = extract_organic_results(page)
  File "C:\Users\santhm\Desktop\SERP_Monitor\SERP_Monitor\scripts\SEO_SERP_Monitor_Soccer_Betting.py", line 530, in extract_organic_results
    logger.info(
Message: 'Rank %d | %s | %s'
Arguments: (2, 'worldsportsbetting.co.za', '\u26bd Soccer Betting at World Sports Betting')
2026-10-07 01:01:08,968 [INFO] Rank 3 | sportingbet.co.za | Soccer Betting & Football Betting South Africa
2026-10-07 01:01:10,622 [INFO] Rank 4 | betway.com | Football Betting & Football Odds 2026
2026-10-07 01:01:11,490 [INFO] Rank 5 | supersportbet.com | Soccer
2026-10-07 01:01:13,804 [INFO] Rank 6 | betolimp.co.za | Soccer Betting South Africa
2026-10-07 01:01:14,693 [INFO] Rank 7 | bet.co.za | Sports - Soccer - Competitions
2026-10-07 01:01:17,263 [INFO] Rank 8 | sportpesa.co.za | Soccer betting odds | SportPesa South Africa
2026-10-07 01:01:18,365 [INFO] Rank 9 | easybet.co.za | Soccer
2026-10-07 01:01:19,810 [INFO] SERP extraction complete: 9/10 organic results
2026-10-07 01:01:19,829 [INFO] Updated 9 SERP rows for 2026-10-07 at 01:00
2026-10-07 01:01:19,858 [INFO] Excel workbook saved: C:\Users\santhm\Desktop\SERP_Monitor\SERP_Monitor\scripts\soccer_betting_rankings.xlsx
============================================================
HOLLYWOODBETS SEO SERP CHECK
============================================================
Keyword: Soccer Betting
Date: 2026-10-07
Capture hour: 01:00
Organic results collected: 9
------------------------------------------------------------
1. Youtube | youtube.com
2. Worldsportsbetting | worldsportsbetting.co.za
3. Sportingbet | sportingbet.co.za
4. Betway | betway.com
5. Supersportbet | supersportbet.com
6. Betolimp | betolimp.co.za
7. Bet | bet.co.za
8. Sportpesa | sportpesa.co.za
9. Easybet | easybet.co.za
------------------------------------------------------------
Hollywoodbets rank: None
Results saved: C:\Users\santhm\Desktop\SERP_Monitor\SERP_Monitor\scripts\soccer_betting_rankings.xlsx
============================================================
2026-10-07 01:01:20,127 [INFO] Browser closed.
SEO_SERP_Monitor_soccer_betting completed successfully.
Starting Excel to PostgreSQL sync (first pass)...
aviator_rankings.xlsx: captures created=1, existing captures refreshed=10.
lucky_numbers_rankings.xlsx: captures created=1, existing captures refreshed=10.
online_slots_rankings.xlsx: captures created=1, existing captures refreshed=10.
soccer_betting_rankings.xlsx: captures created=1, existing captures refreshed=10.
Imported all real Excel data: captures created=4, existing captures refreshed=40.
Excel to PostgreSQL sync completed successfully (first pass).
============================================================
[2026/10/07  1:01:21,35] CAPTURE + SYNC COMPLETE
============================================================
============================================================
[2026/10/07  2:00:03,77] CAPTURE + SYNC START
============================================================
------------------------------------------------------------
Starting SEO_SERP_Monitor_aviator...
2026-10-07 02:00:04,334 [INFO] ============================================================
2026-10-07 02:00:04,334 [INFO] Run start: 2026-10-07T02:00:04.334506+02:00 | keyword=Aviator
2026-10-07 02:00:04,335 [INFO] Starting Playwright with dedicated SERP Chrome profile: C:\Users\santhm\Desktop\SERP_Monitor\SERP_Monitor\scripts\serp_chrome_profile_aviator
2026-10-07 02:00:04,335 [INFO] Headless mode: False
2026-10-07 02:00:05,243 [INFO] Persistent Chrome context ready.
2026-10-07 02:00:05,281 [INFO] GET https://www.google.com/search?q=Aviator&hl=en&gl=za&num=20&pws=0
2026-10-07 02:00:09,845 [INFO] SERP loaded.
2026-10-07 02:00:09,847 [INFO] SERP candidates found (H3): 10
2026-10-07 02:00:10,353 [INFO] Rank 1 | hollywoodbets.net | Play Aviator | Aviator Game | Hollywoodbets SA
2026-10-07 02:00:11,015 [INFO] Rank 2 | betway.co.za | Play Online Casino Games - Register ...
2026-10-07 02:00:11,700 [INFO] Rank 3 | betway.co.za | Play Aviator and reach for the sky | Betway Sports betting
2026-10-07 02:00:12,779 [INFO] Rank 4 | 10bet.co.za | Play Aviator Game Online | Crash Game by Spribe
2026-10-07 02:00:12,820 [INFO] Rank 5 | play.google.com | Aviator – Apps on Google Play
2026-10-07 02:00:13,964 [INFO] Rank 6 | livescore.com | How to Play Aviator on Betway 2026: Get 10 Free Flights
2026-10-07 02:00:14,940 [INFO] Rank 7 | spribe.co | Aviator
2026-10-07 02:00:15,736 [INFO] Rank 8 | gbets.co.za | Play Aviator Slot by SPRIBE - Crash Games
2026-10-07 02:00:16,623 [INFO] Rank 9 | betway.co.za | Play Aviator | Register and Get 10 Free Flights
2026-10-07 02:00:18,704 [INFO] Rank 10 | en.wikipedia.org | Aircraft pilot
2026-10-07 02:00:18,704 [INFO] SERP extraction complete: 10/10 organic results
2026-10-07 02:00:18,728 [INFO] Updated 10 SERP rows for 2026-10-07 at 02:00
2026-10-07 02:00:18,759 [INFO] Excel workbook saved: C:\Users\santhm\Desktop\SERP_Monitor\SERP_Monitor\scripts\aviator_rankings.xlsx
============================================================
HOLLYWOODBETS SEO SERP CHECK
============================================================
Keyword: Aviator
Date: 2026-10-07
Capture hour: 02:00
Organic results collected: 10
------------------------------------------------------------
1. Hollywoodbets | hollywoodbets.net
2. Betway | betway.co.za
3. Betway | betway.co.za
4. 10bet | 10bet.co.za
5. Google Play | play.google.com
6. LiveScore | livescore.com
7. SPRIBE | spribe.co
8. Gbets | gbets.co.za
9. Betway | betway.co.za
10. En | en.wikipedia.org
------------------------------------------------------------
Hollywoodbets rank: 1
Results saved: C:\Users\santhm\Desktop\SERP_Monitor\SERP_Monitor\scripts\aviator_rankings.xlsx
============================================================
2026-10-07 02:00:19,037 [INFO] Browser closed.
SEO_SERP_Monitor_aviator completed successfully.
------------------------------------------------------------
Starting SEO_SERP_Monitor_lucky_numbers...
2026-10-07 02:00:19,604 [INFO] ============================================================
2026-10-07 02:00:19,605 [INFO] Run start: 2026-10-07T02:00:19.604717+02:00 | keyword=Lucky Numbers
2026-10-07 02:00:19,606 [INFO] Starting Playwright with dedicated SERP Chrome profile: C:\Users\santhm\Desktop\SERP_Monitor\SERP_Monitor\scripts\serp_chrome_profile_lucky_numbers
2026-10-07 02:00:19,606 [INFO] Headless mode: False
2026-10-07 02:00:20,538 [INFO] Persistent Chrome context ready.
2026-10-07 02:00:20,560 [INFO] GET https://www.google.com/search?q=Lucky+Numbers&hl=en&gl=za&num=20&pws=0
2026-10-07 02:00:25,112 [INFO] SERP loaded.
2026-10-07 02:00:25,116 [INFO] SERP candidates found (H3): 11
2026-10-07 02:00:25,775 [INFO] Rank 1 | betway.co.za | Place your Lucky Numbers bets with ...
2026-10-07 02:00:25,813 [INFO] Rank 2 | play.google.com | Today Lucky Numbers – Apps on Google Play
2026-10-07 02:00:26,701 [INFO] Rank 3 | tiktok.com | AI Mode replied:
2026-10-07 02:00:27,282 [INFO] Rank 4 | hollywoodbets.net | Lucky Numbers for today
2026-10-07 02:00:28,054 [INFO] Rank 5 | worldsportsbetting.co.za | Play Powerball Online | Lucky Numbers & Jackpots
2026-10-07 02:00:29,053 [INFO] Rank 6 | luckynumber.today | Lucky Numbers
2026-10-07 02:00:31,000 [INFO] Rank 7 | en.wikipedia.org | Lucky number
2026-10-07 02:00:32,284 [INFO] Rank 8 | za.pinterest.com | Lucky numbers for lottery
2026-10-07 02:00:32,610 [INFO] Rank 9 | aiminghigh.aimssec.ac.za | LUCKY NUMBERS HELP - Lesson Activities
2026-10-07 02:00:33,693 [INFO] Rank 10 | yesplay.bet | Check Winning Lottery Numbers Online - Lottery Results List
2026-10-07 02:00:33,693 [INFO] SERP extraction complete: 10/10 organic results
2026-10-07 02:00:33,712 [INFO] Updated 10 SERP rows for 2026-10-07 at 02:00
2026-10-07 02:00:33,740 [INFO] Excel workbook saved: C:\Users\santhm\Desktop\SERP_Monitor\SERP_Monitor\scripts\lucky_numbers_rankings.xlsx
============================================================
HOLLYWOODBETS SEO SERP CHECK
============================================================
Keyword: Lucky Numbers
Date: 2026-10-07
Capture hour: 02:00
Organic results collected: 10
------------------------------------------------------------
1. Betway | betway.co.za
2. Google Play | play.google.com
3. Tiktok | tiktok.com
4. Hollywoodbets | hollywoodbets.net
5. Worldsportsbetting | worldsportsbetting.co.za
6. Luckynumber | luckynumber.today
7. En | en.wikipedia.org
8. Za | za.pinterest.com
9. Aiminghigh | aiminghigh.aimssec.ac.za
10. Yesplay | yesplay.bet
------------------------------------------------------------
Hollywoodbets rank: 4
Results saved: C:\Users\santhm\Desktop\SERP_Monitor\SERP_Monitor\scripts\lucky_numbers_rankings.xlsx
============================================================
2026-10-07 02:00:33,975 [INFO] Browser closed.
SEO_SERP_Monitor_lucky_numbers completed successfully.
------------------------------------------------------------
Starting SEO_SERP_Monitor_online_slots...
2026-10-07 02:00:34,489 [INFO] ============================================================
2026-10-07 02:00:34,489 [INFO] Run start: 2026-10-07T02:00:34.489228+02:00 | keyword=Online Slots
2026-10-07 02:00:34,490 [INFO] Starting Playwright with dedicated SERP Chrome profile: C:\Users\santhm\Desktop\SERP_Monitor\SERP_Monitor\scripts\serp_chrome_profile_online_slots
2026-10-07 02:00:34,490 [INFO] Headless mode: False
2026-10-07 02:00:35,354 [INFO] Persistent Chrome context ready.
2026-10-07 02:00:35,391 [INFO] GET https://www.google.com/search?q=Online+Slots&hl=en&gl=za&num=20&pws=0
2026-10-07 02:00:39,619 [INFO] SERP loaded.
2026-10-07 02:00:39,628 [INFO] SERP candidates found (H3): 10
2026-10-07 02:00:40,294 [INFO] Rank 1 | betway.co.za | Online Slots Games | Betway | Register & Get Free Spins
2026-10-07 02:00:41,151 [INFO] Rank 2 | worldsportsbetting.co.za | Online Slot Games | Play Real Money ...
2026-10-07 02:00:41,708 [INFO] Rank 3 | hollywoodbets.net | Online Slot Games
2026-10-07 02:00:41,743 [INFO] Rank 4 | play.google.com | Slots online – Apps on Google Play
2026-10-07 02:00:43,230 [INFO] Rank 5 | fortunesultimateslots.com | Caesars Slots – Free Slots & Online Social Casino
2026-10-07 02:00:45,736 [INFO] Rank 6 | betolimp.co.za | Play Online Slots for Real Money in South Africa
2026-10-07 02:00:47,180 [INFO] Rank 7 | apps.apple.com | Cashman Casino Slots Games - App Store
2026-10-07 02:00:47,824 [INFO] Rank 8 | foxybingo.com | Play Online Slots UK | Foxy Games
2026-10-07 02:00:48,413 [INFO] Rank 9 | supersportbet.com | Casino Games: Slots, Aviator, Roulette & More
2026-10-07 02:00:50,058 [INFO] Rank 10 | betway.com | Play Slot Games Online
2026-10-07 02:00:50,059 [INFO] SERP extraction complete: 10/10 organic results
2026-10-07 02:00:50,077 [INFO] Updated 10 SERP rows for 2026-10-07 at 02:00
2026-10-07 02:00:50,103 [INFO] Excel workbook saved: C:\Users\santhm\Desktop\SERP_Monitor\SERP_Monitor\scripts\online_slots_rankings.xlsx
============================================================
HOLLYWOODBETS SEO SERP CHECK
============================================================
Keyword: Online Slots
Date: 2026-10-07
Capture hour: 02:00
Organic results collected: 10
------------------------------------------------------------
1. Betway | betway.co.za
2. Worldsportsbetting | worldsportsbetting.co.za
3. Hollywoodbets | hollywoodbets.net
4. Google Play | play.google.com
5. Fortunesultimateslots | fortunesultimateslots.com
6. Betolimp | betolimp.co.za
7. Apps | apps.apple.com
8. Foxybingo | foxybingo.com
9. Supersportbet | supersportbet.com
10. Betway | betway.com
------------------------------------------------------------
Hollywoodbets rank: 3
Results saved: C:\Users\santhm\Desktop\SERP_Monitor\SERP_Monitor\scripts\online_slots_rankings.xlsx
============================================================
2026-10-07 02:00:50,397 [INFO] Browser closed.
SEO_SERP_Monitor_online_slots completed successfully.
------------------------------------------------------------
Starting SEO_SERP_Monitor_soccer_betting...
2026-10-07 02:00:50,907 [INFO] ============================================================
2026-10-07 02:00:50,908 [INFO] Run start: 2026-10-07T02:00:50.907596+02:00 | keyword=Soccer Betting
2026-10-07 02:00:50,908 [INFO] Starting Playwright with dedicated SERP Chrome profile: C:\Users\santhm\Desktop\SERP_Monitor\SERP_Monitor\scripts\serp_chrome_profile_soccer_betting
2026-10-07 02:00:50,908 [INFO] Headless mode: False
2026-10-07 02:00:51,849 [INFO] Persistent Chrome context ready.
2026-10-07 02:00:51,885 [INFO] GET https://www.google.com/search?q=Soccer+Betting&hl=en&gl=za&num=20&pws=0
2026-10-07 02:00:56,042 [INFO] SERP loaded.
2026-10-07 02:00:56,044 [INFO] SERP candidates found (H3): 10
2026-10-07 02:00:57,265 [INFO] Rank 1 | worldsportsbetting.co.za | AI Mode reply for Soccer Betting
2026-10-07 02:00:59,046 [INFO] Rank 2 | sportingbet.co.za | Soccer Betting & Football Betting South Africa
2026-10-07 02:00:59,937 [INFO] Rank 3 | bet.co.za | Sports - Soccer - Competitions
2026-10-07 02:01:00,371 [INFO] Rank 4 | hollywoodbets.net | Hollywoodbets Soccer Betting | Latest Soccer Odds
2026-10-07 02:01:01,387 [INFO] Rank 5 | 10bet.co.za | Soccer Betting South Africa | Football Odds on 10bet
2026-10-07 02:01:02,074 [INFO] Rank 6 | betway.co.za | Betway | Soccer Betting & Get The latest Soccer Odds
2026-10-07 02:01:03,028 [INFO] Rank 7 | supersportbet.com | Soccer
2026-10-07 02:01:03,471 [INFO] Rank 8 | reddit.com | Soccer Betting Guide
2026-10-07 02:01:05,653 [INFO] Rank 9 | sportpesa.co.za | Soccer betting odds | SportPesa South Africa
2026-10-07 02:01:05,653 [INFO] SERP extraction complete: 9/10 organic results
2026-10-07 02:01:05,674 [INFO] Updated 9 SERP rows for 2026-10-07 at 02:00
2026-10-07 02:01:05,706 [INFO] Excel workbook saved: C:\Users\santhm\Desktop\SERP_Monitor\SERP_Monitor\scripts\soccer_betting_rankings.xlsx
============================================================
HOLLYWOODBETS SEO SERP CHECK
============================================================
Keyword: Soccer Betting
Date: 2026-10-07
Capture hour: 02:00
Organic results collected: 9
------------------------------------------------------------
1. Worldsportsbetting | worldsportsbetting.co.za
2. Sportingbet | sportingbet.co.za
3. Bet | bet.co.za
4. Hollywoodbets | hollywoodbets.net
5. 10bet | 10bet.co.za
6. Betway | betway.co.za
7. Supersportbet | supersportbet.com
8. Reddit | reddit.com
9. Sportpesa | sportpesa.co.za
------------------------------------------------------------
Hollywoodbets rank: 4
Results saved: C:\Users\santhm\Desktop\SERP_Monitor\SERP_Monitor\scripts\soccer_betting_rankings.xlsx
============================================================
2026-10-07 02:01:06,024 [INFO] Browser closed.
SEO_SERP_Monitor_soccer_betting completed successfully.
Starting Excel to PostgreSQL sync (first pass)...
aviator_rankings.xlsx: captures created=1, existing captures refreshed=11.
lucky_numbers_rankings.xlsx: captures created=1, existing captures refreshed=11.
online_slots_rankings.xlsx: captures created=1, existing captures refreshed=11.
soccer_betting_rankings.xlsx: captures created=1, existing captures refreshed=11.
Imported all real Excel data: captures created=4, existing captures refreshed=44.
Excel to PostgreSQL sync completed successfully (first pass).
============================================================
[2026/10/07  2:01:07,21] CAPTURE + SYNC COMPLETE
============================================================
============================================================
[2026/10/07  3:00:04,07] CAPTURE + SYNC START
============================================================
------------------------------------------------------------
Starting SEO_SERP_Monitor_aviator...
2026-10-07 03:00:04,639 [INFO] ============================================================
2026-10-07 03:00:04,639 [INFO] Run start: 2026-10-07T03:00:04.639000+02:00 | keyword=Aviator
2026-10-07 03:00:04,639 [INFO] Starting Playwright with dedicated SERP Chrome profile: C:\Users\santhm\Desktop\SERP_Monitor\SERP_Monitor\scripts\serp_chrome_profile_aviator
2026-10-07 03:00:04,639 [INFO] Headless mode: False
2026-10-07 03:00:05,579 [INFO] Persistent Chrome context ready.
2026-10-07 03:00:05,623 [INFO] GET https://www.google.com/search?q=Aviator&hl=en&gl=za&num=20&pws=0
2026-10-07 03:00:10,050 [INFO] SERP loaded.
2026-10-07 03:00:10,052 [INFO] SERP candidates found (H3): 10
2026-10-07 03:00:10,464 [INFO] Rank 1 | hollywoodbets.net | Play Aviator | Aviator Game | Hollywoodbets SA
2026-10-07 03:00:11,124 [INFO] Rank 2 | betway.co.za | Play Online Casino Games - Register ...
2026-10-07 03:00:11,754 [INFO] Rank 3 | betway.co.za | Play Aviator and reach for the sky | Betway Sports betting
2026-10-07 03:00:13,620 [INFO] Rank 4 | 10bet.co.za | Play Aviator Game Online | Crash Game by Spribe
2026-10-07 03:00:14,227 [INFO] Rank 5 | betway.co.za | Play Aviator Demo Game Free
2026-10-07 03:00:14,260 [INFO] Rank 6 | play.google.com | Aviator Game - Apps on Google Play
2026-10-07 03:00:15,667 [INFO] Rank 7 | livescore.com | How to Play Aviator on Betway 2026: Get 10 Free Flights
2026-10-07 03:00:16,658 [INFO] Rank 8 | spribe.co | Aviator
2026-10-07 03:00:18,766 [INFO] Rank 9 | en.wikipedia.org | Aircraft pilot
2026-10-07 03:00:19,646 [INFO] Rank 10 | betway.co.za | Play Aviator | Register and Get 10 Free Flights
2026-10-07 03:00:19,646 [INFO] SERP extraction complete: 10/10 organic results
2026-10-07 03:00:19,669 [INFO] Updated 10 SERP rows for 2026-10-07 at 03:00
2026-10-07 03:00:19,700 [INFO] Excel workbook saved: C:\Users\santhm\Desktop\SERP_Monitor\SERP_Monitor\scripts\aviator_rankings.xlsx
============================================================
HOLLYWOODBETS SEO SERP CHECK
============================================================
Keyword: Aviator
Date: 2026-10-07
Capture hour: 03:00
Organic results collected: 10
------------------------------------------------------------
1. Hollywoodbets | hollywoodbets.net
2. Betway | betway.co.za
3. Betway | betway.co.za
4. 10bet | 10bet.co.za
5. Betway | betway.co.za
6. Google Play | play.google.com
7. LiveScore | livescore.com
8. SPRIBE | spribe.co
9. En | en.wikipedia.org
10. Betway | betway.co.za
------------------------------------------------------------
Hollywoodbets rank: 1
Results saved: C:\Users\santhm\Desktop\SERP_Monitor\SERP_Monitor\scripts\aviator_rankings.xlsx
============================================================
2026-10-07 03:00:19,994 [INFO] Browser closed.
SEO_SERP_Monitor_aviator completed successfully.
------------------------------------------------------------
Starting SEO_SERP_Monitor_lucky_numbers...
2026-10-07 03:00:20,563 [INFO] ============================================================
2026-10-07 03:00:20,563 [INFO] Run start: 2026-10-07T03:00:20.563320+02:00 | keyword=Lucky Numbers
2026-10-07 03:00:20,564 [INFO] Starting Playwright with dedicated SERP Chrome profile: C:\Users\santhm\Desktop\SERP_Monitor\SERP_Monitor\scripts\serp_chrome_profile_lucky_numbers
2026-10-07 03:00:20,564 [INFO] Headless mode: False
2026-10-07 03:00:21,506 [INFO] Persistent Chrome context ready.
2026-10-07 03:00:21,529 [INFO] GET https://www.google.com/search?q=Lucky+Numbers&hl=en&gl=za&num=20&pws=0
2026-10-07 03:00:26,195 [INFO] SERP loaded.
2026-10-07 03:00:26,199 [INFO] SERP candidates found (H3): 11
2026-10-07 03:00:26,838 [INFO] Rank 1 | betway.co.za | Place your Lucky Numbers bets with ...
2026-10-07 03:00:27,954 [INFO] Rank 2 | tiktok.com | AI Mode replied:
2026-10-07 03:00:27,983 [INFO] Rank 3 | play.google.com | Today Lucky Numbers – Apps on Google Play
2026-10-07 03:00:28,393 [INFO] Rank 4 | hollywoodbets.net | Lucky Numbers for today
2026-10-07 03:00:29,171 [INFO] Rank 5 | worldsportsbetting.co.za | Play Powerball Online | Lucky Numbers & Jackpots
2026-10-07 03:00:30,665 [INFO] Rank 6 | luckynumber.today | Today Lucky Number
2026-10-07 03:00:32,889 [INFO] Rank 7 | en.wikipedia.org | Lucky number
2026-10-07 03:00:34,391 [INFO] Rank 8 | za.pinterest.com | Lucky numbers for lottery
2026-10-07 03:00:34,823 [INFO] Rank 9 | hollywoodbets.net | Lucky Numbers Results for Today | Hollywoodbets SA
2026-10-07 03:00:37,290 [INFO] Rank 10 | interbet.co.za | Play Lucky Numbers Online at Interbet
2026-10-07 03:00:37,290 [INFO] SERP extraction complete: 10/10 organic results
2026-10-07 03:00:37,310 [INFO] Updated 10 SERP rows for 2026-10-07 at 03:00
2026-10-07 03:00:37,333 [INFO] Excel workbook saved: C:\Users\santhm\Desktop\SERP_Monitor\SERP_Monitor\scripts\lucky_numbers_rankings.xlsx
============================================================
HOLLYWOODBETS SEO SERP CHECK
============================================================
Keyword: Lucky Numbers
Date: 2026-10-07
Capture hour: 03:00
Organic results collected: 10
------------------------------------------------------------
1. Betway | betway.co.za
2. Tiktok | tiktok.com
3. Google Play | play.google.com
4. Hollywoodbets | hollywoodbets.net
5. Worldsportsbetting | worldsportsbetting.co.za
6. Luckynumber | luckynumber.today
7. En | en.wikipedia.org
8. Za | za.pinterest.com
9. Hollywoodbets | hollywoodbets.net
10. Interbet | interbet.co.za
------------------------------------------------------------
Hollywoodbets rank: 4
Results saved: C:\Users\santhm\Desktop\SERP_Monitor\SERP_Monitor\scripts\lucky_numbers_rankings.xlsx
============================================================
2026-10-07 03:00:37,627 [INFO] Browser closed.
SEO_SERP_Monitor_lucky_numbers completed successfully.
------------------------------------------------------------
Starting SEO_SERP_Monitor_online_slots...
2026-10-07 03:00:38,151 [INFO] ============================================================
2026-10-07 03:00:38,152 [INFO] Run start: 2026-10-07T03:00:38.151823+02:00 | keyword=Online Slots
2026-10-07 03:00:38,152 [INFO] Starting Playwright with dedicated SERP Chrome profile: C:\Users\santhm\Desktop\SERP_Monitor\SERP_Monitor\scripts\serp_chrome_profile_online_slots
2026-10-07 03:00:38,152 [INFO] Headless mode: False
2026-10-07 03:00:39,048 [INFO] Persistent Chrome context ready.
2026-10-07 03:00:39,072 [INFO] GET https://www.google.com/search?q=Online+Slots&hl=en&gl=za&num=20&pws=0
2026-10-07 03:00:43,220 [INFO] SERP loaded.
2026-10-07 03:00:43,222 [INFO] SERP candidates found (H3): 10
2026-10-07 03:00:43,864 [INFO] Rank 1 | betway.co.za | Online Slots Games | Betway | Register & Get Free Spins
2026-10-07 03:00:44,372 [INFO] Rank 2 | hollywoodbets.net | Online Slot Games
2026-10-07 03:00:44,416 [INFO] Rank 3 | play.google.com | Slots online – Apps on Google Play
2026-10-07 03:00:44,979 [INFO] Rank 4 | foxybingo.com | Play Online Slots UK | Foxy Games
2026-10-07 03:00:45,846 [INFO] Rank 5 | worldsportsbetting.co.za | Online Slot Games | Play Real Money ...
2026-10-07 03:00:50,327 [INFO] Rank 6 | playojo.com | Online Slots - Play slot games in UK at PlayOJO
2026-10-07 03:00:53,670 [INFO] Rank 7 | betolimp.co.za | Play Online Slots for Real Money in South Africa
2026-10-07 03:00:54,875 [INFO] Rank 8 | playtsogo.co.za | playTSOGO | Online Sportsbook Betting in South Africa
2026-10-07 03:00:56,306 [INFO] Rank 9 | youtube.com | Most Popular Online Slots: Top 5 Games You Need to Try!
2026-10-07 03:00:58,045 [INFO] Rank 10 | zalebs.com | Top 20 Online Casinos in South Africa
2026-10-07 03:00:58,046 [INFO] SERP extraction complete: 10/10 organic results
2026-10-07 03:00:58,065 [INFO] Updated 10 SERP rows for 2026-10-07 at 03:00
2026-10-07 03:00:58,092 [INFO] Excel workbook saved: C:\Users\santhm\Desktop\SERP_Monitor\SERP_Monitor\scripts\online_slots_rankings.xlsx
============================================================
HOLLYWOODBETS SEO SERP CHECK
============================================================
Keyword: Online Slots
Date: 2026-10-07
Capture hour: 03:00
Organic results collected: 10
------------------------------------------------------------
1. Betway | betway.co.za
2. Hollywoodbets | hollywoodbets.net
3. Google Play | play.google.com
4. Foxybingo | foxybingo.com
5. Worldsportsbetting | worldsportsbetting.co.za
6. Playojo | playojo.com
7. Betolimp | betolimp.co.za
8. Playtsogo | playtsogo.co.za
9. Youtube | youtube.com
10. Zalebs | zalebs.com
------------------------------------------------------------
Hollywoodbets rank: 2
Results saved: C:\Users\santhm\Desktop\SERP_Monitor\SERP_Monitor\scripts\online_slots_rankings.xlsx
============================================================
2026-10-07 03:00:58,415 [INFO] Browser closed.
SEO_SERP_Monitor_online_slots completed successfully.
------------------------------------------------------------
Starting SEO_SERP_Monitor_soccer_betting...
2026-10-07 03:00:58,920 [INFO] ============================================================
2026-10-07 03:00:58,920 [INFO] Run start: 2026-10-07T03:00:58.920230+02:00 | keyword=Soccer Betting
2026-10-07 03:00:58,920 [INFO] Starting Playwright with dedicated SERP Chrome profile: C:\Users\santhm\Desktop\SERP_Monitor\SERP_Monitor\scripts\serp_chrome_profile_soccer_betting
2026-10-07 03:00:58,920 [INFO] Headless mode: False
2026-10-07 03:00:59,811 [INFO] Persistent Chrome context ready.
2026-10-07 03:00:59,859 [INFO] GET https://www.google.com/search?q=Soccer+Betting&hl=en&gl=za&num=20&pws=0
2026-10-07 03:01:04,519 [INFO] SERP loaded.
2026-10-07 03:01:04,521 [INFO] SERP candidates found (H3): 10
2026-10-07 03:01:04,967 [INFO] Rank 1 | hollywoodbets.net | AI Mode reply for Soccer Betting
--- Logging error ---
Traceback (most recent call last):
  File "C:\Python314\Lib\logging\__init__.py", line 1154, in emit
    stream.write(msg + self.terminator)
    ~~~~~~~~~~~~^^^^^^^^^^^^^^^^^^^^^^^
  File "C:\Python314\Lib\encodings\cp1252.py", line 19, in encode
    return codecs.charmap_encode(input,self.errors,encoding_table)[0]
           ~~~~~~~~~~~~~~~~~~~~~^^^^^^^^^^^^^^^^^^^^^^^^^^^^^^^^^^
UnicodeEncodeError: 'charmap' codec can't encode character '\u26bd' in position 67: character maps to <undefined>
Call stack:
  File "C:\Users\santhm\Desktop\SERP_Monitor\SERP_Monitor\scripts\SEO_SERP_Monitor_Soccer_Betting.py", line 1216, in <module>
    result = run_once()
  File "C:\Users\santhm\Desktop\SERP_Monitor\SERP_Monitor\scripts\SEO_SERP_Monitor_Soccer_Betting.py", line 1092, in run_once
    results = extract_organic_results(page)
  File "C:\Users\santhm\Desktop\SERP_Monitor\SERP_Monitor\scripts\SEO_SERP_Monitor_Soccer_Betting.py", line 530, in extract_organic_results
    logger.info(
Message: 'Rank %d | %s | %s'
Arguments: (2, 'worldsportsbetting.co.za', '\u26bd Soccer Betting at World Sports Betting')
2026-10-07 03:01:07,228 [INFO] Rank 3 | sportingbet.co.za | Soccer Betting & Football Betting South Africa
2026-10-07 03:01:09,364 [INFO] Rank 4 | betway.com | Football Betting & Football Odds 2026
2026-10-07 03:01:10,264 [INFO] Rank 5 | supersportbet.com | Soccer
2026-10-07 03:01:12,322 [INFO] Rank 6 | betolimp.co.za | Soccer Betting South Africa
2026-10-07 03:01:13,721 [INFO] Rank 7 | bet.co.za | Sports - Soccer - Competitions
2026-10-07 03:01:14,734 [INFO] Rank 8 | easybet.co.za | Soccer
2026-10-07 03:01:17,718 [INFO] Rank 9 | sportpesa.co.za | Soccer betting odds | SportPesa South Africa
2026-10-07 03:01:19,457 [INFO] Rank 10 | youtube.com | How To Bet On Soccer - The Complete Guide
2026-10-07 03:01:19,457 [INFO] SERP extraction complete: 10/10 organic results
2026-10-07 03:01:19,477 [INFO] Updated 10 SERP rows for 2026-10-07 at 03:00
2026-10-07 03:01:19,501 [WARNING] Excel file is locked; retrying save (1/5)...
2026-10-07 03:01:21,019 [INFO] Excel workbook saved: C:\Users\santhm\Desktop\SERP_Monitor\SERP_Monitor\scripts\soccer_betting_rankings.xlsx
============================================================
HOLLYWOODBETS SEO SERP CHECK
============================================================
Keyword: Soccer Betting
Date: 2026-10-07
Capture hour: 03:00
Organic results collected: 10
------------------------------------------------------------
1. Hollywoodbets | hollywoodbets.net
2. Worldsportsbetting | worldsportsbetting.co.za
3. Sportingbet | sportingbet.co.za
4. Betway | betway.com
5. Supersportbet | supersportbet.com
6. Betolimp | betolimp.co.za
7. Bet | bet.co.za
8. Easybet | easybet.co.za
9. Sportpesa | sportpesa.co.za
10. Youtube | youtube.com
------------------------------------------------------------
Hollywoodbets rank: 1
Results saved: C:\Users\santhm\Desktop\SERP_Monitor\SERP_Monitor\scripts\soccer_betting_rankings.xlsx
============================================================
2026-10-07 03:01:21,324 [INFO] Browser closed.
SEO_SERP_Monitor_soccer_betting completed successfully.
Starting Excel to PostgreSQL sync (first pass)...
aviator_rankings.xlsx: captures created=1, existing captures refreshed=12.
lucky_numbers_rankings.xlsx: captures created=1, existing captures refreshed=12.
online_slots_rankings.xlsx: captures created=1, existing captures refreshed=12.
soccer_betting_rankings.xlsx: captures created=1, existing captures refreshed=12.
Imported all real Excel data: captures created=4, existing captures refreshed=48.
Excel to PostgreSQL sync completed successfully (first pass).
============================================================
[2026/10/07  3:01:22,54] CAPTURE + SYNC COMPLETE
============================================================
============================================================
[2026/10/07  4:00:02,91] CAPTURE + SYNC START
============================================================
------------------------------------------------------------
Starting SEO_SERP_Monitor_aviator...
2026-10-07 04:00:03,448 [INFO] ============================================================
2026-10-07 04:00:03,448 [INFO] Run start: 2026-10-07T04:00:03.448612+02:00 | keyword=Aviator
2026-10-07 04:00:03,449 [INFO] Starting Playwright with dedicated SERP Chrome profile: C:\Users\santhm\Desktop\SERP_Monitor\SERP_Monitor\scripts\serp_chrome_profile_aviator
2026-10-07 04:00:03,449 [INFO] Headless mode: False
2026-10-07 04:00:04,360 [INFO] Persistent Chrome context ready.
2026-10-07 04:00:04,384 [INFO] GET https://www.google.com/search?q=Aviator&hl=en&gl=za&num=20&pws=0
2026-10-07 04:00:08,827 [INFO] SERP loaded.
2026-10-07 04:00:08,831 [INFO] SERP candidates found (H3): 10
2026-10-07 04:00:09,391 [INFO] Rank 1 | hollywoodbets.net | Play Aviator | Aviator Game | Hollywoodbets SA
2026-10-07 04:00:10,053 [INFO] Rank 2 | betway.co.za | Play Online Casino Games - Register ...
2026-10-07 04:00:10,673 [INFO] Rank 3 | betway.co.za | Play Aviator and reach for the sky | Betway Sports betting
2026-10-07 04:00:10,709 [INFO] Rank 4 | play.google.com | Aviator Game - Apps on Google Play
2026-10-07 04:00:11,321 [INFO] Rank 5 | betway.co.za | Play Aviator Demo Game Free
2026-10-07 04:00:12,426 [INFO] Rank 6 | spribe.co | Aviator
2026-10-07 04:00:13,655 [INFO] Rank 7 | livescore.com | How to Play Aviator on Betway 2026: Get 10 Free Flights
2026-10-07 04:00:14,813 [INFO] Rank 8 | 10bet.co.za | Play Aviator Game Online | Crash Game by Spribe
2026-10-07 04:00:16,958 [INFO] Rank 9 | en.wikipedia.org | Aircraft pilot
2026-10-07 04:00:17,836 [INFO] Rank 10 | betway.co.za | Play Aviator | Register and Get 10 Free Flights
2026-10-07 04:00:17,836 [INFO] SERP extraction complete: 10/10 organic results
2026-10-07 04:00:17,859 [INFO] Updated 10 SERP rows for 2026-10-07 at 04:00
2026-10-07 04:00:17,881 [WARNING] Excel file is locked; retrying save (1/5)...
2026-10-07 04:00:19,398 [INFO] Excel workbook saved: C:\Users\santhm\Desktop\SERP_Monitor\SERP_Monitor\scripts\aviator_rankings.xlsx
============================================================
HOLLYWOODBETS SEO SERP CHECK
============================================================
Keyword: Aviator
Date: 2026-10-07
Capture hour: 04:00
Organic results collected: 10
------------------------------------------------------------
1. Hollywoodbets | hollywoodbets.net
2. Betway | betway.co.za
3. Betway | betway.co.za
4. Google Play | play.google.com
5. Betway | betway.co.za
6. SPRIBE | spribe.co
7. LiveScore | livescore.com
8. 10bet | 10bet.co.za
9. En | en.wikipedia.org
10. Betway | betway.co.za
------------------------------------------------------------
Hollywoodbets rank: 1
Results saved: C:\Users\santhm\Desktop\SERP_Monitor\SERP_Monitor\scripts\aviator_rankings.xlsx
============================================================
2026-10-07 04:00:19,713 [INFO] Browser closed.
SEO_SERP_Monitor_aviator completed successfully.
------------------------------------------------------------
Starting SEO_SERP_Monitor_lucky_numbers...
2026-10-07 04:00:20,236 [INFO] ============================================================
2026-10-07 04:00:20,236 [INFO] Run start: 2026-10-07T04:00:20.236535+02:00 | keyword=Lucky Numbers
2026-10-07 04:00:20,237 [INFO] Starting Playwright with dedicated SERP Chrome profile: C:\Users\santhm\Desktop\SERP_Monitor\SERP_Monitor\scripts\serp_chrome_profile_lucky_numbers
2026-10-07 04:00:20,237 [INFO] Headless mode: False
2026-10-07 04:00:21,147 [INFO] Persistent Chrome context ready.
2026-10-07 04:00:21,172 [INFO] GET https://www.google.com/search?q=Lucky+Numbers&hl=en&gl=za&num=20&pws=0
2026-10-07 04:00:38,529 [WARNING] SERP H3 elements did not appear within the expected time.
2026-10-07 04:00:38,533 [INFO] SERP loaded.
2026-10-07 04:00:38,536 [INFO] SERP candidates found (H3): 9
2026-10-07 04:00:38,989 [INFO] Rank 1 | hollywoodbets.net | AI Mode replied:
2026-10-07 04:00:39,656 [INFO] Rank 2 | betway.co.za | Place your Lucky Numbers bets with ...
2026-10-07 04:00:39,692 [INFO] Rank 3 | play.google.com | Today Lucky Numbers – Apps on Google Play
2026-10-07 04:00:40,880 [INFO] Rank 4 | worldsportsbetting.co.za | Play Powerball Online | Lucky Numbers & Jackpots
2026-10-07 04:00:41,934 [INFO] Rank 5 | luckynumber.today | Today Lucky Number
2026-10-07 04:00:43,896 [INFO] Rank 6 | en.wikipedia.org | Lucky number
2026-10-07 04:00:44,297 [INFO] Rank 7 | hollywoodbets.net | Lucky Numbers Results for Today | Hollywoodbets SA
2026-10-07 04:00:44,298 [INFO] SERP extraction complete: 7/10 organic results
2026-10-07 04:00:44,316 [INFO] Updated 7 SERP rows for 2026-10-07 at 04:00
2026-10-07 04:00:44,344 [INFO] Excel workbook saved: C:\Users\santhm\Desktop\SERP_Monitor\SERP_Monitor\scripts\lucky_numbers_rankings.xlsx
============================================================
HOLLYWOODBETS SEO SERP CHECK
============================================================
Keyword: Lucky Numbers
Date: 2026-10-07
Capture hour: 04:00
Organic results collected: 7
------------------------------------------------------------
1. Hollywoodbets | hollywoodbets.net
2. Betway | betway.co.za
3. Google Play | play.google.com
4. Worldsportsbetting | worldsportsbetting.co.za
5. Luckynumber | luckynumber.today
6. En | en.wikipedia.org
7. Hollywoodbets | hollywoodbets.net
------------------------------------------------------------
Hollywoodbets rank: 1
Results saved: C:\Users\santhm\Desktop\SERP_Monitor\SERP_Monitor\scripts\lucky_numbers_rankings.xlsx
============================================================
2026-10-07 04:00:44,637 [INFO] Browser closed.
SEO_SERP_Monitor_lucky_numbers completed successfully.
------------------------------------------------------------
Starting SEO_SERP_Monitor_online_slots...
2026-10-07 04:00:45,169 [INFO] ============================================================
2026-10-07 04:00:45,169 [INFO] Run start: 2026-10-07T04:00:45.169084+02:00 | keyword=Online Slots
2026-10-07 04:00:45,169 [INFO] Starting Playwright with dedicated SERP Chrome profile: C:\Users\santhm\Desktop\SERP_Monitor\SERP_Monitor\scripts\serp_chrome_profile_online_slots
2026-10-07 04:00:45,169 [INFO] Headless mode: False
2026-10-07 04:00:46,084 [INFO] Persistent Chrome context ready.
2026-10-07 04:00:46,107 [INFO] GET https://www.google.com/search?q=Online+Slots&hl=en&gl=za&num=20&pws=0
2026-10-07 04:00:50,312 [INFO] SERP loaded.
2026-10-07 04:00:50,315 [INFO] SERP candidates found (H3): 10
2026-10-07 04:00:50,973 [INFO] Rank 1 | betway.co.za | Online Slots Games | Betway | Register & Get Free Spins
2026-10-07 04:00:51,404 [INFO] Rank 2 | hollywoodbets.net | Online Slot Games
2026-10-07 04:00:52,218 [INFO] Rank 3 | worldsportsbetting.co.za | Online Slot Games | Play Real Money ...
2026-10-07 04:00:52,254 [INFO] Rank 4 | play.google.com | Slots online – Apps on Google Play
2026-10-07 04:00:54,920 [INFO] Rank 5 | betolimp.co.za | Play Online Slots for Real Money in South Africa
2026-10-07 04:00:55,662 [INFO] Rank 6 | foxybingo.com | Play Online Slots UK | Foxy Games
2026-10-07 04:00:58,024 [INFO] Rank 7 | apps.apple.com | Cashman Casino Slots Games - App Store
2026-10-07 04:00:59,770 [INFO] Rank 8 | fortunesultimateslots.com | Caesars Slots – Free Slots & Online Social Casino
2026-10-07 04:01:00,660 [INFO] Rank 9 | supersportbet.com | Casino Games: Slots, Aviator, Roulette & More
2026-10-07 04:01:02,440 [INFO] Rank 10 | betway.com | Play Slot Games Online
2026-10-07 04:01:02,441 [INFO] SERP extraction complete: 10/10 organic results
2026-10-07 04:01:02,464 [INFO] Updated 10 SERP rows for 2026-10-07 at 04:00
2026-10-07 04:01:02,492 [INFO] Excel workbook saved: C:\Users\santhm\Desktop\SERP_Monitor\SERP_Monitor\scripts\online_slots_rankings.xlsx
============================================================
HOLLYWOODBETS SEO SERP CHECK
============================================================
Keyword: Online Slots
Date: 2026-10-07
Capture hour: 04:00
Organic results collected: 10
------------------------------------------------------------
1. Betway | betway.co.za
2. Hollywoodbets | hollywoodbets.net
3. Worldsportsbetting | worldsportsbetting.co.za
4. Google Play | play.google.com
5. Betolimp | betolimp.co.za
6. Foxybingo | foxybingo.com
7. Apps | apps.apple.com
8. Fortunesultimateslots | fortunesultimateslots.com
9. Supersportbet | supersportbet.com
10. Betway | betway.com
------------------------------------------------------------
Hollywoodbets rank: 2
Results saved: C:\Users\santhm\Desktop\SERP_Monitor\SERP_Monitor\scripts\online_slots_rankings.xlsx
============================================================
2026-10-07 04:01:02,702 [INFO] Browser closed.
SEO_SERP_Monitor_online_slots completed successfully.
------------------------------------------------------------
Starting SEO_SERP_Monitor_soccer_betting...
2026-10-07 04:01:03,232 [INFO] ============================================================
2026-10-07 04:01:03,232 [INFO] Run start: 2026-10-07T04:01:03.232257+02:00 | keyword=Soccer Betting
2026-10-07 04:01:03,233 [INFO] Starting Playwright with dedicated SERP Chrome profile: C:\Users\santhm\Desktop\SERP_Monitor\SERP_Monitor\scripts\serp_chrome_profile_soccer_betting
2026-10-07 04:01:03,233 [INFO] Headless mode: False
2026-10-07 04:01:04,166 [INFO] Persistent Chrome context ready.
2026-10-07 04:01:04,189 [INFO] GET https://www.google.com/search?q=Soccer+Betting&hl=en&gl=za&num=20&pws=0
2026-10-07 04:01:08,542 [INFO] SERP loaded.
2026-10-07 04:01:08,544 [INFO] SERP candidates found (H3): 10
2026-10-07 04:01:09,447 [INFO] Rank 1 | worldsportsbetting.co.za | AI Mode reply for Soccer Betting
2026-10-07 04:01:11,642 [INFO] Rank 2 | sportingbet.co.za | Soccer Betting & Football Betting South Africa
2026-10-07 04:01:15,059 [INFO] Rank 3 | betway.com | Football Betting & Football Odds 2026
2026-10-07 04:01:16,485 [INFO] Rank 4 | supersportbet.com | Soccer
2026-10-07 04:01:18,540 [INFO] Rank 5 | betolimp.co.za | Soccer Betting South Africa
2026-10-07 04:01:19,515 [INFO] Rank 6 | bet.co.za | Sports - Soccer - Competitions
2026-10-07 04:01:20,485 [INFO] Rank 7 | easybet.co.za | Soccer
2026-10-07 04:01:24,789 [INFO] Rank 8 | youtube.com | How To Bet On Soccer - The Complete Guide
2026-10-07 04:01:28,190 [INFO] Rank 9 | caesars.com | How to Bet on Soccer: Beginner's Guide
2026-10-07 04:01:28,190 [INFO] SERP extraction complete: 9/10 organic results
2026-10-07 04:01:28,212 [INFO] Updated 9 SERP rows for 2026-10-07 at 04:00
2026-10-07 04:01:28,247 [INFO] Excel workbook saved: C:\Users\santhm\Desktop\SERP_Monitor\SERP_Monitor\scripts\soccer_betting_rankings.xlsx
============================================================
HOLLYWOODBETS SEO SERP CHECK
============================================================
Keyword: Soccer Betting
Date: 2026-10-07
Capture hour: 04:00
Organic results collected: 9
------------------------------------------------------------
1. Worldsportsbetting | worldsportsbetting.co.za
2. Sportingbet | sportingbet.co.za
3. Betway | betway.com
4. Supersportbet | supersportbet.com
5. Betolimp | betolimp.co.za
6. Bet | bet.co.za
7. Easybet | easybet.co.za
8. Youtube | youtube.com
9. Caesars | caesars.com
------------------------------------------------------------
Hollywoodbets rank: None
Results saved: C:\Users\santhm\Desktop\SERP_Monitor\SERP_Monitor\scripts\soccer_betting_rankings.xlsx
============================================================
2026-10-07 04:01:29,076 [INFO] Browser closed.
SEO_SERP_Monitor_soccer_betting completed successfully.
Starting Excel to PostgreSQL sync (first pass)...
aviator_rankings.xlsx: captures created=1, existing captures refreshed=13.
lucky_numbers_rankings.xlsx: captures created=1, existing captures refreshed=13.
online_slots_rankings.xlsx: captures created=1, existing captures refreshed=13.
soccer_betting_rankings.xlsx: captures created=1, existing captures refreshed=13.
Imported all real Excel data: captures created=4, existing captures refreshed=52.
Excel to PostgreSQL sync completed successfully (first pass).
============================================================
[2026/10/07  4:01:30,30] CAPTURE + SYNC COMPLETE
============================================================
============================================================
[2026/10/07  5:00:03,67] CAPTURE + SYNC START
============================================================
------------------------------------------------------------
Starting SEO_SERP_Monitor_aviator...
2026-10-07 05:00:04,226 [INFO] ============================================================
2026-10-07 05:00:04,227 [INFO] Run start: 2026-10-07T05:00:04.226706+02:00 | keyword=Aviator
2026-10-07 05:00:04,227 [INFO] Starting Playwright with dedicated SERP Chrome profile: C:\Users\santhm\Desktop\SERP_Monitor\SERP_Monitor\scripts\serp_chrome_profile_aviator
2026-10-07 05:00:04,227 [INFO] Headless mode: False
2026-10-07 05:00:05,137 [INFO] Persistent Chrome context ready.
2026-10-07 05:00:05,180 [INFO] GET https://www.google.com/search?q=Aviator&hl=en&gl=za&num=20&pws=0
2026-10-07 05:00:09,336 [INFO] SERP loaded.
2026-10-07 05:00:09,339 [INFO] SERP candidates found (H3): 10
2026-10-07 05:00:09,766 [INFO] Rank 1 | hollywoodbets.net | Play Aviator | Aviator Game | Hollywoodbets SA
2026-10-07 05:00:10,573 [INFO] Rank 2 | betway.co.za | Play Online Casino Games - Register ...
2026-10-07 05:00:11,196 [INFO] Rank 3 | betway.co.za | Play Aviator and reach for the sky | Betway Sports betting
2026-10-07 05:00:11,803 [INFO] Rank 4 | betway.co.za | Play Aviator Demo Game Free
2026-10-07 05:00:11,837 [INFO] Rank 5 | play.google.com | Aviator Game - Apps on Google Play
2026-10-07 05:00:12,995 [INFO] Rank 6 | livescore.com | How to Play Aviator on Betway 2026: Get 10 Free Flights
2026-10-07 05:00:14,305 [INFO] Rank 7 | spribe.co | Aviator
2026-10-07 05:00:16,098 [INFO] Rank 8 | 10bet.co.za | Play Aviator Game Online | Crash Game by Spribe
2026-10-07 05:00:18,206 [INFO] Rank 9 | en.wikipedia.org | Aircraft pilot
2026-10-07 05:00:19,056 [INFO] Rank 10 | betway.co.za | Play Aviator | Register and Get 10 Free Flights
2026-10-07 05:00:19,056 [INFO] SERP extraction complete: 10/10 organic results
2026-10-07 05:00:19,077 [INFO] Updated 10 SERP rows for 2026-10-07 at 05:00
2026-10-07 05:00:19,107 [WARNING] Excel file is locked; retrying save (1/5)...
2026-10-07 05:00:20,625 [INFO] Excel workbook saved: C:\Users\santhm\Desktop\SERP_Monitor\SERP_Monitor\scripts\aviator_rankings.xlsx
============================================================
HOLLYWOODBETS SEO SERP CHECK
============================================================
Keyword: Aviator
Date: 2026-10-07
Capture hour: 05:00
Organic results collected: 10
------------------------------------------------------------
1. Hollywoodbets | hollywoodbets.net
2. Betway | betway.co.za
3. Betway | betway.co.za
4. Betway | betway.co.za
5. Google Play | play.google.com
6. LiveScore | livescore.com
7. SPRIBE | spribe.co
8. 10bet | 10bet.co.za
9. En | en.wikipedia.org
10. Betway | betway.co.za
------------------------------------------------------------
Hollywoodbets rank: 1
Results saved: C:\Users\santhm\Desktop\SERP_Monitor\SERP_Monitor\scripts\aviator_rankings.xlsx
============================================================
2026-10-07 05:00:20,924 [INFO] Browser closed.
SEO_SERP_Monitor_aviator completed successfully.
------------------------------------------------------------
Starting SEO_SERP_Monitor_lucky_numbers...
2026-10-07 05:00:21,471 [INFO] ============================================================
2026-10-07 05:00:21,471 [INFO] Run start: 2026-10-07T05:00:21.471417+02:00 | keyword=Lucky Numbers
2026-10-07 05:00:21,472 [INFO] Starting Playwright with dedicated SERP Chrome profile: C:\Users\santhm\Desktop\SERP_Monitor\SERP_Monitor\scripts\serp_chrome_profile_lucky_numbers
2026-10-07 05:00:21,472 [INFO] Headless mode: False
2026-10-07 05:00:22,417 [INFO] Persistent Chrome context ready.
2026-10-07 05:00:22,440 [INFO] GET https://www.google.com/search?q=Lucky+Numbers&hl=en&gl=za&num=20&pws=0
2026-10-07 05:00:39,269 [WARNING] SERP H3 elements did not appear within the expected time.
2026-10-07 05:00:39,274 [INFO] SERP loaded.
2026-10-07 05:00:39,277 [INFO] SERP candidates found (H3): 9
2026-10-07 05:00:39,740 [INFO] Rank 1 | hollywoodbets.net | AI Mode replied:
2026-10-07 05:00:40,401 [INFO] Rank 2 | betway.co.za | Place your Lucky Numbers bets with ...
2026-10-07 05:00:40,445 [INFO] Rank 3 | play.google.com | Today Lucky Numbers – Apps on Google Play
2026-10-07 05:00:41,572 [INFO] Rank 4 | worldsportsbetting.co.za | Play Powerball Online | Lucky Numbers & Jackpots
2026-10-07 05:00:42,688 [INFO] Rank 5 | luckynumber.today | Today Lucky Number
2026-10-07 05:00:44,663 [INFO] Rank 6 | en.wikipedia.org | Lucky number
2026-10-07 05:00:45,082 [INFO] Rank 7 | hollywoodbets.net | Lucky Numbers Results for Today | Hollywoodbets SA
2026-10-07 05:00:45,082 [INFO] SERP extraction complete: 7/10 organic results
2026-10-07 05:00:45,099 [INFO] Updated 7 SERP rows for 2026-10-07 at 05:00
2026-10-07 05:00:45,122 [INFO] Excel workbook saved: C:\Users\santhm\Desktop\SERP_Monitor\SERP_Monitor\scripts\lucky_numbers_rankings.xlsx
============================================================
HOLLYWOODBETS SEO SERP CHECK
============================================================
Keyword: Lucky Numbers
Date: 2026-10-07
Capture hour: 05:00
Organic results collected: 7
------------------------------------------------------------
1. Hollywoodbets | hollywoodbets.net
2. Betway | betway.co.za
3. Google Play | play.google.com
4. Worldsportsbetting | worldsportsbetting.co.za
5. Luckynumber | luckynumber.today
6. En | en.wikipedia.org
7. Hollywoodbets | hollywoodbets.net
------------------------------------------------------------
Hollywoodbets rank: 1
Results saved: C:\Users\santhm\Desktop\SERP_Monitor\SERP_Monitor\scripts\lucky_numbers_rankings.xlsx
============================================================
2026-10-07 05:00:45,338 [INFO] Browser closed.
SEO_SERP_Monitor_lucky_numbers completed successfully.
------------------------------------------------------------
Starting SEO_SERP_Monitor_online_slots...
2026-10-07 05:00:45,871 [INFO] ============================================================
2026-10-07 05:00:45,871 [INFO] Run start: 2026-10-07T05:00:45.871189+02:00 | keyword=Online Slots
2026-10-07 05:00:45,871 [INFO] Starting Playwright with dedicated SERP Chrome profile: C:\Users\santhm\Desktop\SERP_Monitor\SERP_Monitor\scripts\serp_chrome_profile_online_slots
2026-10-07 05:00:45,872 [INFO] Headless mode: False
2026-10-07 05:00:46,819 [INFO] Persistent Chrome context ready.
2026-10-07 05:00:46,856 [INFO] GET https://www.google.com/search?q=Online+Slots&hl=en&gl=za&num=20&pws=0
2026-10-07 05:00:51,188 [INFO] SERP loaded.
2026-10-07 05:00:51,191 [INFO] SERP candidates found (H3): 10
2026-10-07 05:00:51,815 [INFO] Rank 1 | betway.co.za | Online Slots Games | Betway | Register & Get Free Spins
2026-10-07 05:00:52,460 [INFO] Rank 2 | hollywoodbets.net | Online Slot Games
2026-10-07 05:00:52,492 [INFO] Rank 3 | play.google.com | Slots online – Apps on Google Play
2026-10-07 05:00:52,936 [INFO] Rank 4 | foxybingo.com | Play Online Slots UK | Foxy Games
2026-10-07 05:00:53,686 [INFO] Rank 5 | worldsportsbetting.co.za | Online Slot Games | Play Real Money ...
2026-10-07 05:00:58,045 [INFO] Rank 6 | playojo.com | Online Slots - Play slot games in UK at PlayOJO
2026-10-07 05:01:00,464 [INFO] Rank 7 | betolimp.co.za | Play Online Slots for Real Money in South Africa
2026-10-07 05:01:01,211 [INFO] Rank 8 | playtsogo.co.za | playTSOGO | Online Sportsbook Betting in South Africa
2026-10-07 05:01:02,857 [INFO] Rank 9 | youtube.com | Most Popular Online Slots: Top 5 Games You Need to Try!
2026-10-07 05:01:06,026 [INFO] Rank 10 | zalebs.com | Top 20 Online Casinos in South Africa
2026-10-07 05:01:06,027 [INFO] SERP extraction complete: 10/10 organic results
2026-10-07 05:01:06,068 [INFO] Updated 10 SERP rows for 2026-10-07 at 05:00
2026-10-07 05:01:06,109 [INFO] Excel workbook saved: C:\Users\santhm\Desktop\SERP_Monitor\SERP_Monitor\scripts\online_slots_rankings.xlsx
============================================================
HOLLYWOODBETS SEO SERP CHECK
============================================================
Keyword: Online Slots
Date: 2026-10-07
Capture hour: 05:00
Organic results collected: 10
------------------------------------------------------------
1. Betway | betway.co.za
2. Hollywoodbets | hollywoodbets.net
3. Google Play | play.google.com
4. Foxybingo | foxybingo.com
5. Worldsportsbetting | worldsportsbetting.co.za
6. Playojo | playojo.com
7. Betolimp | betolimp.co.za
8. Playtsogo | playtsogo.co.za
9. Youtube | youtube.com
10. Zalebs | zalebs.com
------------------------------------------------------------
Hollywoodbets rank: 2
Results saved: C:\Users\santhm\Desktop\SERP_Monitor\SERP_Monitor\scripts\online_slots_rankings.xlsx
============================================================
2026-10-07 05:01:06,590 [INFO] Browser closed.
SEO_SERP_Monitor_online_slots completed successfully.
------------------------------------------------------------
Starting SEO_SERP_Monitor_soccer_betting...
2026-10-07 05:01:07,165 [INFO] ============================================================
2026-10-07 05:01:07,165 [INFO] Run start: 2026-10-07T05:01:07.165185+02:00 | keyword=Soccer Betting
2026-10-07 05:01:07,165 [INFO] Starting Playwright with dedicated SERP Chrome profile: C:\Users\santhm\Desktop\SERP_Monitor\SERP_Monitor\scripts\serp_chrome_profile_soccer_betting
2026-10-07 05:01:07,165 [INFO] Headless mode: False
2026-10-07 05:01:08,329 [INFO] Persistent Chrome context ready.
2026-10-07 05:01:08,360 [INFO] GET https://www.google.com/search?q=Soccer+Betting&hl=en&gl=za&num=20&pws=0
2026-10-07 05:01:12,405 [INFO] SERP loaded.
2026-10-07 05:01:12,408 [INFO] SERP candidates found (H3): 10
2026-10-07 05:01:13,321 [INFO] Rank 1 | betway.co.za | AI Mode reply for Soccer Betting
2026-10-07 05:01:14,153 [INFO] Rank 2 | worldsportsbetting.co.za | Soccer Betting | Premier League, PSL & More
2026-10-07 05:01:15,102 [INFO] Rank 3 | sportingbet.co.za | Soccer Betting & Football Betting South Africa
2026-10-07 05:01:16,002 [INFO] Rank 4 | bet.co.za | Sports - Soccer - Competitions
2026-10-07 05:01:16,621 [INFO] Rank 5 | hollywoodbets.net | Hollywoodbets Soccer Betting | Latest Soccer Odds
2026-10-07 05:01:17,247 [INFO] Rank 6 | betway.co.za | Betway | Soccer Betting & Get The latest Soccer Odds
2026-10-07 05:01:18,104 [INFO] Rank 7 | supersportbet.com | Soccer
2026-10-07 05:01:19,847 [INFO] Rank 8 | 10bet.co.za | Soccer Betting South Africa | Football Odds on 10bet
2026-10-07 05:01:21,413 [INFO] Rank 9 | sportpesa.co.za | Soccer betting odds | SportPesa South Africa
2026-10-07 05:01:21,848 [INFO] Rank 10 | reddit.com | Soccer Betting Guide
2026-10-07 05:01:21,848 [INFO] SERP extraction complete: 10/10 organic results
2026-10-07 05:01:21,871 [INFO] Updated 10 SERP rows for 2026-10-07 at 05:00
2026-10-07 05:01:21,901 [INFO] Excel workbook saved: C:\Users\santhm\Desktop\SERP_Monitor\SERP_Monitor\scripts\soccer_betting_rankings.xlsx
============================================================
HOLLYWOODBETS SEO SERP CHECK
============================================================
Keyword: Soccer Betting
Date: 2026-10-07
Capture hour: 05:00
Organic results collected: 10
------------------------------------------------------------
1. Betway | betway.co.za
2. Worldsportsbetting | worldsportsbetting.co.za
3. Sportingbet | sportingbet.co.za
4. Bet | bet.co.za
5. Hollywoodbets | hollywoodbets.net
6. Betway | betway.co.za
7. Supersportbet | supersportbet.com
8. 10bet | 10bet.co.za
9. Sportpesa | sportpesa.co.za
10. Reddit | reddit.com
------------------------------------------------------------
Hollywoodbets rank: 5
Results saved: C:\Users\santhm\Desktop\SERP_Monitor\SERP_Monitor\scripts\soccer_betting_rankings.xlsx
============================================================
2026-10-07 05:01:22,183 [INFO] Browser closed.
SEO_SERP_Monitor_soccer_betting completed successfully.
Starting Excel to PostgreSQL sync (first pass)...
aviator_rankings.xlsx: captures created=1, existing captures refreshed=14.
lucky_numbers_rankings.xlsx: captures created=1, existing captures refreshed=14.
online_slots_rankings.xlsx: captures created=1, existing captures refreshed=14.
soccer_betting_rankings.xlsx: captures created=1, existing captures refreshed=14.
Imported all real Excel data: captures created=4, existing captures refreshed=56.
Excel to PostgreSQL sync completed successfully (first pass).
============================================================
[2026/10/07  5:01:23,38] CAPTURE + SYNC COMPLETE
============================================================
============================================================
[2026/10/07  6:00:04,02] CAPTURE + SYNC START
============================================================
------------------------------------------------------------
Starting SEO_SERP_Monitor_aviator...
2026-10-07 06:00:04,567 [INFO] ============================================================
2026-10-07 06:00:04,567 [INFO] Run start: 2026-10-07T06:00:04.567441+02:00 | keyword=Aviator
2026-10-07 06:00:04,568 [INFO] Starting Playwright with dedicated SERP Chrome profile: C:\Users\santhm\Desktop\SERP_Monitor\SERP_Monitor\scripts\serp_chrome_profile_aviator
2026-10-07 06:00:04,568 [INFO] Headless mode: False
2026-10-07 06:00:05,523 [INFO] Persistent Chrome context ready.
2026-10-07 06:00:05,577 [INFO] GET https://www.google.com/search?q=Aviator&hl=en&gl=za&num=20&pws=0
2026-10-07 06:00:10,748 [INFO] SERP loaded.
2026-10-07 06:00:10,750 [INFO] SERP candidates found (H3): 10
2026-10-07 06:00:11,162 [INFO] Rank 1 | hollywoodbets.net | Play Aviator | Aviator Game | Hollywoodbets SA
2026-10-07 06:00:11,841 [INFO] Rank 2 | betway.co.za | Play Online Casino Games - Register ...
2026-10-07 06:00:12,484 [INFO] Rank 3 | betway.co.za | Play Aviator and reach for the sky | Betway Sports betting
2026-10-07 06:00:13,142 [INFO] Rank 4 | betway.co.za | Play Aviator Demo Game Free
2026-10-07 06:00:14,166 [INFO] Rank 5 | 10bet.co.za | Play Aviator Game Online | Crash Game by Spribe
2026-10-07 06:00:15,274 [INFO] Rank 6 | apps.apple.com | Aviator - MSport Games - App Store
2026-10-07 06:00:16,413 [INFO] Rank 7 | livescore.com | How to Play Aviator on Betway 2026: Get 10 Free Flights
2026-10-07 06:00:16,450 [INFO] Rank 8 | play.google.com | Aviator Game - Apps on Google Play
2026-10-07 06:00:17,414 [INFO] Rank 9 | spribe.co | Aviator
2026-10-07 06:00:20,381 [INFO] Rank 10 | firstbet.co.za | Fly in First-Class with Aviator - FirstBet
2026-10-07 06:00:20,381 [INFO] SERP extraction complete: 10/10 organic results
2026-10-07 06:00:20,399 [INFO] Updated 10 SERP rows for 2026-10-07 at 06:00
2026-10-07 06:00:20,425 [INFO] Excel workbook saved: C:\Users\santhm\Desktop\SERP_Monitor\SERP_Monitor\scripts\aviator_rankings.xlsx
============================================================
HOLLYWOODBETS SEO SERP CHECK
============================================================
Keyword: Aviator
Date: 2026-10-07
Capture hour: 06:00
Organic results collected: 10
------------------------------------------------------------
1. Hollywoodbets | hollywoodbets.net
2. Betway | betway.co.za
3. Betway | betway.co.za
4. Betway | betway.co.za
5. 10bet | 10bet.co.za
6. Apps | apps.apple.com
7. LiveScore | livescore.com
8. Google Play | play.google.com
9. SPRIBE | spribe.co
10. Firstbet | firstbet.co.za
------------------------------------------------------------
Hollywoodbets rank: 1
Results saved: C:\Users\santhm\Desktop\SERP_Monitor\SERP_Monitor\scripts\aviator_rankings.xlsx
============================================================
2026-10-07 06:00:20,679 [INFO] Browser closed.
SEO_SERP_Monitor_aviator completed successfully.
------------------------------------------------------------
Starting SEO_SERP_Monitor_lucky_numbers...
2026-10-07 06:00:21,230 [INFO] ============================================================
2026-10-07 06:00:21,230 [INFO] Run start: 2026-10-07T06:00:21.230499+02:00 | keyword=Lucky Numbers
2026-10-07 06:00:21,231 [INFO] Starting Playwright with dedicated SERP Chrome profile: C:\Users\santhm\Desktop\SERP_Monitor\SERP_Monitor\scripts\serp_chrome_profile_lucky_numbers
2026-10-07 06:00:21,231 [INFO] Headless mode: False
2026-10-07 06:00:22,204 [INFO] Persistent Chrome context ready.
2026-10-07 06:00:22,227 [INFO] GET https://www.google.com/search?q=Lucky+Numbers&hl=en&gl=za&num=20&pws=0
2026-10-07 06:00:26,428 [INFO] SERP loaded.
2026-10-07 06:00:26,430 [INFO] SERP candidates found (H3): 11
2026-10-07 06:00:27,102 [INFO] Rank 1 | betway.co.za | Place your Lucky Numbers bets with ...
2026-10-07 06:00:28,055 [INFO] Rank 2 | tiktok.com | AI Mode replied:
2026-10-07 06:00:28,080 [INFO] Rank 3 | play.google.com | Today Lucky Numbers – Apps on Google Play
2026-10-07 06:00:28,775 [INFO] Rank 4 | hollywoodbets.net | Lucky Numbers for today
2026-10-07 06:00:29,574 [INFO] Rank 5 | worldsportsbetting.co.za | Play Powerball Online | Lucky Numbers & Jackpots
2026-10-07 06:00:30,361 [INFO] Rank 6 | luckynumber.today | Today Lucky Number
2026-10-07 06:00:32,048 [INFO] Rank 7 | en.wikipedia.org | Lucky number
2026-10-07 06:00:32,524 [INFO] Rank 8 | hollywoodbets.net | Lucky Numbers Results for Today | Hollywoodbets SA
2026-10-07 06:00:33,811 [INFO] Rank 9 | za.pinterest.com | Lucky numbers for lottery
2026-10-07 06:00:36,269 [INFO] Rank 10 | interbet.co.za | Play Lucky Numbers Online at Interbet
2026-10-07 06:00:36,269 [INFO] SERP extraction complete: 10/10 organic results
2026-10-07 06:00:36,289 [INFO] Updated 10 SERP rows for 2026-10-07 at 06:00
2026-10-07 06:00:36,319 [INFO] Excel workbook saved: C:\Users\santhm\Desktop\SERP_Monitor\SERP_Monitor\scripts\lucky_numbers_rankings.xlsx
============================================================
HOLLYWOODBETS SEO SERP CHECK
============================================================
Keyword: Lucky Numbers
Date: 2026-10-07
Capture hour: 06:00
Organic results collected: 10
------------------------------------------------------------
1. Betway | betway.co.za
2. Tiktok | tiktok.com
3. Google Play | play.google.com
4. Hollywoodbets | hollywoodbets.net
5. Worldsportsbetting | worldsportsbetting.co.za
6. Luckynumber | luckynumber.today
7. En | en.wikipedia.org
8. Hollywoodbets | hollywoodbets.net
9. Za | za.pinterest.com
10. Interbet | interbet.co.za
------------------------------------------------------------
Hollywoodbets rank: 4
Results saved: C:\Users\santhm\Desktop\SERP_Monitor\SERP_Monitor\scripts\lucky_numbers_rankings.xlsx
============================================================
2026-10-07 06:00:36,587 [INFO] Browser closed.
SEO_SERP_Monitor_lucky_numbers completed successfully.
------------------------------------------------------------
Starting SEO_SERP_Monitor_online_slots...
2026-10-07 06:00:37,123 [INFO] ============================================================
2026-10-07 06:00:37,124 [INFO] Run start: 2026-10-07T06:00:37.123791+02:00 | keyword=Online Slots
2026-10-07 06:00:37,124 [INFO] Starting Playwright with dedicated SERP Chrome profile: C:\Users\santhm\Desktop\SERP_Monitor\SERP_Monitor\scripts\serp_chrome_profile_online_slots
2026-10-07 06:00:37,124 [INFO] Headless mode: False
2026-10-07 06:00:38,040 [INFO] Persistent Chrome context ready.
2026-10-07 06:00:38,063 [INFO] GET https://www.google.com/search?q=Online+Slots&hl=en&gl=za&num=20&pws=0
2026-10-07 06:00:42,550 [INFO] SERP loaded.
2026-10-07 06:00:42,553 [INFO] SERP candidates found (H3): 10
2026-10-07 06:00:43,181 [INFO] Rank 1 | betway.co.za | Online Slots Games | Betway | Register & Get Free Spins
2026-10-07 06:00:44,055 [INFO] Rank 2 | worldsportsbetting.co.za | Online Slot Games | Play Real Money ...
2026-10-07 06:00:44,751 [INFO] Rank 3 | hollywoodbets.net | Online Slot Games
2026-10-07 06:00:44,803 [INFO] Rank 4 | play.google.com | Slots online – Apps on Google Play
2026-10-07 06:00:47,779 [INFO] Rank 5 | betolimp.co.za | Play Online Slots for Real Money in South Africa
2026-10-07 06:00:48,235 [INFO] Rank 6 | foxybingo.com | Play Online Slots UK | Foxy Games
2026-10-07 06:00:49,263 [INFO] Rank 7 | apps.apple.com | Cashman Casino Slots Games - App Store
2026-10-07 06:00:50,353 [INFO] Rank 8 | fortunesultimateslots.com | Caesars Slots – Free Slots & Online Social Casino
2026-10-07 06:00:50,912 [INFO] Rank 9 | supersportbet.com | Casino Games: Slots, Aviator, Roulette & More
2026-10-07 06:00:52,531 [INFO] Rank 10 | betway.com | Play Slot Games Online
2026-10-07 06:00:52,531 [INFO] SERP extraction complete: 10/10 organic results
2026-10-07 06:00:52,553 [INFO] Updated 10 SERP rows for 2026-10-07 at 06:00
2026-10-07 06:00:52,583 [INFO] Excel workbook saved: C:\Users\santhm\Desktop\SERP_Monitor\SERP_Monitor\scripts\online_slots_rankings.xlsx
============================================================
HOLLYWOODBETS SEO SERP CHECK
============================================================
Keyword: Online Slots
Date: 2026-10-07
Capture hour: 06:00
Organic results collected: 10
------------------------------------------------------------
1. Betway | betway.co.za
2. Worldsportsbetting | worldsportsbetting.co.za
3. Hollywoodbets | hollywoodbets.net
4. Google Play | play.google.com
5. Betolimp | betolimp.co.za
6. Foxybingo | foxybingo.com
7. Apps | apps.apple.com
8. Fortunesultimateslots | fortunesultimateslots.com
9. Supersportbet | supersportbet.com
10. Betway | betway.com
------------------------------------------------------------
Hollywoodbets rank: 3
Results saved: C:\Users\santhm\Desktop\SERP_Monitor\SERP_Monitor\scripts\online_slots_rankings.xlsx
============================================================
2026-10-07 06:00:52,805 [INFO] Browser closed.
SEO_SERP_Monitor_online_slots completed successfully.
------------------------------------------------------------
Starting SEO_SERP_Monitor_soccer_betting...
2026-10-07 06:00:53,352 [INFO] ============================================================
2026-10-07 06:00:53,352 [INFO] Run start: 2026-10-07T06:00:53.352309+02:00 | keyword=Soccer Betting
2026-10-07 06:00:53,352 [INFO] Starting Playwright with dedicated SERP Chrome profile: C:\Users\santhm\Desktop\SERP_Monitor\SERP_Monitor\scripts\serp_chrome_profile_soccer_betting
2026-10-07 06:00:53,353 [INFO] Headless mode: False
2026-10-07 06:00:54,284 [INFO] Persistent Chrome context ready.
2026-10-07 06:00:54,308 [INFO] GET https://www.google.com/search?q=Soccer+Betting&hl=en&gl=za&num=20&pws=0
2026-10-07 06:00:58,901 [INFO] SERP loaded.
2026-10-07 06:00:58,904 [INFO] SERP candidates found (H3): 10
2026-10-07 06:00:59,761 [INFO] Rank 1 | worldsportsbetting.co.za | AI Mode reply for Soccer Betting
2026-10-07 06:01:02,035 [INFO] Rank 2 | sportingbet.co.za | Soccer Betting & Football Betting South Africa
2026-10-07 06:01:04,091 [INFO] Rank 3 | betway.com | Football Betting & Football Odds 2026
2026-10-07 06:01:06,489 [INFO] Rank 4 | betolimp.co.za | Soccer Betting South Africa
2026-10-07 06:01:07,981 [INFO] Rank 5 | bet.co.za | Sports - Soccer - Competitions
2026-10-07 06:01:10,088 [INFO] Rank 6 | sportpesa.co.za | Soccer betting odds | SportPesa South Africa
2026-10-07 06:01:11,082 [INFO] Rank 7 | easybet.co.za | Soccer
2026-10-07 06:01:12,369 [INFO] Rank 8 | supersportbet.com | soccer betting
2026-10-07 06:01:14,678 [INFO] Rank 9 | youtube.com | How To Bet On Soccer - The Complete Guide
2026-10-07 06:01:14,679 [INFO] SERP extraction complete: 9/10 organic results
2026-10-07 06:01:14,702 [INFO] Updated 9 SERP rows for 2026-10-07 at 06:00
2026-10-07 06:01:14,734 [INFO] Excel workbook saved: C:\Users\santhm\Desktop\SERP_Monitor\SERP_Monitor\scripts\soccer_betting_rankings.xlsx
============================================================
HOLLYWOODBETS SEO SERP CHECK
============================================================
Keyword: Soccer Betting
Date: 2026-10-07
Capture hour: 06:00
Organic results collected: 9
------------------------------------------------------------
1. Worldsportsbetting | worldsportsbetting.co.za
2. Sportingbet | sportingbet.co.za
3. Betway | betway.com
4. Betolimp | betolimp.co.za
5. Bet | bet.co.za
6. Sportpesa | sportpesa.co.za
7. Easybet | easybet.co.za
8. Supersportbet | supersportbet.com
9. Youtube | youtube.com
------------------------------------------------------------
Hollywoodbets rank: None
Results saved: C:\Users\santhm\Desktop\SERP_Monitor\SERP_Monitor\scripts\soccer_betting_rankings.xlsx
============================================================
2026-10-07 06:01:15,046 [INFO] Browser closed.
SEO_SERP_Monitor_soccer_betting completed successfully.
Starting Excel to PostgreSQL sync (first pass)...
aviator_rankings.xlsx: captures created=1, existing captures refreshed=15.
lucky_numbers_rankings.xlsx: captures created=1, existing captures refreshed=15.
online_slots_rankings.xlsx: captures created=1, existing captures refreshed=15.
soccer_betting_rankings.xlsx: captures created=1, existing captures refreshed=15.
Imported all real Excel data: captures created=4, existing captures refreshed=60.
Excel to PostgreSQL sync completed successfully (first pass).
============================================================
[2026/10/07  6:01:16,23] CAPTURE + SYNC COMPLETE
============================================================
============================================================
[2026/10/07  7:00:04,07] CAPTURE + SYNC START
============================================================
------------------------------------------------------------
Starting SEO_SERP_Monitor_aviator...
2026-10-07 07:00:04,622 [INFO] ============================================================
2026-10-07 07:00:04,623 [INFO] Run start: 2026-10-07T07:00:04.622854+02:00 | keyword=Aviator
2026-10-07 07:00:04,623 [INFO] Starting Playwright with dedicated SERP Chrome profile: C:\Users\santhm\Desktop\SERP_Monitor\SERP_Monitor\scripts\serp_chrome_profile_aviator
2026-10-07 07:00:04,623 [INFO] Headless mode: False
2026-10-07 07:00:05,580 [INFO] Persistent Chrome context ready.
2026-10-07 07:00:05,604 [INFO] GET https://www.google.com/search?q=Aviator&hl=en&gl=za&num=20&pws=0
2026-10-07 07:00:09,432 [INFO] SERP loaded.
2026-10-07 07:00:09,434 [INFO] SERP candidates found (H3): 10
2026-10-07 07:00:09,837 [INFO] Rank 1 | hollywoodbets.net | Play Aviator | Aviator Game | Hollywoodbets SA
2026-10-07 07:00:10,504 [INFO] Rank 2 | betway.co.za | Play Aviator and reach for the sky | Betway Sports betting
2026-10-07 07:00:10,543 [INFO] Rank 3 | play.google.com | Aviator – Apps on Google Play
2026-10-07 07:00:11,678 [INFO] Rank 4 | 10bet.co.za | Play Aviator Game Online | Crash Game by Spribe
2026-10-07 07:00:12,837 [INFO] Rank 5 | livescore.com | How to Play Aviator on Betway 2026: Get 10 Free Flights
2026-10-07 07:00:13,846 [INFO] Rank 6 | spribe.co | Aviator
2026-10-07 07:00:15,486 [INFO] Rank 7 | en.wikipedia.org | Aircraft pilot
2026-10-07 07:00:16,377 [INFO] Rank 8 | betway.co.za | Play Aviator | Register and Get 10 Free Flights
2026-10-07 07:00:17,710 [INFO] Rank 9 | gbets.co.za | Play Aviator Slot by SPRIBE - Crash Games
2026-10-07 07:00:18,543 [INFO] Rank 10 | lottostar.co.za | Aviator | Quick Games
2026-10-07 07:00:18,543 [INFO] SERP extraction complete: 10/10 organic results
2026-10-07 07:00:18,567 [INFO] Updated 10 SERP rows for 2026-10-07 at 07:00
2026-10-07 07:00:18,598 [INFO] Excel workbook saved: C:\Users\santhm\Desktop\SERP_Monitor\SERP_Monitor\scripts\aviator_rankings.xlsx
============================================================
HOLLYWOODBETS SEO SERP CHECK
============================================================
Keyword: Aviator
Date: 2026-10-07
Capture hour: 07:00
Organic results collected: 10
------------------------------------------------------------
1. Hollywoodbets | hollywoodbets.net
2. Betway | betway.co.za
3. Google Play | play.google.com
4. 10bet | 10bet.co.za
5. LiveScore | livescore.com
6. SPRIBE | spribe.co
7. En | en.wikipedia.org
8. Betway | betway.co.za
9. Gbets | gbets.co.za
10. Lottostar | lottostar.co.za
------------------------------------------------------------
Hollywoodbets rank: 1
Results saved: C:\Users\santhm\Desktop\SERP_Monitor\SERP_Monitor\scripts\aviator_rankings.xlsx
============================================================
2026-10-07 07:00:18,835 [INFO] Browser closed.
SEO_SERP_Monitor_aviator completed successfully.
------------------------------------------------------------
Starting SEO_SERP_Monitor_lucky_numbers...
2026-10-07 07:00:19,403 [INFO] ============================================================
2026-10-07 07:00:19,403 [INFO] Run start: 2026-10-07T07:00:19.403152+02:00 | keyword=Lucky Numbers
2026-10-07 07:00:19,403 [INFO] Starting Playwright with dedicated SERP Chrome profile: C:\Users\santhm\Desktop\SERP_Monitor\SERP_Monitor\scripts\serp_chrome_profile_lucky_numbers
2026-10-07 07:00:19,404 [INFO] Headless mode: False
2026-10-07 07:00:19,989 [INFO] Persistent Chrome context ready.
2026-10-07 07:00:20,016 [INFO] GET https://www.google.com/search?q=Lucky+Numbers&hl=en&gl=za&num=20&pws=0
2026-10-07 07:00:24,328 [INFO] SERP loaded.
2026-10-07 07:00:24,331 [INFO] SERP candidates found (H3): 11
2026-10-07 07:00:24,982 [INFO] Rank 1 | betway.co.za | Place your Lucky Numbers bets with ...
2026-10-07 07:00:25,894 [INFO] Rank 2 | tiktok.com | AI Mode replied:
2026-10-07 07:00:25,922 [INFO] Rank 3 | play.google.com | My Lucky Numbers – Apps on Google Play
2026-10-07 07:00:26,337 [INFO] Rank 4 | hollywoodbets.net | Lucky Numbers for today
2026-10-07 07:00:27,426 [INFO] Rank 5 | worldsportsbetting.co.za | Play Powerball Online | Lucky Numbers & Jackpots
2026-10-07 07:00:28,855 [INFO] Rank 6 | luckynumber.today | Today Lucky Number
2026-10-07 07:00:30,288 [INFO] Rank 7 | supersportbet.com | Dream Guide: How to Bet on Lucky Numbers and Lotteries
2026-10-07 07:00:32,051 [INFO] Rank 8 | sportybet.co.za | Lucky numbers
2026-10-07 07:00:34,264 [INFO] Rank 9 | en.wikipedia.org | Lucky number
2026-10-07 07:00:36,956 [INFO] Rank 10 | za.pinterest.com | Lucky numbers for lottery
2026-10-07 07:00:36,956 [INFO] SERP extraction complete: 10/10 organic results
2026-10-07 07:00:36,974 [INFO] Updated 10 SERP rows for 2026-10-07 at 07:00
2026-10-07 07:00:36,998 [INFO] Excel workbook saved: C:\Users\santhm\Desktop\SERP_Monitor\SERP_Monitor\scripts\lucky_numbers_rankings.xlsx
============================================================
HOLLYWOODBETS SEO SERP CHECK
============================================================
Keyword: Lucky Numbers
Date: 2026-10-07
Capture hour: 07:00
Organic results collected: 10
------------------------------------------------------------
1. Betway | betway.co.za
2. Tiktok | tiktok.com
3. Google Play | play.google.com
4. Hollywoodbets | hollywoodbets.net
5. Worldsportsbetting | worldsportsbetting.co.za
6. Luckynumber | luckynumber.today
7. Supersportbet | supersportbet.com
8. Sportybet | sportybet.co.za
9. En | en.wikipedia.org
10. Za | za.pinterest.com
------------------------------------------------------------
Hollywoodbets rank: 4
Results saved: C:\Users\santhm\Desktop\SERP_Monitor\SERP_Monitor\scripts\lucky_numbers_rankings.xlsx
============================================================
2026-10-07 07:00:37,303 [INFO] Browser closed.
SEO_SERP_Monitor_lucky_numbers completed successfully.
------------------------------------------------------------
Starting SEO_SERP_Monitor_online_slots...
2026-10-07 07:00:37,857 [INFO] ============================================================
2026-10-07 07:00:37,858 [INFO] Run start: 2026-10-07T07:00:37.857616+02:00 | keyword=Online Slots
2026-10-07 07:00:37,858 [INFO] Starting Playwright with dedicated SERP Chrome profile: C:\Users\santhm\Desktop\SERP_Monitor\SERP_Monitor\scripts\serp_chrome_profile_online_slots
2026-10-07 07:00:37,858 [INFO] Headless mode: False
2026-10-07 07:00:38,725 [INFO] Persistent Chrome context ready.
2026-10-07 07:00:38,749 [INFO] GET https://www.google.com/search?q=Online+Slots&hl=en&gl=za&num=20&pws=0
2026-10-07 07:00:42,757 [INFO] SERP loaded.
2026-10-07 07:00:42,759 [INFO] SERP candidates found (H3): 10
2026-10-07 07:00:43,403 [INFO] Rank 1 | betway.co.za | Online Slots Games | Betway | Register & Get Free Spins
2026-10-07 07:00:43,878 [INFO] Rank 2 | hollywoodbets.net | Online Slot Games
2026-10-07 07:00:43,914 [INFO] Rank 3 | play.google.com | Slots online – Apps on Google Play
2026-10-07 07:00:44,525 [INFO] Rank 4 | foxybingo.com | Play Online Slots UK | Foxy Games
2026-10-07 07:00:45,366 [INFO] Rank 5 | worldsportsbetting.co.za | Online Slot Games | Play Real Money ...
2026-10-07 07:00:49,377 [INFO] Rank 6 | playojo.com | Online Slots - Play slot games in UK at PlayOJO
2026-10-07 07:00:53,088 [INFO] Rank 7 | betolimp.co.za | Play Online Slots for Real Money in South Africa
2026-10-07 07:00:54,127 [INFO] Rank 8 | playtsogo.co.za | playTSOGO | Online Sportsbook Betting in South Africa
2026-10-07 07:00:55,896 [INFO] Rank 9 | youtube.com | Most Popular Online Slots: Top 5 Games You Need to Try!
2026-10-07 07:00:57,920 [INFO] Rank 10 | zalebs.com | Top 20 Online Casinos in South Africa
2026-10-07 07:00:57,920 [INFO] SERP extraction complete: 10/10 organic results
2026-10-07 07:00:57,938 [INFO] Updated 10 SERP rows for 2026-10-07 at 07:00
2026-10-07 07:00:57,960 [INFO] Excel workbook saved: C:\Users\santhm\Desktop\SERP_Monitor\SERP_Monitor\scripts\online_slots_rankings.xlsx
============================================================
HOLLYWOODBETS SEO SERP CHECK
============================================================
Keyword: Online Slots
Date: 2026-10-07
Capture hour: 07:00
Organic results collected: 10
------------------------------------------------------------
1. Betway | betway.co.za
2. Hollywoodbets | hollywoodbets.net
3. Google Play | play.google.com
4. Foxybingo | foxybingo.com
5. Worldsportsbetting | worldsportsbetting.co.za
6. Playojo | playojo.com
7. Betolimp | betolimp.co.za
8. Playtsogo | playtsogo.co.za
9. Youtube | youtube.com
10. Zalebs | zalebs.com
------------------------------------------------------------
Hollywoodbets rank: 2
Results saved: C:\Users\santhm\Desktop\SERP_Monitor\SERP_Monitor\scripts\online_slots_rankings.xlsx
============================================================
2026-10-07 07:00:58,266 [INFO] Browser closed.
SEO_SERP_Monitor_online_slots completed successfully.
------------------------------------------------------------
Starting SEO_SERP_Monitor_soccer_betting...
2026-10-07 07:00:58,788 [INFO] ============================================================
2026-10-07 07:00:58,789 [INFO] Run start: 2026-10-07T07:00:58.788858+02:00 | keyword=Soccer Betting
2026-10-07 07:00:58,789 [INFO] Starting Playwright with dedicated SERP Chrome profile: C:\Users\santhm\Desktop\SERP_Monitor\SERP_Monitor\scripts\serp_chrome_profile_soccer_betting
2026-10-07 07:00:58,790 [INFO] Headless mode: False
2026-10-07 07:00:59,733 [INFO] Persistent Chrome context ready.
2026-10-07 07:00:59,770 [INFO] GET https://www.google.com/search?q=Soccer+Betting&hl=en&gl=za&num=20&pws=0
2026-10-07 07:01:03,892 [INFO] SERP loaded.
2026-10-07 07:01:03,894 [INFO] SERP candidates found (H3): 10
2026-10-07 07:01:04,688 [INFO] Rank 1 | worldsportsbetting.co.za | AI Mode reply for Soccer Betting
2026-10-07 07:01:06,369 [INFO] Rank 2 | sportingbet.co.za | Soccer Betting & Football Betting South Africa
2026-10-07 07:01:08,263 [INFO] Rank 3 | betway.com | Football Betting & Football Odds 2026
2026-10-07 07:01:10,379 [INFO] Rank 4 | betolimp.co.za | Soccer Betting South Africa
2026-10-07 07:01:11,101 [INFO] Rank 5 | bet.co.za | Sports - Soccer - Competitions
2026-10-07 07:01:12,867 [INFO] Rank 6 | sportpesa.co.za | Soccer betting odds | SportPesa South Africa
2026-10-07 07:01:13,584 [INFO] Rank 7 | easybet.co.za | Soccer
2026-10-07 07:01:14,523 [INFO] Rank 8 | supersportbet.com | soccer betting
2026-10-07 07:01:16,351 [INFO] Rank 9 | youtube.com | How To Bet On Soccer - The Complete Guide
2026-10-07 07:01:16,351 [INFO] SERP extraction complete: 9/10 organic results
2026-10-07 07:01:16,374 [INFO] Updated 9 SERP rows for 2026-10-07 at 07:00
2026-10-07 07:01:16,402 [WARNING] Excel file is locked; retrying save (1/5)...
2026-10-07 07:01:17,922 [INFO] Excel workbook saved: C:\Users\santhm\Desktop\SERP_Monitor\SERP_Monitor\scripts\soccer_betting_rankings.xlsx
============================================================
HOLLYWOODBETS SEO SERP CHECK
============================================================
Keyword: Soccer Betting
Date: 2026-10-07
Capture hour: 07:00
Organic results collected: 9
------------------------------------------------------------
1. Worldsportsbetting | worldsportsbetting.co.za
2. Sportingbet | sportingbet.co.za
3. Betway | betway.com
4. Betolimp | betolimp.co.za
5. Bet | bet.co.za
6. Sportpesa | sportpesa.co.za
7. Easybet | easybet.co.za
8. Supersportbet | supersportbet.com
9. Youtube | youtube.com
------------------------------------------------------------
Hollywoodbets rank: None
Results saved: C:\Users\santhm\Desktop\SERP_Monitor\SERP_Monitor\scripts\soccer_betting_rankings.xlsx
============================================================
2026-10-07 07:01:18,214 [INFO] Browser closed.
SEO_SERP_Monitor_soccer_betting completed successfully.
Starting Excel to PostgreSQL sync (first pass)...
aviator_rankings.xlsx: captures created=1, existing captures refreshed=16.
lucky_numbers_rankings.xlsx: captures created=1, existing captures refreshed=16.
online_slots_rankings.xlsx: captures created=1, existing captures refreshed=16.
soccer_betting_rankings.xlsx: captures created=1, existing captures refreshed=16.
Imported all real Excel data: captures created=4, existing captures refreshed=64.
Excel to PostgreSQL sync completed successfully (first pass).
============================================================
[2026/10/07  7:01:19,44] CAPTURE + SYNC COMPLETE
============================================================
============================================================
[2026/10/07  8:00:03,30] CAPTURE + SYNC START
============================================================
------------------------------------------------------------
Starting SEO_SERP_Monitor_aviator...
2026-10-07 08:00:03,840 [INFO] ============================================================
2026-10-07 08:00:03,840 [INFO] Run start: 2026-10-07T08:00:03.840711+02:00 | keyword=Aviator
2026-10-07 08:00:03,841 [INFO] Starting Playwright with dedicated SERP Chrome profile: C:\Users\santhm\Desktop\SERP_Monitor\SERP_Monitor\scripts\serp_chrome_profile_aviator
2026-10-07 08:00:03,841 [INFO] Headless mode: False
2026-10-07 08:00:04,794 [INFO] Persistent Chrome context ready.
2026-10-07 08:00:04,862 [INFO] GET https://www.google.com/search?q=Aviator&hl=en&gl=za&num=20&pws=0
2026-10-07 08:00:08,827 [INFO] SERP loaded.
2026-10-07 08:00:08,832 [INFO] SERP candidates found (H3): 10
2026-10-07 08:00:09,651 [INFO] Rank 1 | hollywoodbets.net | Play Aviator | Aviator Game | Hollywoodbets SA
2026-10-07 08:00:10,423 [INFO] Rank 2 | betway.co.za | Play Online Casino Games - Register ...
2026-10-07 08:00:11,083 [INFO] Rank 3 | betway.co.za | Play Aviator and reach for the sky | Betway Sports betting
2026-10-07 08:00:13,063 [INFO] Rank 4 | 10bet.co.za | Play Aviator Game Online | Crash Game by Spribe
2026-10-07 08:00:13,097 [INFO] Rank 5 | play.google.com | Aviator – Apps on Google Play
2026-10-07 08:00:14,513 [INFO] Rank 6 | livescore.com | How to Play Aviator on Betway 2026: Get 10 Free Flights
2026-10-07 08:00:15,558 [INFO] Rank 7 | spribe.co | Aviator
2026-10-07 08:00:17,290 [INFO] Rank 8 | en.wikipedia.org | Aircraft pilot
2026-10-07 08:00:18,133 [INFO] Rank 9 | gbets.co.za | Play Aviator Slot by SPRIBE - Crash Games
2026-10-07 08:00:20,008 [INFO] Rank 10 | betway.co.za | Play Aviator | Register and Get 10 Free Flights
2026-10-07 08:00:20,008 [INFO] SERP extraction complete: 10/10 organic results
2026-10-07 08:00:20,034 [INFO] Updated 10 SERP rows for 2026-10-07 at 08:00
2026-10-07 08:00:20,063 [INFO] Excel workbook saved: C:\Users\santhm\Desktop\SERP_Monitor\SERP_Monitor\scripts\aviator_rankings.xlsx
============================================================
HOLLYWOODBETS SEO SERP CHECK
============================================================
Keyword: Aviator
Date: 2026-10-07
Capture hour: 08:00
Organic results collected: 10
------------------------------------------------------------
1. Hollywoodbets | hollywoodbets.net
2. Betway | betway.co.za
3. Betway | betway.co.za
4. 10bet | 10bet.co.za
5. Google Play | play.google.com
6. LiveScore | livescore.com
7. SPRIBE | spribe.co
8. En | en.wikipedia.org
9. Gbets | gbets.co.za
10. Betway | betway.co.za
------------------------------------------------------------
Hollywoodbets rank: 1
Results saved: C:\Users\santhm\Desktop\SERP_Monitor\SERP_Monitor\scripts\aviator_rankings.xlsx
============================================================
2026-10-07 08:00:20,353 [INFO] Browser closed.
SEO_SERP_Monitor_aviator completed successfully.
------------------------------------------------------------
Starting SEO_SERP_Monitor_lucky_numbers...
2026-10-07 08:00:20,898 [INFO] ============================================================
2026-10-07 08:00:20,899 [INFO] Run start: 2026-10-07T08:00:20.898634+02:00 | keyword=Lucky Numbers
2026-10-07 08:00:20,899 [INFO] Starting Playwright with dedicated SERP Chrome profile: C:\Users\santhm\Desktop\SERP_Monitor\SERP_Monitor\scripts\serp_chrome_profile_lucky_numbers
2026-10-07 08:00:20,899 [INFO] Headless mode: False
2026-10-07 08:00:21,835 [INFO] Persistent Chrome context ready.
2026-10-07 08:00:21,857 [INFO] GET https://www.google.com/search?q=Lucky+Numbers&hl=en&gl=za&num=20&pws=0
2026-10-07 08:00:26,103 [INFO] SERP loaded.
2026-10-07 08:00:26,105 [INFO] SERP candidates found (H3): 10
2026-10-07 08:00:26,966 [INFO] Rank 1 | betway.co.za | Place your Lucky Numbers bets with ...
2026-10-07 08:00:28,045 [INFO] Rank 2 | tiktok.com | AI Mode replied:
2026-10-07 08:00:28,073 [INFO] Rank 3 | play.google.com | My Lucky Numbers – Apps on Google Play
2026-10-07 08:00:28,485 [INFO] Rank 4 | hollywoodbets.net | Lucky Numbers for today
2026-10-07 08:00:29,221 [INFO] Rank 5 | worldsportsbetting.co.za | Play Powerball Online | Lucky Numbers & Jackpots
2026-10-07 08:00:30,196 [INFO] Rank 6 | luckynumber.today | Today Lucky Number
2026-10-07 08:00:31,830 [INFO] Rank 7 | supersportbet.com | Dream Guide: How to Bet on Lucky Numbers and Lotteries
2026-10-07 08:00:33,273 [INFO] Rank 8 | sportybet.co.za | Lucky numbers
2026-10-07 08:00:35,486 [INFO] Rank 9 | en.wikipedia.org | Lucky number
2026-10-07 08:00:35,486 [INFO] SERP extraction complete: 9/10 organic results
2026-10-07 08:00:35,507 [INFO] Updated 9 SERP rows for 2026-10-07 at 08:00
2026-10-07 08:00:35,537 [WARNING] Excel file is locked; retrying save (1/5)...
2026-10-07 08:00:37,059 [INFO] Excel workbook saved: C:\Users\santhm\Desktop\SERP_Monitor\SERP_Monitor\scripts\lucky_numbers_rankings.xlsx
============================================================
HOLLYWOODBETS SEO SERP CHECK
============================================================
Keyword: Lucky Numbers
Date: 2026-10-07
Capture hour: 08:00
Organic results collected: 9
------------------------------------------------------------
1. Betway | betway.co.za
2. Tiktok | tiktok.com
3. Google Play | play.google.com
4. Hollywoodbets | hollywoodbets.net
5. Worldsportsbetting | worldsportsbetting.co.za
6. Luckynumber | luckynumber.today
7. Supersportbet | supersportbet.com
8. Sportybet | sportybet.co.za
9. En | en.wikipedia.org
------------------------------------------------------------
Hollywoodbets rank: 4
Results saved: C:\Users\santhm\Desktop\SERP_Monitor\SERP_Monitor\scripts\lucky_numbers_rankings.xlsx
============================================================
2026-10-07 08:00:37,265 [INFO] Browser closed.
SEO_SERP_Monitor_lucky_numbers completed successfully.
------------------------------------------------------------
Starting SEO_SERP_Monitor_online_slots...
2026-10-07 08:00:37,825 [INFO] ============================================================
2026-10-07 08:00:37,825 [INFO] Run start: 2026-10-07T08:00:37.825451+02:00 | keyword=Online Slots
2026-10-07 08:00:37,826 [INFO] Starting Playwright with dedicated SERP Chrome profile: C:\Users\santhm\Desktop\SERP_Monitor\SERP_Monitor\scripts\serp_chrome_profile_online_slots
2026-10-07 08:00:37,826 [INFO] Headless mode: False
2026-10-07 08:00:38,778 [INFO] Persistent Chrome context ready.
2026-10-07 08:00:38,804 [INFO] GET https://www.google.com/search?q=Online+Slots&hl=en&gl=za&num=20&pws=0
2026-10-07 08:00:42,671 [INFO] SERP loaded.
2026-10-07 08:00:42,674 [INFO] SERP candidates found (H3): 10
2026-10-07 08:00:43,327 [INFO] Rank 1 | betway.co.za | Online Slots Games | Betway | Register & Get Free Spins
2026-10-07 08:00:43,742 [INFO] Rank 2 | hollywoodbets.net | Online Slot Games
2026-10-07 08:00:44,534 [INFO] Rank 3 | worldsportsbetting.co.za | Online Slot Games | Play Real Money ...
2026-10-07 08:00:44,572 [INFO] Rank 4 | play.google.com | Slots online – Apps on Google Play
2026-10-07 08:00:48,761 [INFO] Rank 5 | betolimp.co.za | Play Online Slots for Real Money in South Africa
2026-10-07 08:00:49,559 [INFO] Rank 6 | foxybingo.com | Play Online Slots UK | Foxy Games
2026-10-07 08:00:50,890 [INFO] Rank 7 | supersportbet.com | Online Casino Games | Slots, Crash & Live Dealer
2026-10-07 08:00:52,737 [INFO] Rank 8 | betway.com | Play Slot Games Online
2026-10-07 08:00:53,830 [INFO] Rank 9 | playtsogo.co.za | playTSOGO | Online Sportsbook Betting in South Africa
2026-10-07 08:01:00,248 [INFO] Rank 10 | casino.com | Online Slots South Africa | Casino Reviews & Game Guide
2026-10-07 08:01:00,248 [INFO] SERP extraction complete: 10/10 organic results
2026-10-07 08:01:00,271 [INFO] Updated 10 SERP rows for 2026-10-07 at 08:00
2026-10-07 08:01:00,303 [INFO] Excel workbook saved: C:\Users\santhm\Desktop\SERP_Monitor\SERP_Monitor\scripts\online_slots_rankings.xlsx
============================================================
HOLLYWOODBETS SEO SERP CHECK
============================================================
Keyword: Online Slots
Date: 2026-10-07
Capture hour: 08:00
Organic results collected: 10
------------------------------------------------------------
1. Betway | betway.co.za
2. Hollywoodbets | hollywoodbets.net
3. Worldsportsbetting | worldsportsbetting.co.za
4. Google Play | play.google.com
5. Betolimp | betolimp.co.za
6. Foxybingo | foxybingo.com
7. Supersportbet | supersportbet.com
8. Betway | betway.com
9. Playtsogo | playtsogo.co.za
10. Casino | casino.com
------------------------------------------------------------
Hollywoodbets rank: 2
Results saved: C:\Users\santhm\Desktop\SERP_Monitor\SERP_Monitor\scripts\online_slots_rankings.xlsx
============================================================
2026-10-07 08:01:00,523 [INFO] Browser closed.
SEO_SERP_Monitor_online_slots completed successfully.
------------------------------------------------------------
Starting SEO_SERP_Monitor_soccer_betting...
2026-10-07 08:01:01,100 [INFO] ============================================================
2026-10-07 08:01:01,100 [INFO] Run start: 2026-10-07T08:01:01.100331+02:00 | keyword=Soccer Betting
2026-10-07 08:01:01,101 [INFO] Starting Playwright with dedicated SERP Chrome profile: C:\Users\santhm\Desktop\SERP_Monitor\SERP_Monitor\scripts\serp_chrome_profile_soccer_betting
2026-10-07 08:01:01,101 [INFO] Headless mode: False
2026-10-07 08:01:01,984 [INFO] Persistent Chrome context ready.
2026-10-07 08:01:02,007 [INFO] GET https://www.google.com/search?q=Soccer+Betting&hl=en&gl=za&num=20&pws=0
2026-10-07 08:01:06,101 [INFO] SERP loaded.
2026-10-07 08:01:06,104 [INFO] SERP candidates found (H3): 10
2026-10-07 08:01:08,129 [INFO] Rank 1 | youtube.com | AI Mode reply for Soccer Betting
2026-10-07 08:01:08,882 [INFO] Rank 2 | worldsportsbetting.co.za | Soccer Betting | Premier League, PSL & More
2026-10-07 08:01:23,053 [INFO] Rank 3 | sportingbet.co.za | Soccer Betting & Football Betting South Africa
2026-10-07 08:01:25,150 [INFO] Rank 4 | betway.com | Football Betting & Football Odds 2026
2026-10-07 08:01:27,711 [INFO] Rank 5 | betolimp.co.za | Soccer Betting South Africa
2026-10-07 08:01:28,932 [INFO] Rank 6 | supersportbet.com | Soccer
2026-10-07 08:01:29,929 [INFO] Rank 7 | bet.co.za | Sports - Soccer - Competitions
2026-10-07 08:01:30,715 [INFO] Rank 8 | easybet.co.za | Soccer
2026-10-07 08:01:32,531 [INFO] Rank 9 | sportpesa.co.za | Soccer betting odds | SportPesa South Africa
2026-10-07 08:01:33,258 [INFO] Rank 10 | hollywoodbets.net | Hollywoodbets Soccer Betting | Latest Soccer Odds
2026-10-07 08:01:33,259 [INFO] SERP extraction complete: 10/10 organic results
2026-10-07 08:01:33,282 [INFO] Updated 10 SERP rows for 2026-10-07 at 08:00
2026-10-07 08:01:33,311 [WARNING] Excel file is locked; retrying save (1/5)...
2026-10-07 08:01:34,829 [INFO] Excel workbook saved: C:\Users\santhm\Desktop\SERP_Monitor\SERP_Monitor\scripts\soccer_betting_rankings.xlsx
============================================================
HOLLYWOODBETS SEO SERP CHECK
============================================================
Keyword: Soccer Betting
Date: 2026-10-07
Capture hour: 08:00
Organic results collected: 10
------------------------------------------------------------
1. Youtube | youtube.com
2. Worldsportsbetting | worldsportsbetting.co.za
3. Sportingbet | sportingbet.co.za
4. Betway | betway.com
5. Betolimp | betolimp.co.za
6. Supersportbet | supersportbet.com
7. Bet | bet.co.za
8. Easybet | easybet.co.za
9. Sportpesa | sportpesa.co.za
10. Hollywoodbets | hollywoodbets.net
------------------------------------------------------------
Hollywoodbets rank: 10
Results saved: C:\Users\santhm\Desktop\SERP_Monitor\SERP_Monitor\scripts\soccer_betting_rankings.xlsx
============================================================
2026-10-07 08:01:35,056 [INFO] Browser closed.
SEO_SERP_Monitor_soccer_betting completed successfully.
Starting Excel to PostgreSQL sync (first pass)...
aviator_rankings.xlsx: captures created=1, existing captures refreshed=17.
lucky_numbers_rankings.xlsx: captures created=1, existing captures refreshed=17.
online_slots_rankings.xlsx: captures created=1, existing captures refreshed=17.
soccer_betting_rankings.xlsx: captures created=1, existing captures refreshed=17.
Imported all real Excel data: captures created=4, existing captures refreshed=68.
Excel to PostgreSQL sync completed successfully (first pass).
============================================================
[2026/10/07  8:01:36,30] CAPTURE + SYNC COMPLETE
============================================================
============================================================
[2026/10/07  9:00:07,24] CAPTURE + SYNC START
============================================================
------------------------------------------------------------
Starting SEO_SERP_Monitor_aviator...
2026-10-07 09:00:07,800 [INFO] ============================================================
2026-10-07 09:00:07,801 [INFO] Run start: 2026-10-07T09:00:07.800818+02:00 | keyword=Aviator
2026-10-07 09:00:07,801 [INFO] Starting Playwright with dedicated SERP Chrome profile: C:\Users\santhm\Desktop\SERP_Monitor\SERP_Monitor\scripts\serp_chrome_profile_aviator
2026-10-07 09:00:07,801 [INFO] Headless mode: False
2026-10-07 09:00:08,773 [INFO] Persistent Chrome context ready.
2026-10-07 09:00:08,799 [INFO] GET https://www.google.com/search?q=Aviator&hl=en&gl=za&num=20&pws=0
2026-10-07 09:00:13,847 [INFO] SERP loaded.
2026-10-07 09:00:13,849 [INFO] SERP candidates found (H3): 10
2026-10-07 09:00:14,338 [INFO] Rank 1 | hollywoodbets.net | Play Aviator | Aviator Game | Hollywoodbets SA
2026-10-07 09:00:15,028 [INFO] Rank 2 | betway.co.za | Play Online Casino Games - Register ...
2026-10-07 09:00:15,781 [INFO] Rank 3 | betway.co.za | Play Aviator and reach for the sky | Betway Sports betting
2026-10-07 09:00:16,969 [INFO] Rank 4 | 10bet.co.za | Play Aviator Game Online | Crash Game by Spribe
2026-10-07 09:00:17,013 [INFO] Rank 5 | play.google.com | Aviator – Apps on Google Play
2026-10-07 09:00:18,271 [INFO] Rank 6 | livescore.com | How to Play Aviator on Betway 2026: Get 10 Free Flights
2026-10-07 09:00:19,702 [INFO] Rank 7 | spribe.co | Aviator
2026-10-07 09:00:21,446 [INFO] Rank 8 | en.wikipedia.org | Aircraft pilot
2026-10-07 09:00:22,306 [INFO] Rank 9 | gbets.co.za | Play Aviator Slot by SPRIBE - Crash Games
2026-10-07 09:00:23,393 [INFO] Rank 10 | betway.co.za | Play Aviator | Register and Get 10 Free Flights
2026-10-07 09:00:23,393 [INFO] SERP extraction complete: 10/10 organic results
2026-10-07 09:00:23,415 [INFO] Updated 10 SERP rows for 2026-10-07 at 09:00
2026-10-07 09:00:23,445 [INFO] Excel workbook saved: C:\Users\santhm\Desktop\SERP_Monitor\SERP_Monitor\scripts\aviator_rankings.xlsx
============================================================
HOLLYWOODBETS SEO SERP CHECK
============================================================
Keyword: Aviator
Date: 2026-10-07
Capture hour: 09:00
Organic results collected: 10
------------------------------------------------------------
1. Hollywoodbets | hollywoodbets.net
2. Betway | betway.co.za
3. Betway | betway.co.za
4. 10bet | 10bet.co.za
5. Google Play | play.google.com
6. LiveScore | livescore.com
7. SPRIBE | spribe.co
8. En | en.wikipedia.org
9. Gbets | gbets.co.za
10. Betway | betway.co.za
------------------------------------------------------------
Hollywoodbets rank: 1
Results saved: C:\Users\santhm\Desktop\SERP_Monitor\SERP_Monitor\scripts\aviator_rankings.xlsx
============================================================
2026-10-07 09:00:23,777 [INFO] Browser closed.
SEO_SERP_Monitor_aviator completed successfully.
------------------------------------------------------------
Starting SEO_SERP_Monitor_lucky_numbers...
2026-10-07 09:00:24,355 [INFO] ============================================================
2026-10-07 09:00:24,355 [INFO] Run start: 2026-10-07T09:00:24.355630+02:00 | keyword=Lucky Numbers
2026-10-07 09:00:24,356 [INFO] Starting Playwright with dedicated SERP Chrome profile: C:\Users\santhm\Desktop\SERP_Monitor\SERP_Monitor\scripts\serp_chrome_profile_lucky_numbers
2026-10-07 09:00:24,356 [INFO] Headless mode: False
2026-10-07 09:00:25,311 [INFO] Persistent Chrome context ready.
2026-10-07 09:00:25,334 [INFO] GET https://www.google.com/search?q=Lucky+Numbers&hl=en&gl=za&num=20&pws=0
2026-10-07 09:00:29,566 [INFO] SERP loaded.
2026-10-07 09:00:29,569 [INFO] SERP candidates found (H3): 11
2026-10-07 09:00:30,397 [INFO] Rank 1 | betway.co.za | Place your Lucky Numbers bets with ...
2026-10-07 09:00:31,201 [INFO] Rank 2 | tiktok.com | AI Mode replied:
2026-10-07 09:00:31,631 [INFO] Rank 3 | hollywoodbets.net | Lucky Numbers for today
2026-10-07 09:00:31,668 [INFO] Rank 4 | play.google.com | Today Lucky Numbers – Apps on Google Play
2026-10-07 09:00:32,491 [INFO] Rank 5 | worldsportsbetting.co.za | Play Powerball Online | Lucky Numbers & Jackpots
2026-10-07 09:00:33,561 [INFO] Rank 6 | luckynumber.today | Today Lucky Number
2026-10-07 09:00:35,607 [INFO] Rank 7 | en.wikipedia.org | Lucky number
2026-10-07 09:00:36,476 [INFO] Rank 8 | supersportbet.com | Lucky Numbers
2026-10-07 09:00:36,900 [INFO] Rank 9 | hollywoodbets.net | Lucky Numbers Results for Today | Hollywoodbets SA
2026-10-07 09:00:38,410 [INFO] Rank 10 | za.pinterest.com | Lucky numbers for lottery
2026-10-07 09:00:38,410 [INFO] SERP extraction complete: 10/10 organic results
2026-10-07 09:00:38,429 [INFO] Updated 10 SERP rows for 2026-10-07 at 09:00
2026-10-07 09:00:38,456 [INFO] Excel workbook saved: C:\Users\santhm\Desktop\SERP_Monitor\SERP_Monitor\scripts\lucky_numbers_rankings.xlsx
============================================================
HOLLYWOODBETS SEO SERP CHECK
============================================================
Keyword: Lucky Numbers
Date: 2026-10-07
Capture hour: 09:00
Organic results collected: 10
------------------------------------------------------------
1. Betway | betway.co.za
2. Tiktok | tiktok.com
3. Hollywoodbets | hollywoodbets.net
4. Google Play | play.google.com
5. Worldsportsbetting | worldsportsbetting.co.za
6. Luckynumber | luckynumber.today
7. En | en.wikipedia.org
8. Supersportbet | supersportbet.com
9. Hollywoodbets | hollywoodbets.net
10. Za | za.pinterest.com
------------------------------------------------------------
Hollywoodbets rank: 3
Results saved: C:\Users\santhm\Desktop\SERP_Monitor\SERP_Monitor\scripts\lucky_numbers_rankings.xlsx
============================================================
2026-10-07 09:00:38,691 [INFO] Browser closed.
SEO_SERP_Monitor_lucky_numbers completed successfully.
------------------------------------------------------------
Starting SEO_SERP_Monitor_online_slots...
2026-10-07 09:00:39,209 [INFO] ============================================================
2026-10-07 09:00:39,209 [INFO] Run start: 2026-10-07T09:00:39.209067+02:00 | keyword=Online Slots
2026-10-07 09:00:39,209 [INFO] Starting Playwright with dedicated SERP Chrome profile: C:\Users\santhm\Desktop\SERP_Monitor\SERP_Monitor\scripts\serp_chrome_profile_online_slots
2026-10-07 09:00:39,210 [INFO] Headless mode: False
2026-10-07 09:00:40,147 [INFO] Persistent Chrome context ready.
2026-10-07 09:00:40,170 [INFO] GET https://www.google.com/search?q=Online+Slots&hl=en&gl=za&num=20&pws=0
2026-10-07 09:00:44,317 [INFO] SERP loaded.
2026-10-07 09:00:44,319 [INFO] SERP candidates found (H3): 10
2026-10-07 09:00:45,013 [INFO] Rank 1 | betway.co.za | Online Slots Games | Betway | Register & Get Free Spins
2026-10-07 09:00:45,444 [INFO] Rank 2 | hollywoodbets.net | Online Slot Games
2026-10-07 09:00:46,377 [INFO] Rank 3 | worldsportsbetting.co.za | Online Slot Games | Play Real Money ...
2026-10-07 09:00:46,419 [INFO] Rank 4 | play.google.com | Slots online – Apps on Google Play
2026-10-07 09:00:49,182 [INFO] Rank 5 | betolimp.co.za | Play Online Slots for Real Money in South Africa
2026-10-07 09:00:49,646 [INFO] Rank 6 | foxybingo.com | Play Online Slots UK | Foxy Games
2026-10-07 09:00:50,274 [INFO] Rank 7 | supersportbet.com | Casino Games: Slots, Aviator, Roulette & More
2026-10-07 09:00:53,317 [INFO] Rank 8 | hltv.org | Best Online Slot Games in September 2026
2026-10-07 09:00:54,806 [INFO] Rank 9 | betway.com | Play Slot Games Online
2026-10-07 09:00:56,121 [INFO] Rank 10 | playtsogo.co.za | playTSOGO | Online Sportsbook Betting in South Africa
2026-10-07 09:00:56,121 [INFO] SERP extraction complete: 10/10 organic results
2026-10-07 09:00:56,144 [INFO] Updated 10 SERP rows for 2026-10-07 at 09:00
2026-10-07 09:00:56,176 [INFO] Excel workbook saved: C:\Users\santhm\Desktop\SERP_Monitor\SERP_Monitor\scripts\online_slots_rankings.xlsx
============================================================
HOLLYWOODBETS SEO SERP CHECK
============================================================
Keyword: Online Slots
Date: 2026-10-07
Capture hour: 09:00
Organic results collected: 10
------------------------------------------------------------
1. Betway | betway.co.za
2. Hollywoodbets | hollywoodbets.net
3. Worldsportsbetting | worldsportsbetting.co.za
4. Google Play | play.google.com
5. Betolimp | betolimp.co.za
6. Foxybingo | foxybingo.com
7. Supersportbet | supersportbet.com
8. Hltv | hltv.org
9. Betway | betway.com
10. Playtsogo | playtsogo.co.za
------------------------------------------------------------
Hollywoodbets rank: 2
Results saved: C:\Users\santhm\Desktop\SERP_Monitor\SERP_Monitor\scripts\online_slots_rankings.xlsx
============================================================
2026-10-07 09:00:56,460 [INFO] Browser closed.
SEO_SERP_Monitor_online_slots completed successfully.
------------------------------------------------------------
Starting SEO_SERP_Monitor_soccer_betting...
2026-10-07 09:00:57,007 [INFO] ============================================================
2026-10-07 09:00:57,008 [INFO] Run start: 2026-10-07T09:00:57.007832+02:00 | keyword=Soccer Betting
2026-10-07 09:00:57,008 [INFO] Starting Playwright with dedicated SERP Chrome profile: C:\Users\santhm\Desktop\SERP_Monitor\SERP_Monitor\scripts\serp_chrome_profile_soccer_betting
2026-10-07 09:00:57,008 [INFO] Headless mode: False
2026-10-07 09:00:57,926 [INFO] Persistent Chrome context ready.
2026-10-07 09:00:57,952 [INFO] GET https://www.google.com/search?q=Soccer+Betting&hl=en&gl=za&num=20&pws=0
2026-10-07 09:01:01,912 [INFO] SERP loaded.
2026-10-07 09:01:01,914 [INFO] SERP candidates found (H3): 10
2026-10-07 09:01:02,852 [INFO] Rank 1 | worldsportsbetting.co.za | AI Mode reply for Soccer Betting
2026-10-07 09:01:04,739 [INFO] Rank 2 | sportingbet.co.za | Soccer Betting & Football Betting South Africa
2026-10-07 09:01:07,232 [INFO] Rank 3 | betway.com | Football Betting & Football Odds 2026
2026-10-07 09:01:08,327 [INFO] Rank 4 | supersportbet.com | Soccer
2026-10-07 09:01:11,586 [INFO] Rank 5 | betolimp.co.za | Soccer Betting South Africa
2026-10-07 09:01:12,690 [INFO] Rank 6 | bet.co.za | Sports - Soccer - Competitions
2026-10-07 09:01:13,516 [INFO] Rank 7 | easybet.co.za | Soccer
2026-10-07 09:01:16,183 [INFO] Rank 8 | sportpesa.co.za | Soccer betting odds | SportPesa South Africa
2026-10-07 09:01:18,022 [INFO] Rank 9 | youtube.com | How To Bet On Soccer - The Complete Guide
2026-10-07 09:01:18,022 [INFO] SERP extraction complete: 9/10 organic results
2026-10-07 09:01:18,046 [INFO] Updated 9 SERP rows for 2026-10-07 at 09:00
2026-10-07 09:01:18,076 [WARNING] Excel file is locked; retrying save (1/5)...
2026-10-07 09:01:19,594 [INFO] Excel workbook saved: C:\Users\santhm\Desktop\SERP_Monitor\SERP_Monitor\scripts\soccer_betting_rankings.xlsx
============================================================
HOLLYWOODBETS SEO SERP CHECK
============================================================
Keyword: Soccer Betting
Date: 2026-10-07
Capture hour: 09:00
Organic results collected: 9
------------------------------------------------------------
1. Worldsportsbetting | worldsportsbetting.co.za
2. Sportingbet | sportingbet.co.za
3. Betway | betway.com
4. Supersportbet | supersportbet.com
5. Betolimp | betolimp.co.za
6. Bet | bet.co.za
7. Easybet | easybet.co.za
8. Sportpesa | sportpesa.co.za
9. Youtube | youtube.com
------------------------------------------------------------
Hollywoodbets rank: None
Results saved: C:\Users\santhm\Desktop\SERP_Monitor\SERP_Monitor\scripts\soccer_betting_rankings.xlsx
============================================================
2026-10-07 09:01:19,935 [INFO] Browser closed.
SEO_SERP_Monitor_soccer_betting completed successfully.
Starting Excel to PostgreSQL sync (first pass)...
aviator_rankings.xlsx: captures created=1, existing captures refreshed=18.
lucky_numbers_rankings.xlsx: captures created=1, existing captures refreshed=18.
online_slots_rankings.xlsx: captures created=1, existing captures refreshed=18.
soccer_betting_rankings.xlsx: captures created=1, existing captures refreshed=18.
Imported all real Excel data: captures created=4, existing captures refreshed=72.
Excel to PostgreSQL sync completed successfully (first pass).
============================================================
[2026/10/07  9:01:21,17] CAPTURE + SYNC COMPLETE
============================================================
